Longitude,Latitude,Altitude,Slope,Curve,Speed,EC_DP,Red,IR,Moisture,Soil_Temp_C
-111.7077334,33.0822316,385.9,1.3437,-0.023,1.7,256.81,384.94,1266.85,27.14,19.25
-111.7077484,33.0822333,385.6,1.343,-0.0228,1.81,270.38,383.32,1263.74,27.18,19.24
-111.7077584,33.0822316,385.3,1.343,-0.0227,1.89,277.89,382.25,1261.39,27.21,19.23
-111.7077666,33.0822316,385.3,1.3427,-0.0225,1.98,283.25,381.31,1259.06,27.24,19.21
-111.7077734,33.0822316,385.2,1.3424,-0.0224,2.07,287.07,380.55,1256.96,27.27,19.2
-111.7077734,33.0822333,384.7,1.3421,-0.0225,2.07,287.09,380.54,1256.93,27.27,19.2
-111.707785,33.0822333,384.7,1.3415,-0.0222,2.24,292.45,379.22,1252.78,27.34,19.16
-111.7078,33.082235,384.7,1.3401,-0.0217,2.52,297.58,377.43,1246.24,27.44,19.1
-111.707815,33.082235,384.6,1.339,-0.0212,2.85,301.33,375.54,1238.58,27.56,19.03
-111.7078333,33.082235,384.5,1.3372,-0.0204,3.28,304.64,373.13,1228.92,27.73,18.94
-111.7078534,33.082235,384.5,1.3348,-0.0192,3.71,307.41,370.89,1220.32,27.92,18.87
-111.7078734,33.0822333,384.6,1.3315,-0.0177,4.05,307.5,369.98,1215.54,28.09,18.84
-111.7079184,33.0822333,384.7,1.3206,-0.0133,4.37,299.12,371.15,1211.87,28.32,18.76
-111.70794,33.0822333,384.7,1.3141,-0.0109,4.34,297.11,369.31,1207.97,28.32,18.68
-111.7079617,33.0822333,384.7,1.3066,-0.0081,4.27,301.66,366.12,1201.86,28.27,18.6
-111.7079817,33.0822316,384.7,1.2992,-0.0056,4.19,311.25,363.27,1194.75,28.18,18.55
-111.7080016,33.0822316,384.8,1.2908,-0.0031,4.09,321.82,361.62,1188.6,28.07,18.52
-111.7080217,33.0822316,384.9,1.2818,-0.0008,3.96,328.93,361.82,1185.92,27.94,18.5
-111.7080416,33.0822316,384.9,1.272,0.0014,3.82,330.65,363.79,1188.32,27.82,18.49
-111.7080584,33.0822316,384.8,1.2639,0.003,3.7,329.26,366.15,1193.83,27.73,18.5
-111.7080767,33.0822316,384.7,1.2542,0.0046,3.6,327.25,368.61,1201.56,27.66,18.53
-111.7080933,33.0822316,384.7,1.2457,0.0057,3.54,325.68,370.33,1208.27,27.63,18.56
-111.70811,33.0822316,384.8,1.2371,0.0066,3.51,325.68,371.51,1213.39,27.6,18.57
-111.708125,33.08223,384.8,1.2292,0.0073,3.53,327.86,372.33,1216.23,27.59,18.56
-111.7081416,33.08223,384.8,1.2202,0.0078,3.58,334.98,373.14,1217.56,27.57,18.52
-111.70816,33.08223,384.7,1.2095,0.0083,3.68,349.79,373.81,1217.03,27.55,18.47
-111.7081784,33.08223,384.7,1.1986,0.0085,3.82,371.1,373.81,1214.65,27.52,18.41
-111.7081967,33.0822283,384.8,1.187,0.0086,3.97,395.71,372.7,1210.4,27.49,18.36
-111.7082183,33.0822283,384.9,1.1738,0.0086,4.13,424.87,370.21,1203.71,27.45,18.33
-111.70824,33.0822283,384.9,1.159,0.0086,4.23,452.9,367.61,1198.4,27.42,18.29
-111.70826,33.0822266,384.9,1.146,0.0084,4.26,477.77,366.35,1197.72,27.41,18.25
-111.70828,33.0822266,384.8,1.1324,0.0081,4.25,500.21,366.99,1201.15,27.4,18.21
-111.7083017,33.0822266,384.9,1.1164,0.0077,4.22,515.09,369.23,1206.85,27.4,18.17
-111.7083217,33.0822266,385,1.1002,0.0075,4.19,512.23,371.34,1210.85,27.4,18.15
-111.70834,33.0822266,385,1.0836,0.0072,4.16,491.18,372.14,1212.12,27.4,18.15
-111.7083617,33.0822266,385,1.0619,0.007,4.14,447.15,371.42,1211.56,27.4,18.15
-111.70838,33.0822266,385,1.0433,0.0069,4.12,402.04,370.14,1211.09,27.41,18.15
-111.7084,33.0822283,385.1,1.0199,0.0068,4.11,356.23,369.04,1212.13,27.43,18.15
-111.70842,33.08223,385.2,0.9967,0.0067,4.1,323.7,368.8,1214.5,27.46,18.14
-111.7084384,33.08223,385.3,0.9758,0.0067,4.09,308.06,369.46,1216.7,27.5,18.12
-111.7084583,33.08223,385.3,0.9517,0.0066,4.09,303.15,371.07,1217.7,27.57,18.1
-111.7084784,33.08223,385.3,0.9263,0.0066,4.1,302.86,373.34,1217.13,27.66,18.07
-111.7085,33.08223,385.3,0.898,0.0066,4.12,301.66,375.61,1215.08,27.78,18.06
-111.70852,33.0822283,385.4,0.8714,0.0066,4.15,297.38,376.82,1212.61,27.89,18.05
-111.7085417,33.0822283,385.5,0.8418,0.0066,4.17,292.53,376.92,1211.37,28,18.06
-111.7085634,33.0822283,385.5,0.8125,0.0066,4.19,291.33,376.62,1214.36,28.09,18.06
-111.7085833,33.0822283,385.5,0.7876,0.0067,4.2,294.89,376.71,1220.53,28.15,18.08
-111.708605,33.0822283,385.6,0.7595,0.0068,4.22,303.45,377.45,1227.85,28.2,18.1
-111.708625,33.0822283,385.7,0.732,0.007,4.24,312.87,378.35,1232.68,28.23,18.13
-111.7086467,33.0822283,385.7,0.7047,0.0074,4.27,319.17,378.86,1236.17,28.26,18.15
-111.7086667,33.0822283,385.7,0.6762,0.0085,4.3,316.83,378.45,1239,28.28,18.16
-111.7086884,33.0822283,385.8,0.6476,0.0095,4.33,306.4,377.33,1242.07,28.28,18.16
-111.70871,33.0822283,385.9,0.6167,0.011,4.37,295.13,376.26,1244.28,28.26,18.12
-111.7087317,33.0822283,385.9,0.5889,0.0129,4.42,291.38,375.81,1245.31,28.21,18.07
-111.7087517,33.0822283,385.9,0.5658,0.015,4.47,297.63,375.95,1245.09,28.13,18.05
-111.7087734,33.08223,385.9,0.5378,0.0179,4.53,311.79,376.42,1243.84,28.01,18.08
-111.708795,33.08223,386,0.5107,0.0213,4.6,325.08,376.61,1241.75,27.85,18.15
-111.7088184,33.08223,386.1,0.484,0.026,4.65,328.82,376.2,1239.14,27.64,18.22
-111.7088416,33.08223,386.1,0.4585,0.0318,4.68,323.13,375.55,1236.38,27.42,18.27
-111.708865,33.08223,386.1,0.4328,0.0383,4.7,319.89,375.29,1234.23,27.19,18.33
-111.7088884,33.0822283,386.2,0.4136,0.0451,4.7,326.32,375.66,1232.92,26.99,18.38
-111.70891,33.0822283,386.3,0.3996,0.052,4.7,335.92,376.08,1231.49,26.83,18.4
-111.7089334,33.0822283,386.3,0.3812,0.0602,4.7,342.29,376.24,1229.55,26.68,18.37
-111.7089567,33.0822283,386.3,0.3689,0.0685,4.7,339.16,375.95,1228.83,26.58,18.34
-111.70898,33.0822283,386.3,0.3587,0.0776,4.69,327.31,375.96,1230.2,26.52,18.34
-111.7090017,33.0822283,386.4,0.3515,0.0859,4.68,313.38,376.63,1231.34,26.49,18.36
-111.709025,33.0822283,386.4,0.3446,0.0951,4.66,302.74,377.18,1229.76,26.48,18.42
-111.7090466,33.0822283,386.4,0.342,0.1029,4.63,300.62,376.52,1225.15,26.48,18.49
-111.70907,33.0822283,386.4,0.345,0.1106,4.6,304.46,374.34,1218.29,26.49,18.57
-111.7090917,33.0822283,386.6,0.3441,0.1179,4.57,309.36,371.99,1213.28,26.51,18.63
-111.7091134,33.0822283,386.6,0.3479,0.124,4.54,313.64,370.36,1212.6,26.55,18.66
-111.709135,33.0822283,386.6,0.3519,0.1303,4.52,318.69,369.82,1216.83,26.62,18.66
-111.7091584,33.0822283,386.6,0.3561,0.137,4.51,323.44,370.16,1223.51,26.73,18.62
-111.70918,33.0822266,386.7,0.3623,0.1426,4.52,321.1,371.18,1227.4,26.85,18.59
-111.7092034,33.0822266,386.8,0.3661,0.1481,4.54,305.35,373.2,1227.75,26.99,18.6
-111.709225,33.0822266,386.7,0.3716,0.1529,4.6,281.7,375.65,1226.26,27.11,18.62
-111.7092484,33.0822266,386.7,0.3714,0.1599,4.69,256.02,377.72,1225.55,27.23,18.65
-111.7092717,33.0822266,386.8,0.3733,0.1675,4.8,240.38,377.89,1225.21,27.32,18.66
-111.709295,33.0822266,386.8,0.3713,0.1743,4.89,236.74,376.61,1222.66,27.37,18.68
-111.70932,33.0822266,386.7,0.3672,0.1836,4.96,239.75,374.92,1217.56,27.39,18.7
-111.709345,33.0822266,386.7,0.3605,0.1935,4.99,242.73,374.02,1214.63,27.4,18.71
-111.70937,33.0822266,386.8,0.3502,0.2013,5.01,245.82,374.16,1216.1,27.4,18.71
-111.709395,33.082225,386.9,0.342,0.2046,5.04,253.59,375.3,1219.84,27.4,18.72
-111.70942,33.082225,386.8,0.3264,0.2047,5.06,266.71,376.5,1223.26,27.4,18.76
-111.709445,33.082225,386.9,0.3139,0.1971,5.08,280.83,376.89,1225.89,27.39,18.82
-111.70947,33.082225,386.9,0.3014,0.1819,5.09,289.33,376.57,1227.43,27.36,18.84
-111.7094934,33.0822233,386.9,0.2918,0.1613,5.08,285.98,376.09,1227.18,27.29,18.82
-111.7095434,33.0822233,387,0.2739,0.1032,5.02,241.9,376.35,1220.53,27.01,18.66
-111.7095667,33.0822233,387,0.2661,0.0743,5.01,229.13,377.01,1218.17,26.87,18.62
-111.7095917,33.0822233,387,0.2665,0.0451,5,223.94,377.02,1215.7,26.72,18.63
-111.7096167,33.0822233,387.1,0.2739,0.0205,5,220.31,376.07,1212.09,26.55,18.68
-111.7096399,33.0822233,387.2,0.2834,0.0031,4.99,216.76,375.01,1207.32,26.4,18.72
-111.7096634,33.0822233,387.3,0.2974,-0.0084,4.98,213.95,374.54,1202.8,26.25,18.73
-111.7096884,33.0822233,387.2,0.3173,-0.0137,4.94,214.83,375.34,1203.51,26.11,18.72
-111.7097116,33.0822216,387.2,0.3395,-0.014,4.9,220.91,377.27,1211.73,26,18.72
-111.709735,33.0822216,387.2,0.3611,-0.0112,4.85,232.65,379.22,1223.48,25.92,18.76
-111.709755,33.0822216,387.1,0.384,-0.0072,4.82,244.55,379.98,1231.78,25.87,18.82
-111.70978,33.0822216,387.1,0.4136,-0.0016,4.79,259.02,379.2,1237.09,25.84,18.88
-111.7098017,33.0822216,387.2,0.4394,0.0023,4.78,271.09,377.5,1237.25,25.84,18.93
-111.709825,33.08222,387.2,0.4668,0.0064,4.76,286.82,375.57,1234.26,25.9,18.95
-111.7098484,33.08222,387.2,0.4922,0.01,4.74,303.77,374.54,1230.16,26.01,18.95
-111.7098717,33.0822216,387.3,0.5165,0.012,4.72,316.97,374.57,1227.1,26.18,18.89
-111.7098934,33.0822216,387.4,0.5375,0.0128,4.7,322.71,374.9,1226.04,26.37,18.8
-111.7099167,33.0822216,387.3,0.5615,0.0122,4.66,321.44,374.68,1226.11,26.57,18.71
-111.7099383,33.0822216,387.4,0.5838,0.0107,4.62,311.82,373.64,1226.57,26.74,18.69
-111.70996,33.0822216,387.4,0.6053,0.0089,4.57,298.03,372.25,1226.91,26.88,18.7
-111.7099833,33.0822216,387.4,0.6273,0.0063,4.52,286.32,371.65,1227.34,26.98,18.72
-111.710005,33.0822216,387.4,0.6459,0.0054,4.49,277.94,372.62,1227.96,27.04,18.73
-111.7100268,33.0822216,387.4,0.6666,0.0035,4.49,264.01,374.66,1228.43,27.06,18.73
-111.7100484,33.0822216,387.4,0.6887,0.0022,4.51,243.48,376.83,1228.3,27.07,18.76
-111.71007,33.0822216,387.3,0.7148,0.0018,4.55,225.65,378.51,1227.42,27.08,18.82
-111.7100933,33.0822216,387.4,0.7469,0.0024,4.6,220.18,379.45,1225.82,27.09,18.89
-111.710115,33.0822216,387.4,0.7797,0.0038,4.64,225.96,379.75,1224.48,27.1,18.92
-111.7101384,33.0822216,387.5,0.8176,0.0063,4.68,235.94,379.77,1223.96,27.12,18.92
-111.7101616,33.0822216,387.6,0.8557,0.0108,4.69,244.08,378.86,1224.28,27.14,18.88
-111.7101834,33.08222,387.7,0.8927,0.0155,4.7,248.08,376.51,1224.58,27.16,18.85
-111.7102067,33.08222,387.7,0.9351,0.0202,4.7,247.05,372.95,1224.86,27.19,18.85
-111.7102284,33.08222,387.7,0.9727,0.0246,4.69,242.78,370.3,1225.69,27.22,18.87
-111.7102517,33.08222,387.8,1.0111,0.0289,4.68,240.4,369.56,1227.36,27.27,18.91
-111.7102734,33.08222,387.7,1.0455,0.0326,4.66,246.26,370.81,1228.88,27.35,18.95
-111.7102967,33.08222,387.7,1.0777,0.0359,4.64,262.36,373.15,1229.77,27.45,18.99
-111.7103183,33.0822216,387.7,1.1026,0.0376,4.62,280.82,375.34,1230.12,27.56,19.03
-111.71034,33.08222,387.6,1.1199,0.0404,4.61,295.14,377.46,1230.86,27.67,19.06
-111.7103617,33.08222,387.7,1.1346,0.0419,4.6,302,379.69,1232.2,27.76,19.08
-111.710385,33.0822183,387.7,1.137,0.0431,4.6,304.44,382.15,1233.43,27.82,19.06
-111.7104084,33.0822183,387.7,1.1313,0.0423,4.59,307.26,383.82,1233.45,27.84,19.02
-111.71043,33.0822183,387.7,1.1208,0.0413,4.58,310.47,383.5,1232.78,27.8,18.99
-111.7104517,33.0822183,387.8,1.1021,0.0394,4.55,310.07,381.01,1232.23,27.72,18.97
-111.7104734,33.0822183,387.8,1.0731,0.0349,4.51,303.57,377.41,1231.9,27.61,18.97
-111.710495,33.08222,387.7,1.0419,0.0298,4.46,294.83,374.76,1231.29,27.48,19
-111.7105166,33.0822183,387.8,1.0068,0.0225,4.4,289.73,374.36,1230.01,27.35,19.04
-111.7105366,33.0822183,387.7,0.97,0.0162,4.35,289.15,375.67,1228.3,27.26,19.09
-111.7105584,33.0822183,387.7,0.9292,0.0076,4.3,288.14,377.32,1226.18,27.2,19.12
-111.7105784,33.08222,387.7,0.8924,-0.0016,4.28,282.48,377.7,1224.4,27.18,19.13
-111.7105984,33.0822183,387.7,0.8545,-0.0115,4.3,271.74,376.95,1223.42,27.19,19.13
-111.71062,33.0822183,387.7,0.8189,-0.0229,4.35,257.03,375.9,1224,27.22,19.11
-111.7106417,33.0822183,387.8,0.7865,-0.0335,4.41,241.56,375.5,1226.79,27.25,19.08
-111.7106634,33.08222,387.8,0.7618,-0.0445,4.47,226.56,375.62,1230.98,27.27,19.05
-111.7106867,33.08222,387.9,0.7414,-0.0528,4.54,212.74,375.97,1234.96,27.28,19.02
-111.7107084,33.08222,388,0.731,-0.0576,4.6,205,376.82,1237.24,27.25,19.02
-111.71073,33.0822216,388,0.7296,-0.059,4.66,203.93,378.41,1238.98,27.19,19.06
-111.7107534,33.0822216,388,0.735,-0.058,4.71,208.94,380.46,1241.79,27.09,19.09
-111.710775,33.0822216,388,0.7477,-0.0539,4.76,215.85,382.18,1244.86,26.96,19.1
-111.7107984,33.0822216,387.9,0.7655,-0.0443,4.8,224.51,383.27,1247.39,26.81,19.09
-111.7108217,33.0822216,387.9,0.7861,-0.0343,4.85,231.75,383.79,1248.73,26.67,19.08
-111.710845,33.08222,387.9,0.8052,-0.022,4.9,238.56,384.74,1249.56,26.56,19.07
-111.71087,33.08222,387.7,0.8207,-0.008,4.96,241.56,386.49,1249.47,26.49,19.05
-111.710895,33.08222,387.8,0.8299,0.0058,5.03,241.63,387.74,1248.87,26.48,19.02
-111.71092,33.08222,387.8,0.8307,0.0186,5.09,249.1,387.87,1249.54,26.52,19.01
-111.710945,33.08222,387.8,0.8242,0.0302,5.14,270.95,387.22,1251.95,26.6,19.01
-111.7109717,33.08222,387.9,0.8073,0.0403,5.14,289.39,385.83,1254.53,26.68,19.03
-111.7109967,33.08222,387.9,0.7894,0.0484,5.1,282.1,384.18,1255.92,26.75,19.03
-111.71102,33.08222,387.9,0.7687,0.0522,5.02,265.27,382.73,1257.02,26.78,19
-111.711045,33.08222,387.9,0.7462,0.0538,4.92,264.78,381.89,1258.58,26.79,18.96
-111.7110684,33.08222,387.8,0.7265,0.0537,4.82,289.81,382.08,1260.07,26.8,18.95
-111.7110917,33.08222,387.7,0.7088,0.0515,4.74,334.11,383.14,1261.17,26.8,18.96
-111.711115,33.0822183,387.7,0.692,0.0479,4.69,380.35,384.71,1261.25,26.81,18.96
-111.7111367,33.0822183,387.6,0.6817,0.043,4.66,411.36,386.36,1260.07,26.83,18.97
-111.7111584,33.08222,387.6,0.6756,0.0377,4.62,422.19,387.46,1258.22,26.88,18.97
-111.71118,33.08222,387.7,0.6733,0.0327,4.59,417.61,387.21,1256.81,26.97,18.97
-111.711205,33.0822183,387.7,0.6754,0.0273,4.56,400.07,385.09,1256.08,27.13,18.98
-111.7112284,33.0822183,387.9,0.6809,0.0227,4.57,377.37,382.68,1255.5,27.32,19
-111.7112517,33.08222,387.9,0.6937,0.0184,4.6,351.78,381.31,1252.57,27.53,19.04
-111.711275,33.08222,388,0.7085,0.015,4.66,326.34,381.33,1246.96,27.73,19.09
-111.7112983,33.0822216,388,0.7275,0.0106,4.71,301.35,381.65,1241.34,27.89,19.13
-111.7113217,33.0822216,388,0.7446,0.009,4.75,280.29,380.6,1237.35,27.99,19.12
-111.711345,33.0822216,388,0.7629,0.0075,4.75,267.23,378.84,1234.74,28.01,19.1
-111.7113684,33.0822216,387.9,0.7802,0.0064,4.73,263.45,378.11,1230.71,27.96,19.08
-111.7113916,33.0822216,387.8,0.7965,0.0052,4.72,268.19,378.92,1225.45,27.83,19.09
-111.7114134,33.0822216,387.8,0.8105,0.0046,4.71,278.81,379.96,1222.35,27.67,19.09
-111.711435,33.0822216,387.7,0.8225,0.0041,4.71,291.44,380.06,1222.73,27.5,19.08
-111.7114567,33.0822216,387.7,0.8348,0.0036,4.73,301.24,378.85,1225.65,27.31,19.06
-111.71148,33.0822216,387.7,0.8441,0.0033,4.78,304.19,377.14,1228.85,27.14,19.06
-111.7115034,33.0822233,387.8,0.8524,0.0031,4.83,299.73,377.04,1230.92,27.02,19.07
-111.7115268,33.0822233,387.9,0.8594,0.0029,4.87,293.05,378.93,1232.2,26.96,19.09
-111.7115517,33.0822233,387.9,0.8649,0.0027,4.87,289.28,381.58,1234.3,26.94,19.11
-111.7115767,33.0822216,388,0.8679,0.0026,4.82,290.5,383.65,1238.15,26.96,19.12
-111.7115984,33.0822216,388,0.8701,0.0026,4.75,293.72,385.04,1242.38,26.97,19.13
-111.71164,33.0817633,386.6,1.6504,0.0011,1.65,247.5,380.74,1231.76,27.59,20.96
-111.711635,33.0817633,386.5,1.6503,0.0011,1.71,247.13,380.52,1230.92,27.62,20.94
-111.7116284,33.0817616,386.5,1.654,0.0011,1.78,246.56,380.24,1229.69,27.67,20.91
-111.7116184,33.0817633,386.5,1.6496,0.0011,1.9,245.52,379.81,1227.7,27.74,20.87
-111.7116117,33.0817616,386.4,1.6532,0.0012,2,244.73,379.51,1226.16,27.8,20.84
-111.7116016,33.08176,386.3,1.6563,0.0012,2.16,243.45,379.07,1223.72,27.89,20.77
-111.7115884,33.08176,386.2,1.6552,0.0013,2.4,241.85,378.55,1220.65,28,20.67
-111.7115734,33.0817583,386.2,1.6576,0.0014,2.69,240.36,378.05,1217.98,28.13,20.54
-111.7115584,33.0817566,386.1,1.6596,0.0015,2.98,239.5,377.69,1217.26,28.21,20.39
-111.7115417,33.081755,386.1,1.6607,0.0017,3.25,239.26,377.41,1219.27,28.23,20.24
-111.7115234,33.0817533,386.2,1.6636,0.0019,3.48,239.2,377.04,1223.97,28.15,20.11
-111.711505,33.0817533,386.2,1.6593,0.0021,3.64,238.84,376.56,1229.36,27.98,20
-111.711485,33.0817533,386.2,1.6468,0.0025,3.78,237.57,375.89,1234.16,27.73,19.91
-111.711465,33.0817516,386.3,1.6424,0.0028,3.89,234.87,375.2,1237.53,27.48,19.82
-111.711445,33.0817516,386.3,1.6335,0.0031,3.98,230.89,375.12,1239.31,27.28,19.74
-111.711425,33.0817516,386.3,1.6239,0.0035,4.04,226.98,376.32,1239.64,27.16,19.67
-111.7114034,33.08175,386.2,1.6165,0.0038,4.08,225.47,379.24,1238.42,27.12,19.65
-111.7113833,33.08175,386.2,1.606,0.0042,4.1,228.83,382.26,1236.24,27.15,19.66
-111.7113617,33.08175,386.2,1.597,0.0044,4.12,239.45,384.29,1234.15,27.24,19.64
-111.7113417,33.08175,386.1,1.585,0.0046,4.14,254.27,384.49,1234.34,27.32,19.57
-111.71132,33.0817516,386.1,1.5592,0.0046,4.16,270.06,383.55,1238.02,27.37,19.46
-111.7113,33.0817516,386.2,1.5456,0.0045,4.18,279.66,382.94,1243.36,27.34,19.34
-111.7112784,33.08175,386.2,1.5344,0.0043,4.2,283.36,383.47,1248.66,27.22,19.23
-111.7112567,33.0817516,386.3,1.5148,0.0039,4.22,282.12,384.87,1252.02,27,19.16
-111.7112366,33.0817516,386.4,1.5002,0.0034,4.24,279.3,385.78,1253.56,26.74,19.15
-111.711215,33.0817516,386.4,1.4887,0.0025,4.25,278.36,385.46,1253.75,26.45,19.21
-111.711195,33.0817516,386.5,1.4735,0.0016,4.26,281.85,384.1,1252.19,26.22,19.28
-111.7111734,33.0817516,386.5,1.4567,0.0005,4.25,287.68,382.04,1248.83,26.05,19.35
-111.7111534,33.0817516,386.5,1.4344,0.0006,4.24,290.97,379.88,1245.1,26,19.36
-111.7111333,33.0817516,386.4,1.42,-0.0006,4.22,290.11,377.95,1242.08,26.07,19.32
-111.7111134,33.08175,386.4,1.4109,-0.0018,4.21,287,376.99,1240.69,26.22,19.25
-111.7110917,33.08175,386.3,1.3981,-0.0034,4.2,284.65,377.66,1241.07,26.44,19.16
-111.7110717,33.08175,386.4,1.3881,-0.0049,4.2,285.13,379.32,1242.51,26.65,19.13
-111.71105,33.08175,386.4,1.3863,-0.0067,4.2,287.38,381.02,1244.61,26.83,19.13
-111.71103,33.08175,386.4,1.3814,-0.0083,4.2,289.17,381.88,1246.62,26.94,19.15
-111.71101,33.08175,386.5,1.3759,-0.01,4.2,290.08,382.33,1248.19,27,19.16
-111.7109884,33.08175,386.5,1.3751,-0.0111,4.2,289.97,382.95,1248.64,27.01,19.17
-111.7109683,33.08175,386.5,1.379,-0.0124,4.2,286.95,383.29,1246.7,26.98,19.18
-111.7109483,33.08175,386.6,1.3853,-0.0135,4.22,279.95,382.79,1242.32,26.93,19.19
-111.7109268,33.08175,386.6,1.3945,-0.0144,4.24,269.5,381.21,1236.33,26.9,19.21
-111.7109067,33.08175,386.5,1.4086,-0.0166,4.28,263.83,379.64,1232,26.91,19.24
-111.710885,33.0817516,386.5,1.4197,-0.0169,4.34,268.23,378.93,1230.2,26.96,19.28
-111.7108634,33.0817516,386.4,1.4334,-0.0165,4.4,281,379.24,1230.53,27.07,19.32
-111.7108417,33.0817516,386.4,1.44,-0.0183,4.45,290.3,379.85,1230.77,27.21,19.33
-111.71082,33.0817516,386.4,1.4527,-0.0183,4.48,285.69,380.23,1229.64,27.35,19.31
-111.7107984,33.08175,386.4,1.4679,-0.0181,4.51,269.09,380.53,1227.63,27.47,19.26
-111.7107766,33.08175,386.4,1.4769,-0.0185,4.54,252.86,381.18,1226.13,27.56,19.23
-111.7107534,33.08175,386.4,1.4856,-0.0198,4.56,247.61,382.53,1226.22,27.58,19.21
-111.7107317,33.0817516,386.4,1.4822,-0.0214,4.58,254.46,383.91,1226.71,27.51,19.22
-111.7107084,33.08175,386.5,1.4796,-0.0228,4.6,268.43,384.05,1225.19,27.35,19.25
-111.7106867,33.0817516,386.5,1.4604,-0.0252,4.62,285.28,382.18,1221.46,27.14,19.28
-111.7106634,33.0817516,386.5,1.4421,-0.0277,4.64,307.34,378.88,1217.78,26.85,19.27
-111.71064,33.0817516,386.5,1.4185,-0.0302,4.66,329.35,376.16,1217.78,26.54,19.22
-111.7106183,33.0817516,386.5,1.3925,-0.0324,4.68,339.52,375.45,1221.98,26.26,19.16
-111.7105967,33.0817516,386.5,1.3664,-0.0332,4.69,332.37,376.65,1229.16,26.02,19.13
-111.7105734,33.08175,386.4,1.3345,-0.0334,4.71,308.41,379.2,1238.03,25.84,19.14
-111.7105517,33.08175,386.3,1.2987,-0.0337,4.73,286.55,381.35,1245.08,25.73,19.18
-111.710505,33.08175,386.4,1.2132,-0.031,4.85,288.91,382.89,1251.22,25.68,19.29
-111.71048,33.0817516,386.4,1.1692,-0.0288,4.94,287.54,384.76,1251.51,25.74,19.3
-111.710455,33.0817516,386.5,1.1316,-0.0255,5.03,277.93,387.14,1251.25,25.81,19.33
-111.7104318,33.0817516,386.6,1.1032,-0.0223,5.1,271.81,388.17,1250.92,25.88,19.37
-111.7104067,33.0817533,386.6,1.0739,-0.0188,5.16,269.73,386.96,1251.4,25.94,19.4
-111.71038,33.0817533,386.6,1.0481,-0.0156,5.2,268.46,384.61,1253.24,25.96,19.39
-111.710355,33.081755,386.6,1.0318,-0.0109,5.23,266.62,383.71,1254.01,25.96,19.36
-111.7103284,33.0817566,386.6,1.0233,-0.0088,5.26,266.14,383.71,1251.79,25.94,19.32
-111.7103034,33.0817566,386.5,1.0232,-0.0078,5.27,268.63,382.6,1248.06,25.93,19.3
-111.7102766,33.0817566,386.5,1.0279,-0.0082,5.25,283.46,380.65,1245.1,25.96,19.29
-111.7102517,33.0817566,386.5,1.0429,-0.0102,5.19,317.4,380.35,1244.54,26.02,19.28
-111.7102268,33.0817566,386.5,1.0552,-0.0132,5.07,369.66,382.08,1245.86,26.13,19.3
-111.7101783,33.0817566,386.5,1.0837,-0.0224,4.77,444.45,385.68,1250.32,26.5,19.39
-111.7101567,33.0817566,386.5,1.1012,-0.0264,4.67,440.31,385.19,1251.46,26.62,19.42
-111.7101134,33.0817566,386.6,1.1448,-0.0343,4.58,368.16,380.21,1250.14,26.72,19.46
-111.7100916,33.0817583,386.6,1.1625,-0.0361,4.6,319.03,378.02,1247.82,26.69,19.51
-111.7100684,33.0817583,386.5,1.182,-0.036,4.65,284.94,377.43,1245.26,26.62,19.59
-111.7100467,33.08176,386.5,1.1986,-0.0354,4.71,279.93,377.96,1242.85,26.52,19.67
-111.7100217,33.08176,386.5,1.2213,-0.0327,4.78,304.41,378.43,1239.76,26.42,19.76
-111.7099984,33.08176,386.4,1.2411,-0.0293,4.83,348.34,377.98,1236.36,26.37,19.82
-111.7099267,33.0817633,386.4,1.2795,-0.0194,4.94,544.99,379.3,1225.4,26.9,19.63
-111.7099034,33.0817633,386.5,1.2817,-0.0171,4.95,536.95,379.45,1224.45,27.06,19.59
-111.70988,33.081765,386.4,1.2775,-0.0157,4.96,511.86,379.42,1225.01,27.2,19.56
-111.709855,33.081765,386.5,1.274,-0.0144,4.97,480.06,379.49,1226.11,27.34,19.54
-111.70983,33.081765,386.5,1.2666,-0.0138,4.99,451.96,379.56,1225.86,27.42,19.53
-111.709805,33.0817666,386.5,1.2519,-0.0144,4.99,431.59,378.29,1223.75,27.44,19.51
-111.709755,33.0817666,386.6,1.2182,-0.0166,4.93,422.48,371.64,1214.63,27.27,19.53
-111.7097083,33.0817683,386.8,1.1738,-0.0204,4.78,434.67,374.54,1203.07,27.01,19.56
-111.7096866,33.0817683,386.8,1.1536,-0.0223,4.74,455.47,376.92,1202.1,26.9,19.55
-111.7096634,33.0817683,386.8,1.1315,-0.0243,4.72,478.8,378.56,1205.29,26.8,19.52
-111.7096416,33.0817683,386.8,1.1093,-0.0263,4.71,485.77,378.36,1209.54,26.71,19.49
-111.709595,33.0817683,386.9,1.062,-0.0305,4.72,425.33,373.61,1209.77,26.62,19.42
-111.7095717,33.08177,386.9,1.0362,-0.0326,4.74,405.44,373.5,1208.7,26.67,19.39
-111.7095483,33.08177,386.9,1.013,-0.0343,4.76,413.29,374.54,1208.28,26.74,19.36
-111.709525,33.08177,387,0.9894,-0.036,4.78,440.72,375.11,1207.32,26.84,19.3
-111.7095,33.08177,387,0.9635,-0.0375,4.79,477.26,374.68,1206.01,26.95,19.22
-111.7094317,33.08177,387,0.8888,-0.0405,4.78,562.73,375.46,1209.63,27.23,19.1
-111.7093634,33.08177,387.1,0.8235,-0.0408,4.72,471.04,372.4,1201.7,26.66,19.42
-111.7093417,33.08177,387.2,0.8069,-0.0403,4.74,431.46,370.35,1202.53,26.53,19.47
-111.7093184,33.08177,387.2,0.7913,-0.0387,4.78,387.7,369.53,1205.18,26.41,19.5
-111.709295,33.08177,387.2,0.7808,-0.0369,4.82,346.47,370.86,1209.88,26.3,19.51
-111.7092717,33.08177,387.3,0.775,-0.0345,4.87,316.11,374,1216.68,26.22,19.5
-111.7092467,33.0817716,387.3,0.7758,-0.0313,4.9,297.93,378.06,1224.62,26.19,19.47
-111.7092234,33.0817716,387.3,0.7762,-0.0279,4.93,290.46,380.57,1228.8,26.19,19.46
-111.7092,33.0817716,387.3,0.7775,-0.0241,4.98,284.54,380.56,1226.4,26.2,19.46
-111.709175,33.08177,387.3,0.7758,-0.0197,5.06,278.67,378.32,1217.42,26.22,19.45
-111.7091484,33.08177,387.3,0.7673,-0.0193,5.13,279.14,376.67,1210.21,26.26,19.36
-111.7091234,33.08177,387.3,0.7653,-0.018,5.18,288.71,377.85,1213.12,26.32,19.23
-111.7090983,33.0817716,387.3,0.7598,-0.0192,5.19,302.52,380.34,1222.05,26.41,19.13
-111.7090734,33.0817716,387.4,0.7465,-0.024,5.2,313.64,381.37,1229.37,26.52,19.1
-111.7090484,33.0817716,387.4,0.7281,-0.0334,5.2,320.62,380.48,1233.5,26.64,19.1
-111.7090234,33.0817733,387.4,0.7092,-0.0481,5.2,327.49,379.39,1236.14,26.76,19.09
-111.7089984,33.0817733,387.4,0.6757,-0.072,5.2,335.24,379.3,1236.76,26.88,19.08
-111.7089734,33.0817733,387.5,0.6417,-0.1009,5.2,340.21,380.01,1234.97,26.99,19.09
-111.7089484,33.081775,387.4,0.6151,-0.1339,5.2,337.46,381.36,1233.19,27.08,19.14
-111.708925,33.0817733,387.4,0.5754,-0.1696,5.2,325.4,382.76,1233.94,27.14,19.21
-111.7089,33.0817733,387.4,0.5385,-0.2082,5.2,303.99,383.96,1237.26,27.18,19.22
-111.7088733,33.0817733,387.4,0.5012,-0.2481,5.2,281.87,384.42,1241.44,27.21,19.1
-111.7088483,33.0817733,387.4,0.4651,-0.2869,5.21,273,383.88,1243.41,27.25,18.94
-111.7088233,33.0817716,387.5,0.4326,-0.3196,5.24,278.55,383.32,1242.56,27.32,18.83
-111.7087967,33.0817716,387.5,0.415,-0.3479,5.26,292.56,384.28,1240.55,27.4,18.77
-111.70877,33.0817733,387.6,0.4083,-0.3696,5.29,302.32,386.33,1240.08,27.5,18.74
-111.708745,33.0817733,387.7,0.4006,-0.3907,5.29,303.73,387.23,1240.97,27.58,18.71
-111.70872,33.0817733,387.7,0.3965,-0.413,5.28,304.07,386.4,1241,27.65,18.7
-111.7086933,33.0817733,387.8,0.3947,-0.4424,5.24,305.01,383.91,1237.8,27.7,18.73
-111.7086684,33.0817733,387.9,0.3929,-0.4773,5.15,298.55,380.13,1231.86,27.73,18.79
-111.7086434,33.0817733,387.8,0.4008,-0.5155,5.01,282.86,376.05,1226.38,27.77,18.85
-111.70862,33.0817733,387.8,0.4066,-0.5533,4.88,269.09,374.07,1224.71,27.8,18.86
-111.7085967,33.0817733,387.8,0.4126,-0.594,4.78,266.15,374.87,1226.9,27.83,18.82
-111.7085734,33.0817733,387.8,0.4187,-0.6356,4.73,274.81,377.04,1230.61,27.86,18.74
-111.7085516,33.0817716,387.7,0.4172,-0.6766,4.71,287.58,378.38,1232.89,27.86,18.67
-111.70853,33.0817716,387.7,0.4178,-0.7151,4.71,300.03,378.69,1233.41,27.86,18.63
-111.7085066,33.0817716,387.7,0.422,-0.7502,4.72,313.65,378.99,1233.94,27.83,18.62
-111.7084834,33.0817716,387.7,0.4367,-0.7739,4.76,329.42,380.28,1236.14,27.81,18.65
-111.7084616,33.0817716,387.7,0.4423,-0.7932,4.82,344.48,381.84,1238.7,27.79,18.69
-111.7084384,33.0817716,387.7,0.4475,-0.8092,4.9,354.68,382.68,1239.93,27.78,18.71
-111.7084167,33.0817716,387.7,0.4516,-0.8204,4.97,356.73,382.38,1238.93,27.79,18.72
-111.7083917,33.0817733,387.7,0.462,-0.8253,5.03,353.84,381.15,1236.6,27.83,18.73
-111.7083666,33.0817716,387.7,0.4482,-0.9033,5.03,351.57,379.28,1235.68,27.88,18.73
-111.7083417,33.08177,387.7,0.4435,-0.9593,4.97,351.97,378.66,1238.59,27.94,18.73
-111.7083184,33.08177,387.8,0.4474,-1.0359,4.89,353.14,380.33,1244.02,28,18.74
-111.708295,33.0817683,387.8,0.4367,-1.156,4.81,350.25,383.07,1249.43,28.04,18.8
-111.7082734,33.0817666,387.7,0.4248,-1.3128,4.77,341.27,384.84,1252.63,28.07,18.89
-111.70825,33.081765,387.7,0.4112,-1.5414,4.76,328.48,385.1,1253.34,28.08,19.01
-111.7082284,33.081765,387.7,0.4003,-1.8122,4.81,320.8,384.14,1251.11,28.06,19.09
-111.708205,33.0817633,387.7,0.3804,-2.1591,4.89,320.68,382.77,1245.32,28.02,19.13
-111.70818,33.0817633,387.6,0.3694,-2.5897,5,328.42,381.79,1237.25,27.96,19.14
-111.7081567,33.0817633,387.6,0.3659,-2.999,5.1,336.41,382.19,1233.04,27.85,19.16
-111.7081317,33.0817633,387.6,0.356,-3.439,5.17,337.69,384.52,1235.58,27.67,19.17
-111.708105,33.0817633,387.6,0.3475,-3.8458,5.23,327.92,388.61,1243.27,27.45,19.17
-111.70808,33.0817633,387.5,0.3402,-4.1271,5.26,316.47,391.43,1248.9,27.23,19.19
-111.7080534,33.0817616,387.5,0.3303,-4.2417,5.27,311.38,391.09,1250.5,27.04,19.26
-111.7080268,33.0817616,387.5,0.3352,-4.1463,5.22,313.12,387.5,1248.65,26.93,19.32
-111.7080016,33.08176,387.4,0.3431,-3.89,5.08,314.25,383.81,1244.85,26.94,19.31
-111.7079766,33.08176,387.3,0.3592,-3.4622,4.84,311.31,382.44,1240.97,27.07,19.25
-111.7079534,33.0817583,387.3,0.3673,-3.0065,4.55,305.04,383.26,1240.18,27.25,19.21
-111.7079317,33.0817583,387.3,0.3784,-2.542,4.3,298.44,384.48,1242.26,27.43,19.22
-111.7079116,33.0817583,387.3,0.3871,-2.1125,4.09,293.28,385.07,1244.11,27.58,19.25
-111.7078933,33.0817566,387.3,0.3936,-1.7443,3.94,290.44,384.95,1244.07,27.69,19.29
-111.707875,33.0817566,387.3,0.4038,-1.4042,3.77,289.35,384.48,1242.67,27.78,19.31
-111.7078567,33.0817566,387.3,0.4134,-1.1084,3.57,290.34,383.95,1241.64,27.85,19.32
-111.70784,33.081755,387.3,0.4147,-0.8809,3.32,293.89,383.71,1242.7,27.9,19.32
-111.7078234,33.081755,387.3,0.4196,-0.6896,3.02,299.62,383.81,1246.12,27.95,19.34
-111.7077934,33.0817516,387.3,0.4137,-0.4364,2.44,311.7,384.53,1254.61,28.03,19.4
-111.7077817,33.0817516,387.3,0.4191,-0.3605,2.26,315.49,384.85,1257.35,28.06,19.43
-111.7077734,33.0817516,387.2,0.4204,-0.3153,2.15,317.79,385.05,1258.94,28.07,19.44
-111.7077683,33.0817516,387.3,0.4162,-0.2914,2.1,319.01,385.16,1259.78,28.08,19.46
-111.70777,33.0821916,387.5,1.3571,-0.0214,2.09,336.24,388.66,1245.91,28.18,19.24
-111.7077784,33.0821916,387.4,1.3567,-0.0212,2.16,335.12,388.13,1244.54,28.18,19.24
-111.7077868,33.0821916,387.4,1.3561,-0.021,2.25,333.88,387.57,1243.17,28.17,19.22
-111.7077967,33.0821916,387.3,1.3554,-0.0207,2.36,332.25,386.88,1241.62,28.16,19.21
-111.70781,33.0821916,387.2,1.3542,-0.0203,2.54,329.61,385.96,1239.67,28.13,19.19
-111.7078267,33.08219,387.2,1.3531,-0.0196,2.8,325.75,384.99,1237.82,28.09,19.15
-111.7078433,33.0821883,387.2,1.3516,-0.0187,3.06,321,384.48,1236.67,28.02,19.11
-111.7078634,33.0821883,387.2,1.3482,-0.0175,3.37,313.6,384.59,1235.52,27.92,19.08
-111.7078817,33.0821883,387.1,1.3421,-0.0159,3.64,304.37,384.9,1232.88,27.8,19.07
-111.7079217,33.0821883,387.1,1.3326,-0.0119,4.1,282.22,383.24,1219.62,27.51,19.06
-111.7079418,33.0821883,387.1,1.3259,-0.0096,4.21,278.83,381.89,1214.41,27.41,19.04
-111.7079633,33.0821883,387.1,1.3179,-0.007,4.27,282.12,380.69,1211.51,27.34,19.02
-111.7079834,33.0821883,387,1.3097,-0.0046,4.31,289.19,379.68,1210.26,27.31,18.98
-111.708005,33.0821883,387,1.3003,-0.002,4.36,298.85,378.48,1210.13,27.3,18.93
-111.7080268,33.0821883,387,1.2896,0.0004,4.4,309.69,377.66,1211.52,27.31,18.89
-111.7080484,33.0821883,386.9,1.2766,0.0027,4.41,321.74,377.86,1214.36,27.33,18.89
-111.70807,33.0821883,386.9,1.2675,0.0046,4.41,334.97,379.49,1218.78,27.36,18.91
-111.70809,33.0821883,386.8,1.2575,0.0059,4.41,346.86,381.91,1224.26,27.38,18.9
-111.7081116,33.0821883,386.8,1.2466,0.007,4.4,356.87,384.66,1230.57,27.41,18.82
-111.7081334,33.0821883,386.9,1.2353,0.0078,4.4,362.19,386.78,1235.5,27.45,18.7
-111.708155,33.0821883,387,1.2241,0.0084,4.41,363.21,387.93,1238.03,27.5,18.58
-111.7081766,33.0821866,387,1.2135,0.0086,4.42,361.59,388.02,1238.6,27.59,18.5
-111.7081984,33.0821866,387.1,1.1969,0.0087,4.45,360.03,386.79,1238.06,27.7,18.47
-111.7082217,33.0821866,387.1,1.1859,0.0086,4.52,359.48,384.36,1236.67,27.83,18.47
-111.7082434,33.082185,387.1,1.174,0.0085,4.59,356.58,381.96,1234.81,27.95,18.46
-111.7082666,33.082185,387.1,1.1604,0.0081,4.67,347.58,380.15,1232.23,28.07,18.44
-111.7082884,33.082185,387.1,1.1466,0.0077,4.74,333.31,379.18,1229.98,28.16,18.42
-111.7083117,33.082185,387,1.1306,0.0074,4.82,317.97,378.73,1228.55,28.23,18.41
-111.7083366,33.0821833,387,1.1119,0.007,4.92,308.18,378.63,1227.65,28.27,18.39
-111.70836,33.0821833,387,1.0878,0.0067,5.01,304.67,378.44,1226.87,28.29,18.34
-111.708385,33.0821833,387,1.067,0.0065,5.08,300.05,377.8,1226.8,28.28,18.28
-111.70841,33.0821833,387.1,1.0422,0.0064,5.13,292.47,377.01,1227.12,28.26,18.23
-111.708435,33.0821833,387.1,1.016,0.0063,5.18,284.48,376.46,1225.33,28.23,18.21
-111.7084616,33.0821833,387.1,0.9863,0.0063,5.22,281.76,376.07,1220.1,28.2,18.16
-111.7084867,33.0821833,387.1,0.9575,0.0063,5.26,286.81,376.01,1215.03,28.17,18.12
-111.7085116,33.0821816,387.1,0.9255,0.0064,5.28,293.59,376.51,1213.55,28.14,18.12
-111.7085383,33.0821816,387.1,0.8928,0.0064,5.29,294.21,378.54,1217.84,28.11,18.15
-111.708565,33.0821816,387.1,0.8605,0.0064,5.28,288.11,381.31,1224.8,28.09,18.18
-111.70859,33.08218,387.1,0.8328,0.0065,5.24,281.59,382.33,1228.66,28.06,18.18
-111.708615,33.08218,387,0.8026,0.0066,5.15,276.26,381.36,1227.95,28.03,18.15
-111.70864,33.08218,387,0.7724,0.0069,5.02,274.29,380.16,1223.85,27.99,18.13
-111.708665,33.08218,386.9,0.7374,0.008,4.89,278.51,379.48,1216.62,27.94,18.13
-111.7086867,33.08218,386.9,0.7104,0.009,4.81,289.35,379.33,1210.26,27.88,18.14
-111.70871,33.08218,386.9,0.6828,0.0104,4.74,305.49,379.89,1208.14,27.81,18.15
-111.7087317,33.08218,386.9,0.6584,0.012,4.72,318.34,381.18,1212.58,27.74,18.14
-111.7087534,33.0821816,386.9,0.6309,0.0142,4.72,322.5,382.47,1219.3,27.68,18.12
-111.7087768,33.0821816,386.9,0.6048,0.017,4.74,316.45,382.82,1224.63,27.64,18.11
-111.7088016,33.0821816,387,0.5781,0.0207,4.77,303.48,381.51,1226.34,27.62,18.17
-111.708825,33.0821816,387,0.5503,0.0257,4.78,293.93,379.45,1225.89,27.67,18.26
-111.7088483,33.0821816,387,0.5276,0.0309,4.78,291.95,378.09,1225.17,27.76,18.34
-111.7088717,33.0821816,386.9,0.5094,0.0368,4.76,294.62,378.18,1226.37,27.89,18.36
-111.7088934,33.0821816,386.9,0.4939,0.0428,4.74,294.25,378.77,1228.4,28.01,18.34
-111.7089167,33.0821816,386.9,0.4788,0.0498,4.72,289.94,379.21,1229.21,28.13,18.33
-111.70894,33.0821816,386.9,0.4658,0.0572,4.71,287.25,379.65,1227.4,28.22,18.32
-111.7089617,33.0821833,386.8,0.4515,0.0646,4.7,288.5,380.37,1224.9,28.26,18.33
-111.7089834,33.0821816,386.8,0.4413,0.0726,4.7,290.06,381.15,1223.25,28.28,18.34
-111.7090067,33.0821816,386.8,0.4387,0.0805,4.7,288.86,381.28,1222.87,28.26,18.35
-111.7090284,33.0821816,386.8,0.4386,0.0879,4.7,287.22,380.36,1223.02,28.22,18.33
-111.7090517,33.0821816,386.8,0.4389,0.0954,4.7,287.85,378.88,1223.13,28.15,18.32
-111.7090734,33.0821816,386.8,0.4406,0.1021,4.7,289.1,377.97,1222.69,28.08,18.33
-111.7090967,33.0821816,386.8,0.4435,0.1087,4.7,289.28,377.53,1220.11,27.99,18.35
-111.70912,33.0821816,386.8,0.4473,0.1146,4.69,291.82,377.46,1214.9,27.92,18.39
-111.7091417,33.0821816,386.8,0.445,0.1216,4.68,300.55,378.65,1211.33,27.86,18.41
-111.709165,33.0821816,386.8,0.4519,0.1265,4.66,314.29,382.06,1213.7,27.83,18.45
-111.7091867,33.0821816,386.8,0.4586,0.1311,4.64,324.88,385.81,1221.12,27.81,18.48
-111.7092084,33.0821816,386.7,0.4624,0.1355,4.63,329.92,387.81,1228.92,27.8,18.49
-111.70923,33.0821833,386.7,0.4605,0.1409,4.64,330.76,386.9,1233.32,27.79,18.48
-111.709255,33.082185,386.7,0.4573,0.1481,4.68,326.42,383.66,1233.9,27.77,18.47
-111.7092784,33.0821833,386.7,0.4605,0.1548,4.75,318,380.84,1232.37,27.75,18.48
-111.7093034,33.0821816,386.7,0.4545,0.1617,4.85,307.3,378.76,1230.58,27.76,18.49
-111.7093284,33.08218,386.7,0.4546,0.1685,4.94,295.05,376.6,1228.42,27.79,18.5
-111.7093534,33.08218,386.7,0.4454,0.1763,5.04,281.1,374.43,1225.37,27.85,18.5
-111.70938,33.0821783,386.8,0.4361,0.1816,5.12,272.97,373.5,1221.66,27.95,18.51
-111.709405,33.0821766,386.8,0.4254,0.1829,5.17,277.56,373.82,1219.4,28.06,18.55
-111.70943,33.0821766,386.8,0.4092,0.1802,5.19,285.66,374.1,1219.22,28.16,18.61
-111.7094567,33.082175,386.8,0.3923,0.1691,5.2,284.91,373.87,1218.99,28.23,18.67
-111.7094817,33.0821733,386.7,0.3803,0.1513,5.2,271.72,374.31,1216.64,28.25,18.7
-111.7095067,33.0821733,386.7,0.3663,0.1289,5.2,250.97,376.89,1215.09,28.21,18.74
-111.7095317,33.0821733,386.7,0.3536,0.1025,5.2,231.31,380.95,1217.38,28.1,18.83
-111.7095566,33.0821716,386.7,0.3468,0.0742,5.2,221.66,383.55,1221.78,27.93,18.93
-111.7095817,33.0821733,386.6,0.3369,0.0477,5.18,224.75,382.84,1225.44,27.7,19.02
-111.709605,33.0821733,386.6,0.3354,0.0257,5.16,236.55,380.65,1227.81,27.49,19.1
-111.70963,33.0821733,386.6,0.3359,0.0069,5.14,254.67,378.84,1228.6,27.27,19.17
-111.7096534,33.0821733,386.6,0.3449,-0.0058,5.12,273.88,377.76,1227.01,27.11,19.2
-111.7096784,33.0821733,386.6,0.358,-0.0124,5.12,291.46,376.55,1224.55,27,19.22
-111.7097034,33.0821733,386.6,0.3746,-0.0139,5.17,299.18,375.05,1223.78,26.94,19.24
-111.7097534,33.0821733,386.7,0.4157,-0.007,5.39,291.47,374.28,1228.71,26.88,19.27
-111.7097784,33.0821733,386.7,0.4371,-0.0014,5.45,302.17,376.56,1228.78,26.86,19.25
-111.709805,33.0821733,386.7,0.4626,0.0026,5.48,325.97,379.85,1226.03,26.82,19.24
-111.7098317,33.0821733,386.7,0.4876,0.0067,5.47,357.28,382.8,1222.09,26.77,19.26
-111.7098584,33.0821733,386.7,0.511,0.0099,5.43,387.47,384.77,1219.73,26.72,19.27
-111.709885,33.082175,386.6,0.5329,0.0112,5.37,398.64,385.2,1220.47,26.68,19.28
-111.70991,33.082175,386.7,0.5522,0.011,5.33,381.87,384.4,1222.79,26.64,19.28
-111.709935,33.082175,386.7,0.5745,0.0098,5.29,344.49,383.17,1223.81,26.6,19.29
-111.709985,33.0821733,386.7,0.6114,0.0068,5.22,266.9,382.15,1219.59,26.52,19.33
-111.71001,33.0821733,386.7,0.6296,0.0053,5.2,253.04,382.51,1220.42,26.49,19.31
-111.710035,33.0821716,386.8,0.6483,0.0049,5.18,245.86,382.09,1221.66,26.46,19.31
-111.71006,33.08217,386.8,0.6688,0.0063,5.15,234.04,380.84,1221.1,26.44,19.34
-111.710085,33.08217,386.9,0.6979,0.0096,5.1,219.5,378.99,1218.9,26.42,19.37
-111.7101084,33.08217,386.9,0.7258,0.0141,5.05,213.79,376.59,1216.95,26.4,19.35
-111.7101334,33.08217,386.9,0.7594,0.022,5.02,220.66,374.24,1216.79,26.4,19.29
-111.7101567,33.0821716,386.9,0.7946,0.0292,4.99,232.43,373.73,1218.51,26.39,19.26
-111.71018,33.0821716,386.8,0.83,0.0376,4.98,242.39,374.94,1220.59,26.38,19.26
-111.7102034,33.0821716,386.8,0.867,0.0462,4.96,248.81,376.68,1222.08,26.35,19.3
-111.7102967,33.0821716,386.8,1.0058,0.0709,4.81,251.18,371.71,1227.49,25.92,19.43
-111.71032,33.0821716,386.8,1.0312,0.0731,4.81,244.64,372.14,1221.96,25.93,19.39
-111.710345,33.08217,386.9,1.05,0.0752,4.82,232.82,373.44,1213.68,25.96,19.36
-111.7103684,33.08217,386.9,1.0645,0.0747,4.82,220.62,375.05,1206.23,26,19.35
-111.7103934,33.08217,386.9,1.0728,0.0726,4.81,212.47,377.21,1202.48,26.05,19.34
-111.7104167,33.08217,386.9,1.0691,0.0685,4.79,211.09,379.41,1203.77,26.08,19.33
-111.71044,33.08217,386.9,1.0566,0.0624,4.77,213.17,381.09,1207.75,26.1,19.32
-111.7104616,33.08217,386.8,1.0379,0.0561,4.74,217.62,382.17,1212.22,26.11,19.31
-111.710485,33.08217,386.8,1.0115,0.0479,4.74,226.61,383,1216.81,26.14,19.29
-111.7105084,33.0821716,386.8,0.9813,0.0378,4.76,240.42,382.92,1219.69,26.18,19.28
-111.7105534,33.0821716,386.8,0.9109,0.0133,4.9,270.09,379.41,1220.25,26.34,19.19
-111.7105784,33.0821716,386.8,0.8675,-0.0011,4.96,274.39,379.58,1223.49,26.44,19.13
-111.7106018,33.0821716,386.9,0.8252,-0.0154,4.98,262.53,381.02,1227.72,26.53,19.1
-111.7106267,33.0821716,386.9,0.7858,-0.031,4.99,238.15,382.16,1230.29,26.6,19.12
-111.7106516,33.0821716,387,0.7517,-0.0455,4.99,214.7,381.65,1229.73,26.65,19.16
-111.710675,33.0821716,387,0.7266,-0.0569,4.97,204.74,379.61,1227.03,26.65,19.18
-111.7107,33.0821716,387,0.7093,-0.0654,4.92,211.08,377.54,1223.21,26.63,19.17
-111.7107234,33.0821716,387,0.7041,-0.0691,4.87,221.26,376.93,1219.63,26.61,19.16
-111.7107467,33.08217,387,0.7017,-0.0673,4.82,219.32,377.45,1217.88,26.6,19.15
-111.71077,33.08217,387,0.7111,-0.0614,4.77,198.6,378.78,1219.8,26.58,19.12
-111.7107934,33.0821683,387,0.7261,-0.0515,4.73,174.5,381.13,1225.16,26.55,19.09
-111.710815,33.08217,387,0.7449,-0.0391,4.7,168.05,383.14,1229.72,26.51,19.08
-111.7108384,33.08217,387,0.7633,-0.0238,4.67,185.52,383.72,1231.27,26.44,19.12
-111.71086,33.0821716,387,0.7789,-0.0087,4.63,219.22,382.58,1229.98,26.35,19.22
-111.7109034,33.0821716,386.9,0.789,0.0219,4.53,271.65,381.22,1228.52,26.18,19.47
-111.710925,33.0821716,386.9,0.786,0.0361,4.51,272.76,382.53,1228.12,26.15,19.48
-111.7109483,33.0821716,386.9,0.7767,0.0497,4.5,269,384.65,1226.43,26.18,19.41
-111.71097,33.0821716,386.9,0.7631,0.0603,4.5,271.94,386.57,1224.88,26.24,19.33
-111.7109917,33.0821716,386.9,0.7461,0.0687,4.5,286.15,387.72,1225.85,26.33,19.26
-111.711035,33.0821716,386.9,0.7102,0.0785,4.52,323.64,386.08,1236.6,26.5,19.19
-111.7110567,33.0821716,386.9,0.6911,0.078,4.55,331,384.27,1238.93,26.51,19.18
-111.71108,33.0821733,386.9,0.6746,0.0744,4.58,332.11,382.37,1235.82,26.48,19.21
-111.7111017,33.0821733,386.8,0.6601,0.0694,4.62,327.18,381.19,1230.11,26.42,19.26
-111.711125,33.0821733,386.8,0.6482,0.0625,4.66,313.19,381.21,1225.87,26.34,19.32
-111.7111466,33.0821733,386.8,0.641,0.0554,4.68,295.56,382.25,1226.08,26.24,19.39
-111.71117,33.0821733,386.9,0.6374,0.0475,4.69,279.99,383.28,1228.36,26.14,19.46
-111.7111917,33.0821733,386.9,0.6409,0.0401,4.68,272.6,383.62,1229.19,26.07,19.52
-111.7112134,33.082175,386.9,0.6478,0.0331,4.66,270.51,383.9,1229.02,26.04,19.56
-111.711235,33.082175,386.8,0.6559,0.0273,4.64,270.53,384.74,1230.02,26.05,19.57
-111.7112583,33.082175,386.8,0.67,0.0219,4.62,269.03,386.06,1233.18,26.1,19.56
-111.71128,33.082175,386.7,0.6853,0.0178,4.61,262.92,386.59,1236.37,26.17,19.53
-111.7113034,33.082175,386.7,0.7034,0.0143,4.62,252.45,385.63,1238.35,26.26,19.5
-111.711325,33.082175,386.7,0.7207,0.0117,4.64,244.62,384.07,1238.83,26.33,19.45
-111.7113484,33.082175,386.7,0.7423,0.0085,4.66,241.35,383.02,1238.57,26.4,19.38
-111.71137,33.082175,386.7,0.7589,0.0074,4.68,241.1,382.64,1237.78,26.45,19.33
-111.7113934,33.082175,386.7,0.7767,0.0061,4.7,240.54,381.74,1235.52,26.52,19.32
-111.711415,33.0821766,386.8,0.7924,0.0053,4.72,239.93,380.25,1231.73,26.6,19.34
-111.7114383,33.0821766,386.8,0.8067,0.0047,4.73,241.99,379.51,1226.69,26.7,19.36
-111.7114617,33.0821783,386.8,0.8201,0.0041,4.74,251.02,380.58,1223.95,26.81,19.39
-111.711485,33.08218,386.9,0.8332,0.0035,4.7,271.73,382.89,1226.54,26.93,19.43
-111.7115084,33.08218,386.9,0.8413,0.0032,4.56,306.07,385.08,1232.55,27.04,19.5
-111.7115317,33.08218,386.9,0.8478,0.003,4.32,345.23,386.06,1237.33,27.14,19.58
-111.7115517,33.08218,386.9,0.8532,0.0028,4.08,367.77,385.57,1239.67,27.22,19.62
-111.7115717,33.08218,386.9,0.8567,0.0027,3.86,369.89,384.47,1241.57,27.29,19.61
-111.7115884,33.08218,386.9,0.8589,0.0026,3.72,355.63,383.59,1243.49,27.34,19.58
-111.711605,33.08218,387,0.8606,0.0025,3.62,331.31,382.99,1245.64,27.37,19.54
-111.7116217,33.08218,387,0.8615,0.0025,3.55,301.43,382.7,1247.83,27.4,19.49
-111.71165,33.0817966,387.1,1.5577,0.0008,2.4,175.49,384.18,1228,27.8,20
-111.71164,33.081795,387,1.5626,0.0008,2.47,184.51,383.71,1224.89,27.84,20
-111.71163,33.0817933,386.9,1.5676,0.0009,2.55,193.41,383.2,1221.66,27.88,20
-111.71162,33.0817933,386.8,1.5672,0.0009,2.66,202.39,382.66,1218.26,27.93,20
-111.7116084,33.0817933,386.8,1.5667,0.0009,2.81,212.77,382.04,1214.24,28,19.98
-111.711595,33.0817916,386.8,1.5711,0.001,3.04,225.27,381.39,1209.53,28.08,19.96
-111.7115767,33.0817916,386.8,1.5695,0.0011,3.42,242.27,380.68,1203.69,28.18,19.91
-111.7115567,33.08179,386.8,1.5684,0.0014,3.9,261.14,380.04,1199.13,28.29,19.84
-111.7115334,33.08179,386.7,1.5636,0.0017,4.39,281.65,379.37,1196.79,28.38,19.75
-111.71151,33.08179,386.6,1.555,0.002,4.7,295.66,378.71,1196.85,28.43,19.69
-111.711485,33.08179,386.6,1.5455,0.0025,4.87,298.86,377.92,1195.18,28.47,19.65
-111.71146,33.0817916,386.6,1.5291,0.0029,4.96,289.26,376.61,1188.67,28.5,19.64
-111.711435,33.0817916,386.6,1.518,0.0035,5.01,276.11,375.57,1180.92,28.53,19.64
-111.71141,33.0817933,386.7,1.4943,0.0041,5.02,267.94,375.78,1178.17,28.55,19.64
-111.711385,33.0817933,386.8,1.478,0.0046,4.99,263,376.68,1181.74,28.52,19.59
-111.71136,33.081795,386.8,1.4553,0.0051,4.92,257.93,377.22,1189.41,28.43,19.54
-111.711335,33.0817966,386.9,1.4284,0.0051,4.85,254.58,377.47,1199.75,28.27,19.5
-111.7113116,33.0817983,387,1.4033,0.0051,4.79,255.96,378.08,1211.19,28.07,19.48
-111.7112884,33.0817983,387.1,1.3859,0.0049,4.74,260.53,379.35,1221.37,27.86,19.45
-111.711265,33.0818,387.1,1.3626,0.0043,4.72,263.18,381.11,1227.68,27.65,19.43
-111.7112434,33.0818016,387.1,1.3345,0.0057,4.71,260.68,382.87,1229.65,27.5,19.41
-111.71122,33.0818016,387.1,1.3153,0.0054,4.7,254.36,384,1230.62,27.39,19.39
-111.7111967,33.0818033,387,1.2853,0.0047,4.7,248.5,383.18,1232.55,27.36,19.35
-111.7111716,33.0818033,387,1.2662,0.0038,4.69,243,380.21,1232.47,27.38,19.34
-111.7111484,33.081805,387.1,1.2396,0.0028,4.67,235.99,377.18,1228.02,27.42,19.38
-111.711125,33.0818066,387.1,1.2161,0.0016,4.61,225.95,376.28,1223.58,27.46,19.45
-111.7111017,33.0818083,387.2,1.1936,0.0004,4.49,214.76,377.9,1223.8,27.48,19.51
-111.71108,33.08181,387.2,1.1736,-0.0012,4.33,206.54,380.42,1227.76,27.49,19.55
-111.71106,33.0818116,387.3,1.1594,-0.0029,4.2,202.42,382.45,1231.98,27.5,19.58
-111.71104,33.0818116,387.4,1.1515,-0.0053,4.13,202.1,383.76,1235.25,27.5,19.6
-111.7110217,33.0818133,387.4,1.1447,-0.0074,4.12,205.75,384.37,1237.39,27.5,19.61
-111.7110016,33.0818133,387.4,1.1447,-0.0102,4.19,213.28,384.47,1238.78,27.5,19.6
-111.7109817,33.0818133,387.4,1.1497,-0.013,4.32,221.39,383.9,1238.98,27.51,19.58
-111.71096,33.0818149,387.4,1.1483,-0.017,4.48,225.57,382.39,1236.62,27.52,19.56
-111.7109384,33.0818149,387.4,1.1603,-0.0205,4.62,223.11,380.59,1230.99,27.54,19.55
-111.710915,33.0818149,387.3,1.1729,-0.0238,4.74,218.92,379.59,1221.54,27.58,19.59
-111.7108916,33.0818149,387.3,1.1867,-0.0274,4.83,226.14,380.98,1213.21,27.63,19.63
-111.7108667,33.0818166,387.4,1.1972,-0.0309,4.92,251.72,384.66,1212.08,27.7,19.65
-111.7108434,33.0818166,387.4,1.2115,-0.0335,5.01,280.14,388.54,1219.21,27.76,19.63
-111.7108184,33.0818166,387.5,1.2274,-0.0361,5.11,300.34,391.32,1229.1,27.81,19.59
-111.7107934,33.0818166,387.5,1.24,-0.0383,5.2,313.35,392,1235.23,27.85,19.54
-111.7107666,33.0818166,387.6,1.2521,-0.0423,5.26,334.86,391.31,1237.93,27.85,19.5
-111.7107417,33.0818166,387.5,1.2559,-0.0451,5.29,361.95,390.06,1239.59,27.81,19.49
-111.710715,33.0818166,387.5,1.2517,-0.049,5.3,378.8,387.54,1241.07,27.71,19.5
-111.7106884,33.0818166,387.5,1.2431,-0.0534,5.3,367.05,384.01,1241.69,27.59,19.49
-111.7106634,33.0818149,387.5,1.2355,-0.0567,5.28,337.77,380.98,1241.38,27.45,19.47
-111.7106366,33.0818149,387.5,1.2137,-0.06,5.26,307.11,378.79,1240.26,27.29,19.45
-111.7106116,33.0818133,387.4,1.1942,-0.0613,5.23,284.68,378.49,1239.71,27.15,19.44
-111.7105867,33.0818133,387.5,1.1654,-0.0618,5.21,266.25,380.48,1241.43,27.03,19.44
-111.7105634,33.0818149,387.6,1.1274,-0.0622,5.19,252.81,383.13,1244.75,26.95,19.45
-111.7105384,33.0818149,387.6,1.0957,-0.059,5.16,243.41,385.1,1247.61,26.89,19.44
-111.7105134,33.0818149,387.6,1.0611,-0.0547,5.12,237.02,386.24,1247.76,26.84,19.42
-111.71049,33.0818149,387.6,1.0284,-0.0479,5.08,233.38,387.24,1245.6,26.82,19.4
-111.710465,33.0818149,387.7,0.9979,-0.0404,5.04,228.83,388.02,1241.79,26.82,19.39
-111.7104416,33.0818149,387.7,0.9698,-0.0343,5.02,220.73,387.58,1237.9,26.84,19.38
-111.7104167,33.0818133,387.7,0.9477,-0.0287,5,211.68,386.15,1235.52,26.87,19.35
-111.7103917,33.0818133,387.7,0.9262,-0.0239,5,212.21,384.65,1235.87,26.91,19.3
-111.7103684,33.0818116,387.6,0.9139,-0.0207,5,225.58,383.67,1237.87,26.95,19.26
-111.7103434,33.0818116,387.6,0.9033,-0.0189,5,247.85,383.01,1240.99,27,19.23
-111.7103183,33.0818116,387.5,0.8956,-0.0191,5,275.1,383.17,1244.46,27.06,19.26
-111.710295,33.0818116,387.5,0.8932,-0.0205,5,305.76,384.59,1246.89,27.1,19.32
-111.71027,33.0818116,387.4,0.8966,-0.0234,5.01,340.85,387.22,1248.07,27.15,19.38
-111.7101967,33.0818133,387.4,0.9179,-0.0403,5.12,376.9,393.65,1250.24,27.34,19.4
-111.7101467,33.0818133,387.4,0.9505,-0.0533,5.18,429.86,385.8,1247.17,27.28,19.46
-111.71012,33.0818133,387.4,0.9712,-0.0578,5.2,443.66,382.15,1246.48,27.24,19.49
-111.7100434,33.0818149,387.4,1.0262,-0.0608,5.29,500.35,381.27,1254.47,27.12,19.61
-111.709755,33.0818233,387.6,1.0628,-0.0312,4.87,292.73,378.37,1211.95,26.75,19.55
-111.7097317,33.081825,387.5,1.0487,-0.0319,4.91,262.44,379.63,1210.44,26.76,19.43
-111.7097083,33.0818233,387.6,1.0445,-0.0319,4.96,244.29,379.97,1207.09,26.8,19.32
-111.709685,33.0818233,387.6,1.0362,-0.0326,5.03,252.01,379.89,1203.65,26.89,19.22
-111.70966,33.0818233,387.6,1.0251,-0.0333,5.11,288.5,380.12,1203.17,27.05,19.14
-111.7096334,33.081825,387.6,1.0088,-0.0345,5.18,334.33,380.57,1206.6,27.29,19.08
-111.7096084,33.081825,387.6,0.9972,-0.0353,5.23,362.26,380.89,1210.6,27.52,19.06
-111.7095834,33.081825,387.7,0.9867,-0.036,5.26,372.08,381.27,1214.21,27.74,19.08
-111.7095566,33.081825,387.7,0.9755,-0.0368,5.28,366.05,380.66,1218.1,27.94,19.13
-111.7095317,33.081825,387.7,0.9671,-0.0375,5.3,348.74,378.49,1220.91,28.07,19.16
-111.709505,33.0818266,387.7,0.955,-0.038,5.3,319.72,375.58,1221.4,28.14,19.16
-111.7094534,33.0818266,387.7,0.9321,-0.0385,5.35,267.37,373.61,1217.01,28.06,19.13
-111.7094268,33.0818266,387.6,0.9195,-0.0384,5.37,262.81,373.79,1216.38,27.94,19.09
-111.7094,33.0818283,387.6,0.9102,-0.038,5.38,265.52,373.41,1215.17,27.77,19.05
-111.7093734,33.0818283,387.6,0.9028,-0.0372,5.38,271.87,373.14,1212.81,27.59,19.04
-111.7093484,33.08183,387.6,0.9001,-0.0362,5.36,275.53,373.7,1209.87,27.41,19.09
-111.7093217,33.08183,387.6,0.8959,-0.0346,5.34,270.83,375.19,1206.96,27.22,19.16
-111.709295,33.08183,387.7,0.8982,-0.0324,5.31,258.29,377.84,1207.41,27.08,19.2
-111.70927,33.08183,387.8,0.9009,-0.0298,5.3,243.68,380.8,1212.53,27,19.2
-111.7092434,33.08183,387.8,0.9075,-0.0267,5.3,230.13,382.2,1219.04,26.99,19.16
-111.7092168,33.08183,387.8,0.9164,-0.023,5.3,227.18,381.14,1221.63,27.07,19.09
-111.7091916,33.08183,387.8,0.9238,-0.0192,5.3,238.22,379.99,1220.35,27.18,19.05
-111.7091666,33.0818283,387.8,0.9225,-0.017,5.29,260.76,380.43,1218.37,27.3,19.07
-111.70914,33.0818283,387.8,0.9283,-0.0141,5.26,297.69,382.64,1217.64,27.42,19.14
-111.709115,33.0818283,387.7,0.9253,-0.0145,5.23,338.77,385.25,1218.77,27.53,19.19
-111.7090917,33.0818266,387.8,0.9151,-0.016,5.18,366.91,387.13,1221.69,27.63,19.18
-111.7090434,33.081825,387.8,0.8885,-0.0282,5.06,343.69,385.55,1229.92,27.76,19
-111.7090184,33.081825,387.9,0.8703,-0.0418,5.06,316.79,383.28,1230.57,27.76,18.95
-111.708995,33.081825,387.9,0.8541,-0.0585,5.12,293.33,382.08,1228.6,27.73,18.95
-111.70897,33.081825,388,0.828,-0.0826,5.23,271.18,381.41,1222.27,27.65,18.94
-111.7089434,33.0818233,388,0.7935,-0.1131,5.36,262.13,380.73,1211.02,27.52,18.9
-111.7089167,33.0818233,388,0.7642,-0.1458,5.45,273.07,380.02,1202.89,27.37,18.88
-111.7088916,33.0818233,388,0.7377,-0.1767,5.48,287.98,379.62,1204.51,27.22,18.88
-111.7088633,33.0818216,388,0.7025,-0.2113,5.46,291.8,379.85,1212.49,27.06,18.91
-111.7088366,33.0818216,388.1,0.6821,-0.2416,5.41,290.76,381.42,1218.38,26.97,18.94
-111.7088117,33.0818216,388,0.6636,-0.2667,5.33,300.03,383.89,1221.89,26.92,18.96
-111.7087866,33.0818216,388,0.6529,-0.2871,5.27,311.26,386.23,1225.06,26.91,18.94
-111.7087616,33.0818216,388,0.6461,-0.3049,5.22,307.44,387.23,1226.59,26.93,18.9
-111.7087366,33.0818216,388,0.6436,-0.3221,5.19,287.48,386.09,1225.06,26.98,18.85
-111.7087117,33.0818216,388,0.6441,-0.3406,5.16,264.87,383.43,1221.99,27.07,18.78
-111.7086867,33.0818216,388,0.6448,-0.365,5.12,250.15,380.66,1220.01,27.19,18.7
-111.7086633,33.0818216,388.1,0.6491,-0.3925,5.08,245.3,378.93,1219.46,27.33,18.65
-111.7086384,33.0818216,388.1,0.6555,-0.4242,5.04,246.73,378.16,1218.09,27.47,18.64
-111.708615,33.0818216,388.1,0.6613,-0.4562,5.02,251.58,378.06,1215.18,27.59,18.7
-111.70859,33.0818216,388.1,0.6683,-0.4926,5.02,258.49,378.31,1212.92,27.69,18.8
-111.708565,33.0818216,388.1,0.6758,-0.5283,5.04,263.82,379.57,1214.65,27.72,18.91
-111.70854,33.0818233,388,0.6918,-0.558,5.08,264.31,382.17,1218.23,27.66,18.97
-111.708515,33.0818233,388,0.7029,-0.5866,5.12,262.33,384.94,1218.71,27.54,18.99
-111.70849,33.0818233,388,0.7055,-0.6139,5.15,265.6,385.92,1214.71,27.37,18.97
-111.708465,33.0818233,388,0.7124,-0.6339,5.17,278.92,384.68,1209.83,27.22,18.9
-111.70844,33.0818233,388,0.7167,-0.6491,5.15,298.25,382.38,1208.46,27.13,18.81
-111.7084167,33.0818216,387.9,0.7107,-0.6646,5.12,314.88,380.42,1211.59,27.13,18.76
-111.7083933,33.0818216,387.9,0.7136,-0.6711,5.08,325.72,379.79,1217.32,27.2,18.78
-111.7083684,33.0818216,387.9,0.7152,-0.7094,5.05,328.54,381.37,1222.81,27.36,18.86
-111.7083434,33.0818216,387.9,0.7114,-0.7695,5.03,321.83,384.36,1225.17,27.56,18.93
-111.70832,33.0818216,387.9,0.7106,-0.8315,5.04,308.78,386.24,1225.57,27.73,18.94
-111.708295,33.08182,388,0.6959,-0.939,5.08,294.68,386.17,1227.32,27.88,18.89
-111.70827,33.0818183,388,0.6795,-1.0952,5.12,289.58,385.27,1231.15,27.96,18.83
-111.7082434,33.0818183,387.9,0.6715,-1.3141,5.16,296.18,385.51,1234.38,28.01,18.78
-111.7082183,33.0818183,387.9,0.6609,-1.5807,5.18,304.98,386.87,1235.89,28.04,18.77
-111.708195,33.0818166,387.9,0.641,-1.8946,5.17,307.71,387.72,1237.9,28.07,18.77
-111.70817,33.0818166,387.9,0.6328,-2.2549,5.15,301.71,386.98,1241.47,28.11,18.76
-111.708145,33.0818166,387.9,0.6224,-2.6245,5.1,291.47,385.52,1245.05,28.15,18.74
-111.7081217,33.0818149,387.9,0.6021,-2.9804,5.05,287.91,385.15,1247.77,28.21,18.73
-111.7080967,33.0818149,387.9,0.598,-3.2574,5.01,295.73,386.14,1250.67,28.28,18.74
-111.7080717,33.0818149,387.9,0.5936,-3.4296,4.95,313.34,387.95,1253.58,28.36,18.8
-111.7080249,33.0818149,388,0.596,-3.3796,4.79,336.53,389.46,1251.45,28.52,18.94
-111.7080016,33.0818149,388,0.6033,-3.1693,4.74,327.2,387.22,1246.66,28.56,18.95
-111.70798,33.0818149,388.1,0.609,-2.8887,4.72,311.88,384.35,1242.85,28.58,18.94
-111.7079567,33.0818149,388.1,0.6187,-2.5097,4.72,295.71,382.33,1240.88,28.56,18.92
-111.7079334,33.0818149,388.1,0.6318,-2.0917,4.71,283.09,382.78,1241.68,28.52,18.89
-111.70791,33.0818149,388.2,0.6424,-1.6811,4.69,271.91,385.54,1244.07,28.43,18.88
-111.7078867,33.0818166,388.1,0.6624,-1.2933,4.61,254.32,388.89,1246.08,28.31,18.9
-111.707865,33.0818183,388.1,0.6764,-0.982,4.48,225,391.36,1246.6,28.18,18.98
-111.7078267,33.0818183,388.1,0.6875,-0.5734,4.18,147.6,393.74,1244.72,27.95,19.19
-111.7078284,33.08215,387.9,1.3751,-0.018,2.49,322.41,379.23,1201.78,27.59,19.46
-111.7078366,33.08215,387.9,1.3753,-0.0175,2.57,322.03,378.67,1201.69,27.59,19.45
-111.70785,33.08215,387.9,1.3732,-0.0168,2.71,321.19,377.98,1201.85,27.6,19.44
-111.7078634,33.0821483,387.9,1.3714,-0.0158,2.87,320.49,377.65,1202.42,27.62,19.43
-111.70788,33.0821483,387.9,1.3676,-0.0146,3.09,319.63,377.86,1203.87,27.66,19.42
-111.7078984,33.0821466,387.9,1.3629,-0.0128,3.35,319.66,378.9,1206.64,27.72,19.41
-111.7079166,33.0821466,387.9,1.3569,-0.011,3.59,321.64,380.44,1210.26,27.79,19.42
-111.7079367,33.082145,387.8,1.3505,-0.0088,3.82,328.86,382.05,1214.33,27.89,19.42
-111.7079567,33.0821433,387.8,1.3432,-0.0064,3.99,342.78,382.91,1216.89,27.99,19.4
-111.7079766,33.0821416,387.8,1.3358,-0.004,4.1,359.38,382.69,1216.6,28.08,19.34
-111.7079984,33.0821416,387.8,1.3261,-0.0015,4.19,370.27,381.21,1212.87,28.17,19.27
-111.7080184,33.08214,387.9,1.3172,0.0008,4.26,367.4,379.33,1207.64,28.23,19.22
-111.70804,33.08214,387.9,1.3068,0.0029,4.34,353.44,377.63,1202.07,28.27,19.19
-111.7080617,33.0821383,387.9,1.2961,0.0048,4.46,334.85,376.58,1197.59,28.28,19.13
-111.7080834,33.0821383,387.9,1.2852,0.0063,4.59,316.62,376.18,1194.1,28.28,19.02
-111.7081067,33.0821383,387.9,1.2737,0.0075,4.75,298.17,376.3,1191.31,28.25,18.87
-111.7081317,33.0821366,387.9,1.2633,0.0083,4.9,282.59,377.11,1190.17,28.19,18.73
-111.708155,33.0821366,387.9,1.2532,0.0087,5,275.42,378.18,1191.62,28.09,18.67
-111.70818,33.0821366,387.9,1.2416,0.0089,5.09,276.36,378.73,1195.99,27.93,18.7
-111.708205,33.0821366,387.9,1.2306,0.0088,5.14,281.15,378.38,1202,27.73,18.78
-111.7082317,33.0821366,387.9,1.217,0.0085,5.18,288.7,378.55,1207.7,27.49,18.82
-111.7082567,33.0821366,387.8,1.205,0.008,5.2,301.54,380.13,1210.73,27.27,18.81
-111.7082816,33.0821366,387.8,1.1906,0.0075,5.21,321.8,382.16,1211.92,27.08,18.79
-111.7083068,33.0821366,387.8,1.1799,0.007,5.23,343.05,383.2,1211.3,26.93,18.78
-111.7083333,33.0821366,387.8,1.1638,0.0065,5.24,354.84,383.1,1207.72,26.83,18.76
-111.7083584,33.0821366,387.9,1.1473,0.0062,5.22,350.74,382.37,1202.16,26.77,18.74
-111.7083834,33.0821366,387.8,1.1266,0.0059,5.16,334.78,381.51,1197.2,26.74,18.73
-111.7084084,33.0821366,387.8,1.1053,0.0058,5.09,312.61,380.75,1195.58,26.72,18.73
-111.7084334,33.0821366,387.7,1.0823,0.0058,5.04,289.36,380.27,1198.02,26.71,18.75
-111.7084567,33.0821366,387.6,1.0603,0.0058,5.03,270.36,379.94,1202.5,26.72,18.76
-111.7084817,33.0821366,387.6,1.0363,0.0058,5.05,256.71,379.81,1208.14,26.76,18.77
-111.7085066,33.0821366,387.5,1.0093,0.0059,5.1,252.87,380.26,1213.89,26.82,18.74
-111.7085317,33.0821366,387.5,0.9807,0.006,5.15,256.4,381.05,1218.05,26.9,18.7
-111.7085567,33.0821366,387.5,0.9532,0.006,5.17,259.59,381,1218.53,26.98,18.68
-111.7085833,33.0821383,387.5,0.9201,0.0061,5.14,258.61,379.93,1214.68,27.07,18.68
-111.7086066,33.0821383,387.6,0.8919,0.0062,5.08,259.38,379.12,1209.35,27.13,18.72
-111.7086316,33.0821383,387.6,0.8679,0.0064,4.96,266.75,379.37,1205.95,27.2,18.76
-111.708655,33.0821383,387.6,0.8416,0.007,4.85,276.22,380.82,1209.1,27.25,18.77
-111.70868,33.0821366,387.6,0.8199,0.0077,4.79,280.82,382.39,1217.86,27.28,18.74
-111.7087034,33.0821366,387.7,0.7928,0.009,4.79,278.24,382.1,1225.51,27.29,18.7
-111.7087268,33.082135,387.7,0.7727,0.0104,4.85,273.49,380.31,1229.8,27.3,18.67
-111.70875,33.082135,387.7,0.7492,0.0122,4.93,272.98,379.07,1231.41,27.3,18.69
-111.708775,33.082135,387.7,0.725,0.0147,5.03,280.46,379.93,1231.48,27.28,18.73
-111.7088,33.082135,387.7,0.7032,0.0177,5.12,294.33,382.07,1231.49,27.24,18.74
-111.708825,33.082135,387.7,0.6807,0.0218,5.18,308.8,383.01,1230.65,27.18,18.73
-111.7088517,33.082135,387.7,0.6596,0.0271,5.22,319.78,381.44,1224.73,27.09,18.72
-111.7088766,33.082135,387.7,0.6426,0.0325,5.21,323.71,378.98,1213.66,26.98,18.74
-111.7089016,33.082135,387.7,0.6278,0.0384,5.17,318.63,377.02,1202.5,26.87,18.77
-111.7089266,33.0821333,387.7,0.6215,0.0445,5.1,306.75,376.35,1197.53,26.77,18.81
-111.7089499,33.0821333,387.7,0.6136,0.0507,5.05,294.81,377.15,1198.88,26.71,18.84
-111.7089734,33.0821333,387.6,0.6067,0.0575,5.02,283.24,378.4,1201.74,26.69,18.89
-111.7089984,33.0821333,387.6,0.6041,0.0648,5.02,272.02,379.14,1203.11,26.68,18.97
-111.7090217,33.0821333,387.6,0.6018,0.0715,5.04,266.21,379.81,1204.49,26.67,19.05
-111.7090466,33.0821333,387.6,0.6028,0.0784,5.08,267.38,380.92,1208.49,26.63,19.11
-111.7090717,33.0821333,387.6,0.6026,0.0851,5.12,270.83,381.4,1213.06,26.54,19.14
-111.7090983,33.0821333,387.6,0.6098,0.0909,5.15,275.16,380.36,1214.38,26.4,19.17
-111.7091234,33.0821333,387.6,0.6144,0.0965,5.15,283.93,378.58,1212.66,26.25,19.22
-111.7091484,33.0821333,387.6,0.6213,0.101,5.12,289.04,377.43,1211.87,26.07,19.28
-111.7091717,33.0821333,387.5,0.623,0.1057,5.07,278.52,377.83,1213.64,25.91,19.34
-111.7091967,33.0821333,387.5,0.6267,0.1098,5.03,253.32,379.28,1216.75,25.74,19.36
-111.70922,33.0821333,387.5,0.6278,0.1136,5.02,238.5,380.02,1218.84,25.62,19.36
-111.709245,33.0821316,387.4,0.6329,0.117,5.02,246.51,379.57,1219.6,25.55,19.32
-111.70927,33.0821316,387.4,0.6305,0.1225,5.05,269.34,379.18,1219.1,25.51,19.25
-111.709295,33.08213,387.5,0.6295,0.127,5.1,287.77,380.2,1217.87,25.5,19.17
-111.70932,33.08213,387.5,0.6184,0.133,5.15,290.63,381.99,1217.39,25.5,19.14
-111.709345,33.08213,387.5,0.6064,0.1393,5.19,281.53,382.8,1218.53,25.5,19.16
-111.7093717,33.08213,387.5,0.5888,0.1448,5.23,268.31,382.74,1220.38,25.5,19.23
-111.7093967,33.0821316,387.5,0.5629,0.1487,5.26,254.2,383.69,1221.82,25.5,19.31
-111.7094233,33.0821316,387.5,0.5423,0.1473,5.28,238.97,386.15,1224.31,25.5,19.36
-111.7094734,33.08213,387.5,0.5059,0.1268,5.29,245.35,388.07,1230.85,25.51,19.26
-111.7094984,33.08213,387.5,0.4844,0.1098,5.28,250.86,386.63,1227.72,25.53,19.2
-111.70955,33.08213,387.5,0.4462,0.0641,5.22,246.13,383.49,1214.27,25.65,19.15
-111.7095749,33.08213,387.5,0.4335,0.0413,5.2,247.62,383.99,1214.23,25.71,19.18
-111.7096,33.08213,387.5,0.4248,0.0208,5.18,248.92,385.26,1214.98,25.77,19.24
-111.709625,33.08213,387.4,0.4206,0.0043,5.16,240.19,386.43,1215.5,25.82,19.3
-111.7096499,33.0821316,387.4,0.4164,-0.0064,5.12,217.58,387.13,1217.45,25.86,19.35
-111.709675,33.0821316,387.5,0.422,-0.0126,5.08,195.18,387.63,1220.9,25.88,19.36
-111.7097,33.0821316,387.5,0.4296,-0.0138,5.04,196.64,388.14,1223.62,25.88,19.38
-111.709725,33.0821316,387.5,0.4412,-0.0123,5.02,221.73,388.14,1223.87,25.86,19.41
-111.7097483,33.0821316,387.5,0.4537,-0.0086,5,252.62,387.35,1221.23,25.8,19.44
-111.7097717,33.0821316,387.4,0.4682,-0.0042,5,281.5,386.13,1216.89,25.73,19.45
-111.7097967,33.0821316,387.4,0.4829,-0.0003,5,311.43,384.44,1213.42,25.63,19.45
-111.709845,33.08213,387.4,0.5139,0.006,5.01,357.67,379.13,1219.4,25.47,19.44
-111.709945,33.08213,387.4,0.5665,0.0061,5.33,250.82,381.17,1224.17,25.63,19.59
-111.7099984,33.0821283,387.5,0.5912,0.0038,5.37,229.66,377.07,1200.06,25.66,19.64
-111.710025,33.0821283,387.5,0.6042,0.0045,5.36,223.11,377.9,1196.38,25.64,19.59
-111.7100516,33.0821266,387.5,0.6172,0.0076,5.35,219.79,379.52,1196.88,25.6,19.54
-111.7100784,33.0821266,387.5,0.6371,0.0141,5.34,220.28,381.15,1198.4,25.56,19.49
-111.7101034,33.0821266,387.5,0.6595,0.0244,5.35,222.62,382.31,1199.97,25.53,19.45
-111.710315,33.0821233,387.5,0.908,0.1229,5.38,223.49,381.2,1201,25.79,19.43
-111.71034,33.0821233,387.5,0.9328,0.1222,5.36,213.87,381.58,1202.76,25.84,19.41
-111.7103667,33.0821233,387.5,0.9533,0.1183,5.33,208.91,382.13,1201.15,25.91,19.41
-111.7103917,33.0821233,387.5,0.9653,0.1119,5.32,212.29,382.21,1200.04,25.99,19.45
-111.7104167,33.0821216,387.5,0.9637,0.1032,5.31,219.4,381.76,1203.94,26.07,19.52
-111.7104434,33.0821216,387.5,0.9611,0.0918,5.32,223.15,380.72,1211.23,26.16,19.56
-111.7104967,33.0821216,387.5,0.9265,0.0618,5.4,220.5,380.38,1209.96,26.36,19.48
-111.7105217,33.0821233,387.5,0.9014,0.044,5.43,235.08,382.33,1208.84,26.38,19.43
-111.7105484,33.0821233,387.5,0.8664,0.0237,5.46,264.1,383.61,1210.3,26.36,19.39
-111.7105767,33.0821233,387.5,0.8252,-0.0005,5.48,289.76,382.11,1211.54,26.31,19.37
-111.7106299,33.0821233,387.5,0.7435,-0.0427,5.46,246.24,375.24,1208.75,26.13,19.38
-111.710655,33.0821233,387.5,0.7102,-0.0606,5.41,225.93,377.1,1211.6,26.08,19.41
-111.7106817,33.0821233,387.5,0.6822,-0.0753,5.35,217,381.71,1217.44,26.06,19.43
-111.7107766,33.0821233,387.6,0.6673,-0.0698,4.85,243.06,391.23,1223.4,26.1,19.35
-111.7108,33.0821233,387.6,0.6823,-0.054,4.82,228.79,389.34,1216.28,26.11,19.38
-111.7108233,33.0821233,387.6,0.6966,-0.0357,4.74,209.01,387.24,1209.54,26.13,19.43
-111.7108466,33.0821233,387.6,0.7105,-0.0149,4.6,187.48,385.38,1206.32,26.17,19.49
-111.71087,33.0821233,387.6,0.7202,0.0074,4.43,171.55,384.27,1208.18,26.22,19.54
-111.7108916,33.0821233,387.7,0.7214,0.0279,4.3,166.88,383.84,1212.57,26.29,19.55
-111.71091,33.082125,387.7,0.7229,0.0443,4.25,172.27,383.73,1216.65,26.35,19.52
-111.7109517,33.0821266,387.7,0.7076,0.0775,4.42,198.2,383.07,1223.17,26.51,19.43
-111.7109984,33.0821233,387.6,0.6642,0.1053,4.74,231.2,381.73,1223.36,26.57,19.38
-111.7110234,33.0821216,387.6,0.6392,0.1133,4.78,259.78,381.82,1220.69,26.5,19.35
-111.71107,33.0821216,387.6,0.6032,0.1133,4.65,287.67,384.89,1222.5,26.24,19.29
-111.7110917,33.08212,387.6,0.5871,0.1076,4.54,279.8,386.77,1228.33,26.12,19.3
-111.7111134,33.0821216,387.7,0.5801,0.0973,4.42,265.05,387.84,1233.61,26.02,19.32
-111.711135,33.0821216,387.7,0.5748,0.0869,4.26,248.71,387.94,1236.48,25.96,19.35
-111.711155,33.0821233,387.7,0.5753,0.0754,4.09,236.65,387.82,1237.31,25.96,19.37
-111.711175,33.0821233,387.7,0.5772,0.0649,3.91,228.83,388.07,1237.68,26.02,19.38
-111.7111933,33.0821233,387.7,0.5816,0.0556,3.77,223.91,388.63,1238.48,26.11,19.39
-111.71121,33.0821233,387.7,0.588,0.0477,3.65,219.85,388.84,1239.44,26.2,19.4
-111.7112284,33.0821216,387.7,0.5945,0.0406,3.55,215.43,388.43,1240.48,26.3,19.41
-111.711245,33.0821216,387.7,0.6056,0.0344,3.48,211.56,387.48,1241.14,26.38,19.43
-111.71126,33.0821216,387.7,0.6167,0.0296,3.43,208.64,386.38,1241.34,26.43,19.44
-111.7112768,33.08212,387.7,0.629,0.0255,3.39,207.2,385.18,1240.98,26.47,19.47
-111.7112934,33.08212,387.7,0.6442,0.0215,3.38,208.53,384.14,1239.84,26.5,19.49
-111.7113084,33.08212,387.7,0.6575,0.0185,3.41,212.57,383.39,1238.02,26.54,19.5
-111.7113234,33.08212,387.7,0.6711,0.016,3.48,219.21,382.89,1235.6,26.59,19.49
-111.71134,33.08212,387.8,0.6869,0.0137,3.58,229.1,382.83,1232.61,26.67,19.47
-111.7113584,33.08212,387.8,0.7036,0.0115,3.72,244.29,383.61,1229.38,26.8,19.43
-111.7113784,33.08212,387.8,0.7231,0.0087,3.85,265.96,385.2,1226.16,26.97,19.4
-111.7113967,33.08212,387.8,0.7383,0.0077,3.93,290.47,386.56,1223.32,27.13,19.41
-111.7114167,33.08212,387.8,0.7542,0.0068,3.96,320.11,387.03,1220.59,27.28,19.43
-111.711435,33.08212,387.8,0.7683,0.0061,3.95,344.58,386.55,1220.09,27.39,19.46
-111.711455,33.0821183,387.9,0.7813,0.0053,3.92,360.34,385.24,1222.93,27.47,19.47
-111.7114916,33.0821166,387.9,0.8014,0.0042,3.8,337.73,381.65,1228.06,27.48,19.44
-111.71151,33.0821166,387.9,0.8105,0.0037,3.72,311.64,379.78,1224.47,27.46,19.4
-111.71153,33.0821166,387.9,0.8195,0.0032,3.63,287,378.65,1218.43,27.43,19.37
-111.7115484,33.082115,388,0.8246,0.0029,3.54,273.27,378.87,1214.97,27.4,19.35
-111.7115667,33.0821166,388,0.8296,0.0027,3.44,269.17,380.15,1215.81,27.38,19.34
-111.7115833,33.082115,388,0.8321,0.0026,3.34,271.53,381.71,1219.8,27.38,19.34
-111.7116,33.082115,388,0.8349,0.0024,3.25,276.94,383.07,1225.28,27.38,19.34
-111.7116134,33.082115,388,0.8365,0.0023,3.17,281.59,383.84,1229.69,27.38,19.34
-111.7116284,33.0821133,388,0.8373,0.0023,3.1,286.87,384.37,1234.13,27.39,19.34
-111.7116467,33.0818366,387.6,1.4131,0.0004,2.09,234.57,378.42,1203.9,27.77,19.86
-111.7116366,33.081835,387.5,1.4201,0.0005,2.14,245.07,377.49,1201.93,27.79,19.85
-111.711625,33.0818333,387.4,1.4264,0.0005,2.2,256.04,376.68,1200.22,27.8,19.84
-111.7116167,33.0818316,387.4,1.4297,0.0006,2.27,263.44,376.29,1199.43,27.81,19.83
-111.7116067,33.08183,387.4,1.4349,0.0007,2.37,271.25,376.13,1198.99,27.81,19.82
-111.7115967,33.08183,387.4,1.4337,0.0008,2.5,277.99,376.28,1199.15,27.82,19.8
-111.7115833,33.08183,387.4,1.4317,0.0009,2.7,285.73,376.93,1200.12,27.81,19.78
-111.7115683,33.08183,387.4,1.4291,0.0011,2.98,292.79,377.98,1201.98,27.8,19.75
-111.71155,33.08183,387.4,1.4249,0.0013,3.36,299.44,379.05,1204.57,27.78,19.71
-111.71153,33.08183,387.4,1.4201,0.0016,3.74,303.53,378.93,1206.72,27.74,19.69
-111.71151,33.08183,387.4,1.4102,0.002,4.03,300.37,377.72,1208.16,27.69,19.66
-111.7114884,33.08183,387.5,1.401,0.0025,4.2,289.87,376.61,1208.81,27.65,19.62
-111.7114667,33.08183,387.5,1.3898,0.003,4.26,277,377.15,1209.48,27.61,19.57
-111.711445,33.08183,387.5,1.3736,0.0037,4.22,268.07,378.9,1210.83,27.58,19.52
-111.7114234,33.08183,387.6,1.3587,0.0043,4.15,264.47,380.57,1212.66,27.55,19.49
-111.7114034,33.08183,387.5,1.3457,0.0048,4.09,263.04,381.37,1214.36,27.52,19.46
-111.711385,33.08183,387.5,1.3312,0.0053,4.06,260.76,381.47,1215.7,27.48,19.43
-111.711365,33.08183,387.5,1.3121,0.0056,4.07,256.41,381.21,1216.49,27.45,19.38
-111.711345,33.08183,387.5,1.2956,0.0058,4.11,250.59,381.07,1215.95,27.42,19.33
-111.7113234,33.0818316,387.5,1.2701,0.006,4.17,245.48,381.51,1213.73,27.39,19.29
-111.7113034,33.0818316,387.5,1.2538,0.0058,4.23,243.83,382.64,1211.62,27.35,19.25
-111.7112817,33.0818333,387.5,1.2237,0.0077,4.29,243.79,383.92,1211.49,27.29,19.2
-111.71126,33.0818333,387.5,1.2043,0.0081,4.34,241.14,384.19,1213.93,27.21,19.16
-111.71124,33.081835,387.5,1.1791,0.0086,4.37,234.67,382.91,1216.34,27.11,19.14
-111.7112183,33.0818366,387.5,1.1505,0.0092,4.39,225.43,380.64,1216.89,27,19.11
-111.7111967,33.0818383,387.5,1.1211,0.0092,4.4,217.14,379.18,1215.05,26.89,19.06
-111.711175,33.08184,387.5,1.0934,0.0097,4.4,211.29,379.38,1212.5,26.77,19.02
-111.7111518,33.08184,387.5,1.0743,0.0095,4.38,208.27,380.31,1210.81,26.65,19.02
-111.71113,33.0818416,387.4,1.0484,0.0099,4.36,208.67,380.45,1211.16,26.55,19.04
-111.7111084,33.0818416,387.4,1.0338,0.0092,4.32,211.79,380.11,1213.62,26.47,19.06
-111.7110884,33.0818433,387.4,1.0137,0.0087,4.29,215.31,380.25,1217.17,26.41,19.08
-111.7110666,33.0818433,387.4,1.0034,0.0068,4.28,217.36,381.02,1220.28,26.36,19.13
-111.7110467,33.0818433,387.4,0.9989,0.0045,4.3,216.11,381.85,1220.95,26.33,19.19
-111.711025,33.081845,387.5,0.9886,0.002,4.36,212.81,382.46,1219.52,26.32,19.27
-111.7110034,33.081845,387.5,0.9918,-0.0019,4.43,214.03,382.67,1218.24,26.32,19.32
-111.7109817,33.0818466,387.5,0.989,-0.0072,4.52,229.67,382.33,1218.78,26.35,19.3
-111.7109584,33.0818483,387.5,0.9907,-0.0124,4.59,269.08,381.33,1220.43,26.39,19.21
-111.7109366,33.0818483,387.5,1.0027,-0.018,4.63,320.49,380.69,1220.7,26.45,19.13
-111.7109134,33.0818483,387.5,1.0176,-0.0241,4.63,373,381.6,1219.29,26.54,19.09
-111.71089,33.08185,387.5,1.025,-0.0305,4.59,407.9,383.93,1218.01,26.66,19.11
-111.7108683,33.08185,387.6,1.0398,-0.0358,4.55,421.84,385.52,1218.33,26.78,19.13
-111.7108466,33.08185,387.6,1.054,-0.0411,4.52,422.89,385.56,1220.05,26.91,19.16
-111.710825,33.08185,387.5,1.0684,-0.0452,4.5,413.83,384.66,1223.01,27.04,19.17
-111.7108033,33.08185,387.6,1.0807,-0.0497,4.48,393.74,383.85,1226.23,27.18,19.15
-111.7107817,33.0818516,387.6,1.0814,-0.0548,4.48,362.87,383.26,1227.53,27.3,19.1
-111.71076,33.0818516,387.7,1.0885,-0.0592,4.49,325.66,382.85,1225.99,27.4,19.04
-111.7107383,33.0818516,387.7,1.0917,-0.0647,4.51,292.77,382.89,1223.54,27.48,19
-111.7107167,33.0818516,387.7,1.0912,-0.0688,4.56,276.06,383.25,1222.13,27.54,18.98
-111.710695,33.0818516,387.8,1.0882,-0.0732,4.61,281.11,383.1,1220.99,27.59,18.98
-111.7106717,33.0818516,387.7,1.0777,-0.0758,4.68,302.39,382.15,1218.37,27.63,19
-111.7106484,33.0818516,387.7,1.0662,-0.0788,4.74,323.01,381.35,1215.21,27.68,19.07
-111.710625,33.0818516,387.8,1.0496,-0.0803,4.77,329.97,381.8,1214.26,27.72,19.15
-111.7106,33.0818516,387.7,1.0305,-0.081,4.77,322.58,383.11,1216.74,27.78,19.22
-111.7105767,33.0818516,387.7,1.0061,-0.079,4.75,313.21,383.76,1220.9,27.82,19.26
-111.710555,33.08185,387.7,0.9902,-0.0749,4.72,309.04,383.36,1224.5,27.86,19.27
-111.7105334,33.0818516,387.8,0.9614,-0.0703,4.67,306.48,382.54,1226.81,27.88,19.27
-111.71051,33.0818516,387.8,0.9346,-0.0604,4.63,298.78,382.18,1227.41,27.89,19.24
-111.7104884,33.0818533,387.8,0.9054,-0.0523,4.59,285.47,382.54,1226.71,27.88,19.19
-111.7104666,33.0818533,387.8,0.8833,-0.0431,4.56,270.66,382.54,1224.89,27.86,19.14
-111.7104434,33.081855,387.8,0.8524,-0.0336,4.56,260.25,381.58,1222.21,27.84,19.1
-111.7104217,33.0818533,387.8,0.8385,-0.0262,4.59,265.71,380.55,1219.87,27.81,19.08
-111.7103733,33.0818533,387.8,0.7981,-0.0154,4.71,355.89,381.76,1220.02,27.7,19.13
-111.7103017,33.081855,387.8,0.7599,-0.0159,4.79,460,379.94,1244.53,27.29,19.43
-111.7102334,33.0818566,387.8,0.7525,-0.0339,4.75,478.39,386.71,1233.72,26.89,19.38
-111.7101867,33.0818566,387.9,0.7688,-0.0509,4.82,502.49,385.33,1225.54,26.74,19.49
-111.7101634,33.0818583,388,0.7737,-0.0596,4.88,509.3,385.99,1225.49,26.67,19.55
-111.71014,33.0818566,388,0.7923,-0.0674,4.95,509.56,386.79,1226.53,26.57,19.59
-111.710115,33.0818566,388,0.8081,-0.0748,5.04,509.62,387.69,1229.05,26.43,19.61
-111.71009,33.0818566,388.1,0.8238,-0.0787,5.11,515.79,389.12,1233.57,26.29,19.6
-111.710065,33.0818566,388.1,0.8396,-0.0807,5.15,528.43,390.43,1238.53,26.14,19.57
-111.7099884,33.0818566,388,0.8857,-0.0727,4.68,571.25,378.45,1233.66,25.59,19.34
-111.709965,33.0818583,388,0.8911,-0.0708,4.51,576.51,378.3,1232.11,25.64,19.3
-111.709945,33.0818583,388.1,0.9003,-0.066,4.43,566.92,379.37,1230.91,25.74,19.28
-111.7098816,33.0818616,388.2,0.9105,-0.0543,4.89,377.56,388.64,1227.73,26.45,19.27
-111.7098584,33.08186,388.2,0.9224,-0.05,5.02,327.71,388.77,1229.38,26.61,19.23
-111.7098317,33.08186,388.2,0.9291,-0.0468,5.11,298.6,387.38,1229.49,26.75,19.18
-111.7098067,33.0818583,388.2,0.9404,-0.0439,5.16,292.36,385.76,1225.85,26.87,19.18
-111.7097817,33.0818583,388.2,0.9427,-0.042,5.19,301.02,384,1219.39,26.98,19.21
-111.7096767,33.0818616,388.2,0.9352,-0.0395,5.42,373.9,384.05,1220.14,27.98,19.04
-111.7096234,33.0818633,388.3,0.9329,-0.0394,5.27,332.02,382.52,1204.48,27.94,19.14
-111.7096,33.0818633,388.3,0.9345,-0.0392,5.21,312.22,383.03,1204.06,27.9,19.22
-111.7095749,33.0818633,388.3,0.9375,-0.0387,5.16,293.42,383.38,1206.15,27.85,19.26
-111.70955,33.0818633,388.4,0.9382,-0.0374,5.1,280.77,383.08,1210.12,27.79,19.2
-111.7095268,33.0818633,388.4,0.9406,-0.0369,5.06,274.84,382.86,1217.28,27.73,19.11
-111.7095016,33.0818633,388.4,0.9434,-0.0364,5.05,270.14,383.24,1228.2,27.7,19.04
-111.7094767,33.0818633,388.4,0.9469,-0.0359,5.08,264.35,383.91,1238.21,27.74,19.03
-111.7094516,33.0818633,388.4,0.9488,-0.0353,5.13,257.97,384.52,1244.14,27.86,19.03
-111.7094268,33.0818633,388.4,0.952,-0.0346,5.16,252.47,384.7,1245.96,28.05,19
-111.7094016,33.0818633,388.4,0.9537,-0.0339,5.18,249.13,384.44,1244.93,28.27,18.95
-111.7093766,33.0818633,388.4,0.9551,-0.0325,5.16,248.65,384.78,1243.25,28.48,18.87
-111.7093517,33.0818633,388.5,0.961,-0.0323,5.13,253,386.31,1241.56,28.66,18.78
-111.7093284,33.0818633,388.5,0.9678,-0.0309,5.11,263.22,387.56,1238.96,28.77,18.75
-111.7093034,33.0818616,388.6,0.9706,-0.029,5.08,277.87,386.9,1233.78,28.83,18.78
-111.7092784,33.0818633,388.6,0.985,-0.0265,5.07,289.5,385.07,1228.41,28.83,18.84
-111.709255,33.0818616,388.6,0.9906,-0.0241,5.08,296.96,384.95,1227.21,28.77,18.88
-111.70923,33.0818616,388.6,1.0005,-0.0207,5.09,306.05,386.91,1229.89,28.68,18.87
-111.709205,33.08186,388.6,1.0088,-0.0181,5.1,318.93,388.68,1232.26,28.53,18.83
-111.7091784,33.08186,388.6,1.0194,-0.0143,5.1,330.73,388.85,1233.74,28.34,18.8
-111.7091534,33.0818583,388.5,1.0212,-0.0128,5.1,329.27,388.53,1237.05,28.15,18.81
-111.70913,33.0818583,388.5,1.0259,-0.0109,5.1,311.11,388.82,1241.17,28.02,18.83
-111.709105,33.0818583,388.5,1.0255,-0.0115,5.1,284.61,389.71,1243.18,27.95,18.84
-111.70908,33.0818566,388.5,1.0186,-0.0141,5.1,275.26,389.82,1241.07,27.97,18.84
-111.709055,33.081855,388.4,1.0059,-0.0191,5.12,291.04,388.07,1236.25,28.07,18.84
-111.70903,33.081855,388.4,0.9946,-0.0274,5.14,312.01,385.61,1231.99,28.22,18.85
-111.709005,33.081855,388.4,0.9803,-0.0404,5.18,319.67,384.37,1230.77,28.39,18.83
-111.7089784,33.081855,388.4,0.9636,-0.0585,5.22,310.73,385.09,1232.6,28.56,18.77
-111.7089534,33.0818533,388.3,0.938,-0.082,5.26,290.83,386.97,1235.54,28.68,18.72
-111.7089266,33.0818533,388.3,0.9175,-0.1076,5.28,267.74,387.95,1237.38,28.75,18.69
-111.7089016,33.0818533,388.3,0.8981,-0.1328,5.3,257.13,386.18,1234.48,28.75,18.71
-111.708875,33.0818533,388.4,0.8778,-0.1592,5.3,262.46,382.54,1226.81,28.71,18.75
-111.70885,33.0818533,388.4,0.864,-0.1834,5.3,277.01,380.33,1222.74,28.64,18.76
-111.7088233,33.0818533,388.3,0.8519,-0.2042,5.3,290.29,381.27,1227.83,28.53,18.75
-111.7087984,33.081855,388.3,0.8514,-0.2207,5.3,291.71,384.59,1235.93,28.39,18.74
-111.7087717,33.081855,388.3,0.8483,-0.2357,5.3,284.41,388.04,1238.55,28.21,18.74
-111.708745,33.0818566,388.2,0.8574,-0.2471,5.3,274.86,389,1233.32,28.04,18.73
-111.70872,33.0818566,388.2,0.8593,-0.2615,5.32,265.95,387.29,1225.94,27.89,18.69
-111.7086933,33.0818566,388.2,0.8643,-0.2817,5.34,260.42,383.67,1220.29,27.75,18.67
-111.7086684,33.0818583,388.2,0.88,-0.2966,5.37,265.41,380.51,1219.53,27.66,18.7
-111.7086417,33.0818583,388.2,0.8849,-0.3248,5.41,281.12,379.2,1221.67,27.59,18.75
-111.708615,33.0818583,388.2,0.8946,-0.353,5.41,298.78,379.06,1222.37,27.54,18.73
-111.7085884,33.08186,388.2,0.9136,-0.3777,5.33,308.73,378.33,1221.16,27.5,18.63
-111.7085616,33.08186,388.3,0.9214,-0.4064,5.16,310.23,377.84,1220.88,27.48,18.57
-111.7085383,33.08186,388.3,0.9299,-0.4315,4.99,308.75,378.86,1221.17,27.49,18.57
-111.708515,33.08186,388.4,0.936,-0.4529,4.82,310.32,381.14,1220.9,27.51,18.55
-111.7084916,33.0818616,388.4,0.9525,-0.4659,4.68,317.32,383.58,1220.75,27.57,18.51
-111.7084717,33.0818616,388.4,0.9556,-0.4785,4.61,325.81,385.13,1221.72,27.64,18.46
-111.70845,33.0818633,388.4,0.9708,-0.4837,4.61,333.3,386.1,1223.3,27.74,18.41
-111.7084284,33.081865,388.4,0.9851,-0.4833,4.68,335.25,386.23,1223.66,27.84,18.38
-111.7084067,33.0818666,388.4,0.9975,-0.4822,4.81,330.67,385.16,1221.5,27.94,18.35
-111.7083816,33.0818683,388.4,1.0107,-0.5006,5,318.39,382.91,1217.77,28.04,18.3
-111.7083567,33.0818699,388.4,1.0199,-0.5131,5.16,303.85,381.93,1216.93,28.11,18.26
-111.70833,33.0818699,388.4,1.0179,-0.5478,5.27,297,384.26,1219.99,28.16,18.26
-111.7083034,33.0818699,388.4,1.012,-0.6272,5.3,307.3,388.07,1223.43,28.19,18.33
-111.7082766,33.0818699,388.4,1.0064,-0.7237,5.25,325.08,389.4,1223.6,28.2,18.45
-111.7082516,33.0818716,388.4,1.01,-0.8433,5.15,333.19,386.83,1220.49,28.2,18.53
-111.7082266,33.0818716,388.4,1.0054,-1.0142,5,329.63,382.79,1216.23,28.19,18.57
-111.7082034,33.0818716,388.4,0.9955,-1.2035,4.85,321.58,379.87,1212.89,28.16,18.55
-111.7081816,33.0818699,388.4,0.9774,-1.4321,4.71,314.03,378.55,1212.07,28.1,18.51
-111.70816,33.0818699,388.4,0.9695,-1.6496,4.59,308.17,378.64,1214.79,28.03,18.46
-111.70814,33.0818699,388.4,0.9633,-1.8512,4.5,303.91,379.66,1219.89,27.95,18.44
-111.7081184,33.0818699,388.4,0.9583,-2.0465,4.44,299.19,380.83,1226,27.89,18.43
-111.7080967,33.0818699,388.4,0.9531,-2.2175,4.41,295.12,381.34,1231.27,27.89,18.45
-111.7080767,33.0818699,388.5,0.9509,-2.3328,4.41,293.13,381.41,1235.25,27.93,18.48
-111.7080534,33.0818699,388.5,0.9495,-2.3662,4.41,293.1,382.06,1239.07,28.04,18.53
-111.7080317,33.0818699,388.4,0.9499,-2.3312,4.42,292.76,383.6,1241.62,28.17,18.58
-111.7080084,33.0818683,388.4,0.9414,-2.2402,4.44,290.31,385.27,1242.56,28.32,18.64
-111.7079867,33.0818683,388.4,0.9455,-2.056,4.45,286.05,386.22,1241.06,28.43,18.73
-111.7079667,33.0818666,388.4,0.9385,-1.8772,4.46,281.09,386.94,1237.99,28.47,18.81
-111.707945,33.0818666,388.4,0.9455,-1.6111,4.45,275.55,387.73,1234.42,28.46,18.86
-111.7079234,33.0818666,388.4,0.9508,-1.3459,4.42,271.41,388.36,1232.8,28.37,18.86
-111.7079034,33.0818666,388.4,0.9578,-1.1038,4.36,269.4,388.87,1234.07,28.26,18.83
-111.7078817,33.0818683,388.4,0.9731,-0.8513,4.24,267.35,389.77,1237.71,28.12,18.8
-111.7078616,33.0818683,388.4,0.9766,-0.6624,4.04,262.93,391.12,1241.56,28.01,18.81
-111.7078417,33.0818683,388.4,0.9797,-0.5044,3.79,255.07,392.65,1244.6,27.92,18.84
-111.7078234,33.0818683,388.4,0.9819,-0.3865,3.55,244.98,393.99,1246.56,27.86,18.88
-111.7078083,33.0818683,388.3,0.9823,-0.3083,3.37,235.24,395.02,1247.91,27.83,18.91
-111.707795,33.0818683,388.3,0.9843,-0.2502,3.24,225.92,395.84,1248.93,27.81,18.93
-111.7077734,33.08203,388,1.4795,-0.0145,2.63,318.39,385.65,1229.94,27.77,19.12
-111.7077834,33.08203,387.9,1.4792,-0.0143,2.75,317.2,385.73,1228.47,27.76,19.11
-111.7077934,33.0820316,387.9,1.4783,-0.0141,2.88,315.58,385.89,1227.22,27.75,19.1
-111.7078066,33.0820316,387.9,1.4777,-0.0137,3.08,312.22,386.23,1226.13,27.72,19.07
-111.707825,33.0820316,387.8,1.4726,-0.0376,3.43,304.85,386.83,1225.79,27.66,19.03
-111.707845,33.08203,387.7,1.4699,-0.0468,3.83,294.24,387.33,1227.15,27.57,18.98
-111.7078684,33.08203,387.7,1.4648,-0.0588,4.2,284.23,387.62,1230.81,27.44,18.93
-111.70789,33.08203,387.6,1.4608,-0.072,4.37,282.14,388.12,1234.91,27.33,18.91
-111.7079116,33.08203,387.7,1.4542,-0.0867,4.43,285.61,389.11,1238.75,27.27,18.89
-111.7079334,33.08203,387.7,1.4476,-0.1027,4.45,290.55,389.95,1240.94,27.25,18.87
-111.707955,33.0820283,387.8,1.4417,-0.1233,4.48,296.47,389.85,1241.62,27.29,18.84
-111.7079783,33.0820283,387.9,1.4328,-0.1418,4.54,305.75,388.48,1240.73,27.37,18.81
-111.708,33.0820283,387.9,1.4238,-0.1546,4.62,315.94,386.32,1239.44,27.47,18.76
-111.7080234,33.0820266,388,1.4145,-0.1698,4.71,325.31,383.82,1238.2,27.57,18.66
-111.7080484,33.082025,388,1.4081,-0.1801,4.8,329.65,381.52,1235.81,27.67,18.53
-111.708075,33.0820233,388,1.3998,-0.1824,4.89,324.22,379.75,1231,27.73,18.46
-111.7080984,33.0820216,388,1.3957,-0.179,4.95,313.01,379.14,1225.97,27.73,18.46
-111.7081234,33.0820216,387.9,1.3916,-0.1606,5,303.92,380.13,1220.76,27.68,18.5
-111.7081467,33.08202,387.9,1.3882,-0.1495,5.03,305.02,382.02,1217.55,27.6,18.54
-111.7081717,33.0820216,387.8,1.3821,-0.1218,5.06,315.52,383.99,1219.02,27.51,18.58
-111.7081967,33.0820216,387.8,1.3804,-0.1006,5.07,328.68,384.81,1225.31,27.45,18.58
-111.7082217,33.08202,387.8,1.3789,-0.0857,5.06,339.84,384.09,1230.9,27.42,18.54
-111.708245,33.08202,387.8,1.3788,-0.0712,5.04,347.94,382.47,1231.07,27.42,18.52
-111.70827,33.0820183,387.7,1.3814,-0.0611,5.03,355.51,381.5,1227.4,27.45,18.52
-111.708295,33.0820183,387.8,1.381,-0.0361,5.04,359,383.1,1225.43,27.51,18.52
-111.7083184,33.0820166,387.8,1.381,-0.0392,5.1,354.77,385.94,1227.2,27.56,18.48
-111.7083434,33.0820166,387.9,1.3759,-0.0401,5.19,341.11,387.09,1229.78,27.59,18.42
-111.7083684,33.0820166,387.9,1.3734,-0.0406,5.3,320.39,384.89,1229.69,27.6,18.4
-111.708395,33.082015,387.9,1.3677,-0.0423,5.42,299.89,381.64,1226.89,27.6,18.42
-111.7084216,33.082015,388,1.3605,-0.0413,5.51,292.62,380.3,1222.89,27.6,18.43
-111.7084484,33.0820133,388,1.351,-0.0428,5.59,297.11,379.82,1218.52,27.59,18.37
-111.7084768,33.0820133,387.9,1.3409,-0.0398,5.64,302.27,378.41,1215.83,27.55,18.27
-111.7085049,33.0820116,387.9,1.328,-0.0398,5.66,303.34,377.48,1217.94,27.49,18.21
-111.7085334,33.0820116,387.9,1.3111,-0.0373,5.62,304.58,378.78,1224.16,27.36,18.27
-111.70856,33.0820116,387.9,1.2976,-0.0345,5.55,306.86,381.48,1229.04,27.2,18.43
-111.7085867,33.0820116,387.8,1.2832,-0.0309,5.46,302.69,384.33,1230.72,27.03,18.58
-111.7086134,33.0820116,387.9,1.2669,-0.0268,5.37,286.17,385.87,1229.51,26.91,18.63
-111.70864,33.0820116,387.9,1.2506,-0.0249,5.28,264.11,385.52,1226.95,26.9,18.61
-111.708665,33.08201,388,1.2384,-0.0238,5.23,247.37,385.45,1227.35,27.01,18.58
-111.7086899,33.08201,388.1,1.2209,-0.0218,5.21,236.79,386.93,1232.8,27.22,18.55
-111.708715,33.0820083,388.1,1.2129,-0.0209,5.22,233.21,388.49,1239.94,27.52,18.52
-111.70874,33.0820083,388.1,1.201,-0.019,5.24,239.49,388.04,1242.9,27.84,18.5
-111.7087667,33.0820066,388.1,1.1914,-0.0177,5.27,254.63,385.93,1240.29,28.15,18.49
-111.7087917,33.0820066,388.1,1.1828,-0.0138,5.3,267.8,384.7,1235.81,28.37,18.46
-111.70882,33.0820066,388.1,1.1727,-0.0116,5.33,273.55,385.71,1231.79,28.48,18.43
-111.7088467,33.0820066,388.1,1.1615,-0.008,5.36,273.21,387.25,1228.22,28.43,18.47
-111.7088733,33.0820083,388,1.1494,-0.0034,5.39,276.7,387.32,1223.78,28.29,18.53
-111.7088984,33.0820066,388,1.1498,-0.0001,5.42,288.87,387.03,1220.52,28.11,18.56
-111.708925,33.0820066,388,1.1453,0.0044,5.46,307.51,387.68,1220.31,27.9,18.56
-111.7089517,33.0820066,388.1,1.1456,0.0096,5.53,322.42,387.88,1221.1,27.68,18.54
-111.7089784,33.0820066,388.1,1.1444,0.0138,5.61,326.68,385.76,1218.74,27.48,18.5
-111.7090067,33.082005,388.2,1.1501,0.0174,5.67,325.02,382.11,1214.79,27.32,18.45
-111.7090333,33.082005,388.2,1.1529,0.0206,5.69,329.18,379.96,1214.63,27.24,18.43
-111.7090616,33.082005,388.2,1.1552,0.023,5.7,351.99,380.08,1217.13,27.21,18.45
-111.7091167,33.0820033,388.2,1.166,0.0256,5.65,415.51,380.57,1213.56,27.27,18.55
-111.7091434,33.0820033,388.2,1.1643,0.0255,5.59,396.18,379.83,1211.83,27.34,18.51
-111.7091702,33.0820016,388.2,1.1619,0.0248,5.52,355.73,378.89,1211.3,27.43,18.46
-111.7091967,33.0820016,388.2,1.1538,0.0242,5.46,329.76,378.04,1211.95,27.53,18.4
-111.7092217,33.082,388.2,1.146,0.0225,5.41,343.67,378.32,1213.6,27.62,18.36
-111.7092484,33.082,388.2,1.1332,0.0218,5.36,394.46,380.41,1216.11,27.68,18.38
-111.7093234,33.0819983,388.3,1.0738,0.02,5.22,423.18,387.94,1226,27.33,18.63
-111.70935,33.0819983,388.3,1.0458,0.0202,5.23,392.85,386.8,1223.53,27.17,18.59
-111.709375,33.0819983,388.3,1.0182,0.02,5.27,354.53,386.15,1219.93,27,18.54
-111.7094,33.0819983,388.4,0.9889,0.0192,5.33,316.73,385.01,1215.88,26.79,18.5
-111.7094268,33.0819983,388.3,0.957,0.0175,5.4,293.75,382.36,1211.56,26.58,18.46
-111.7094534,33.0819983,388.3,0.9234,0.0137,5.43,298.81,379.56,1208.15,26.42,18.39
-111.70948,33.0819983,388.2,0.8846,0.0085,5.4,331.4,377.95,1206.3,26.34,18.31
-111.709505,33.0819983,388.2,0.8504,0.0028,5.35,376.02,377.39,1206.41,26.31,18.3
-111.70953,33.0819983,388.1,0.82,-0.0036,5.28,412.88,377.83,1207.77,26.31,18.36
-111.709555,33.0819983,388.1,0.7896,-0.0104,5.19,425.03,379.84,1208.95,26.32,18.42
-111.70958,33.0819983,388.1,0.7613,-0.0167,5.11,412.38,382.9,1209.94,26.34,18.45
-111.709605,33.0819966,388.2,0.7372,-0.0226,5.06,390.11,385.03,1212.44,26.39,18.44
-111.70963,33.0819966,388.2,0.712,-0.0282,5.04,377.4,384.75,1215.84,26.44,18.43
-111.709655,33.0819983,388.2,0.6835,-0.0303,5.04,377.41,382.98,1218.11,26.52,18.42
-111.7096784,33.0819983,388.2,0.6651,-0.0315,5.07,375.68,381.75,1219.38,26.6,18.43
-111.7097034,33.0819983,388.3,0.65,-0.0316,5.13,360.77,381.29,1220.67,26.68,18.44
-111.7097284,33.0819966,388.3,0.6359,-0.0315,5.21,338.49,380.66,1220.66,26.76,18.47
-111.709755,33.0819966,388.2,0.6199,-0.0309,5.28,324.89,379.52,1218.99,26.85,18.52
-111.7097817,33.081995,388.2,0.6077,-0.0319,5.33,329.56,378.94,1217.9,26.95,18.58
-111.7098084,33.081995,388.1,0.5902,-0.0322,5.36,347.43,379.27,1217.95,27.07,18.61
-111.709835,33.0819933,388,0.5775,-0.0342,5.39,366.34,380.22,1217.62,27.2,18.63
-111.70986,33.0819916,388,0.5682,-0.0371,5.4,371.62,381.83,1217.94,27.32,18.67
-111.7098867,33.0819916,388,0.5539,-0.0406,5.4,358.26,384.96,1220.56,27.44,18.73
-111.7099134,33.0819916,388,0.5418,-0.043,5.4,339.98,389.25,1224.39,27.53,18.76
-111.70994,33.0819916,388,0.5305,-0.047,5.4,333.09,392.88,1228.2,27.57,18.79
-111.7099667,33.0819916,388,0.5205,-0.0498,5.4,337.54,394.69,1232.53,27.58,18.82
-111.7099917,33.08199,388,0.5141,-0.0518,5.4,344.31,395.1,1236.72,27.57,18.87
-111.7100184,33.08199,388,0.5061,-0.0504,5.39,349.93,394.04,1240.11,27.55,18.93
-111.71007,33.0819883,388,0.4915,-0.0363,5.34,358.7,386.42,1241.14,27.51,19
-111.7101734,33.0819866,387.9,0.4839,0.0465,5.38,346.18,396.62,1243.91,27.77,19.26
-111.7102268,33.0819866,387.9,0.494,0.0979,5.31,298.87,392.07,1238.28,27.92,19.29
-111.7102517,33.0819866,387.9,0.5049,0.116,5.27,288.78,391.21,1237.16,27.96,19.29
-111.7102784,33.0819866,388,0.5255,0.1303,5.23,283.55,389.89,1236.68,27.97,19.27
-111.7103518,33.0819866,388,0.5934,0.1352,5.11,260.3,384.29,1242.84,27.69,19.25
-111.7104016,33.0819866,388,0.6384,0.1129,5.1,248.22,394.29,1249.15,27.45,19.36
-111.710535,33.081985,388.1,0.7058,-0.0107,5.58,59.26,395.57,1251.33,26.55,19.96
-111.7105884,33.081985,388,0.6905,-0.062,5.72,35.54,391.43,1241.67,26.45,19.99
-111.710725,33.0819816,387.8,0.6167,-0.1204,5.49,268.6,398.39,1235.55,26.42,19.77
-111.710805,33.08198,387.7,0.6089,-0.0732,5.34,283.34,398.48,1247.54,26.52,19.8
-111.710855,33.0819783,387.7,0.6003,-0.0226,5.24,302.39,394.18,1241.19,26.43,19.75
-111.71088,33.0819766,387.7,0.5906,0.0047,5.21,301.32,391.37,1234.54,26.39,19.7
-111.71093,33.081975,387.7,0.562,0.0579,5.2,294.93,381.33,1222.19,26.34,19.63
-111.71098,33.0819733,387.8,0.5238,0.0993,5.22,301.12,380.92,1230.62,26.38,19.65
-111.711005,33.0819716,387.8,0.5036,0.1126,5.24,289.94,382.21,1233.81,26.43,19.68
-111.71103,33.0819716,387.7,0.4909,0.1208,5.26,289.12,382.62,1234.04,26.51,19.71
-111.7110567,33.0819716,387.7,0.4822,0.1228,5.26,310.86,382.36,1232.09,26.61,19.71
-111.7110817,33.08197,387.7,0.4864,0.1177,5.23,332.93,382.21,1228.45,26.7,19.65
-111.7111067,33.08197,387.6,0.4916,0.108,5.16,330.82,381.84,1223.46,26.78,19.59
-111.7111318,33.0819683,387.6,0.505,0.0945,5.09,305.39,380.43,1219.31,26.84,19.54
-111.7111567,33.0819683,387.6,0.5161,0.0813,5.03,274.76,378.71,1218.99,26.88,19.52
-111.71118,33.0819666,387.6,0.5418,0.0671,5.01,249.72,378.57,1221.74,26.89,19.51
-111.711205,33.0819666,387.6,0.5642,0.0544,5,229.97,380.34,1224.29,26.9,19.47
-111.71123,33.0819666,387.7,0.5888,0.0435,5,221.8,382.64,1223.14,26.89,19.42
-111.7112534,33.0819633,387.7,0.6245,0.0341,5,225.35,384.2,1219.5,26.88,19.35
-111.7112784,33.0819616,387.7,0.6567,0.0268,5,234.37,385.6,1216.87,26.86,19.29
-111.7113018,33.08196,387.7,0.6884,0.0215,5.02,241.66,386.37,1217.75,26.84,19.29
-111.7113266,33.08196,387.7,0.7154,0.0174,5.04,246.16,385.82,1220.57,26.84,19.3
-111.7113516,33.0819583,387.8,0.7506,0.0141,5.06,248.35,384.03,1221.08,26.86,19.28
-111.7113766,33.0819583,387.8,0.7812,0.0102,5.09,249.61,381.88,1216.32,26.93,19.23
-111.7114034,33.0819583,387.8,0.8142,0.0089,5.1,254.08,379.29,1209.23,27.07,19.18
-111.7114267,33.0819583,387.8,0.8416,0.0075,5.09,258.82,377.9,1206.34,27.19,19.16
-111.7114516,33.0819583,387.9,0.8644,0.0061,5.04,264.13,378.34,1208,27.32,19.16
-111.7114766,33.0819583,387.9,0.8879,0.0047,4.91,272.54,379.81,1210.93,27.44,19.17
-111.7115,33.0819566,387.9,0.9092,0.0037,4.7,286.25,380.04,1211.94,27.56,19.15
-111.7115234,33.0819566,387.9,0.9247,0.0028,4.42,302.79,379.57,1211.56,27.65,19.09
-111.711545,33.0819566,387.9,0.9381,0.002,4.16,315.11,379.37,1211.28,27.74,19.03
-111.7115634,33.0819566,387.9,0.9448,0.0016,3.96,321.26,379.54,1211.46,27.8,19.01
-111.7115817,33.0819566,387.9,0.9528,0.0013,3.81,323.81,379.73,1211.86,27.84,19
-111.7115984,33.0819566,387.9,0.9568,0.001,3.7,324.04,379.7,1212.26,27.88,19
-111.71164,33.08185,387.6,1.3579,0.0003,2.27,259.65,384.24,1206.72,28.38,20.02
-111.71163,33.0818533,387.5,1.3411,0.0004,2.33,268.81,385.42,1210.38,28.38,20.01
-111.71162,33.0818566,387.4,1.3265,0.0005,2.42,276.85,386.44,1213.85,28.39,20
-111.71161,33.0818583,387.4,1.3184,0.0005,2.52,283.14,387.17,1216.78,28.4,19.98
-111.7116,33.0818616,387.5,1.3034,0.0006,2.66,288,387.6,1219.3,28.42,19.96
-111.7115884,33.081865,387.5,1.2873,0.0007,2.84,290.86,387.65,1221.35,28.44,19.92
-111.7115734,33.0818666,387.5,1.2777,0.0009,3.12,289.5,386.98,1222.24,28.48,19.87
-111.7115549,33.0818699,387.6,1.2593,0.0012,3.5,281.37,385.26,1220.9,28.55,19.81
-111.711535,33.0818716,387.6,1.2438,0.0015,3.88,269.22,383.32,1217.5,28.64,19.74
-111.7115134,33.0818733,387.6,1.2284,0.0021,4.21,261.78,382,1213.65,28.75,19.67
-111.7114899,33.081875,387.6,1.2055,0.0028,4.44,271.69,381.22,1210.79,28.83,19.59
-111.7114684,33.081875,387.6,1.1905,0.0035,4.57,296.13,380.42,1209.1,28.83,19.53
-111.711445,33.0818766,387.5,1.1662,0.0044,4.66,326.37,379.5,1206.57,28.71,19.5
-111.7114217,33.0818766,387.4,1.1466,0.0053,4.73,345.42,378.86,1202.78,28.48,19.49
-111.7113984,33.0818783,387.3,1.1168,0.0063,4.79,349.25,379.09,1199.75,28.16,19.47
-111.711375,33.0818783,387.4,1.0934,0.0069,4.84,344.59,379.98,1199.57,27.83,19.42
-111.71135,33.08188,387.4,1.0618,0.0076,4.89,336.67,380.71,1202.63,27.53,19.36
-111.711325,33.0818816,387.5,1.0251,0.0102,4.95,328.63,380.38,1206,27.35,19.3
-111.7113,33.0818816,387.5,0.9994,0.0117,4.98,319.55,379.73,1208.09,27.33,19.26
-111.7112768,33.0818833,387.6,0.9683,0.0135,4.99,309.35,379.98,1210.83,27.44,19.23
-111.7112517,33.081885,387.7,0.9326,0.016,5,298.66,381.06,1217.39,27.66,19.21
-111.711225,33.081885,387.6,0.9064,0.019,5.01,289.17,382.03,1226.52,27.9,19.21
-111.7112017,33.0818866,387.6,0.876,0.022,5.02,279.12,382.99,1232.58,28.05,19.21
-111.7111767,33.0818866,387.6,0.8497,0.0256,5.05,261.66,385.46,1235.79,28.13,19.2
-111.7111518,33.0818866,387.5,0.8284,0.0291,5.1,236.44,389.08,1236.43,28.11,19.19
-111.711125,33.0818866,387.4,0.8079,0.0322,5.15,207.92,391.64,1235.9,28.02,19.19
-111.7111,33.0818883,387.4,0.7844,0.0353,5.17,191.19,391.16,1235.78,27.87,19.19
-111.711075,33.08189,387.4,0.7661,0.0372,5.14,190.58,388.31,1236.91,27.68,19.19
-111.71105,33.08189,387.4,0.7613,0.0353,5.08,203.37,384.8,1237.62,27.5,19.18
-111.7110266,33.08189,387.5,0.7616,0.0306,5,220.1,382.29,1236.11,27.33,19.15
-111.7110034,33.0818916,387.5,0.7607,0.0259,4.93,235.84,381.07,1231.98,27.2,19.12
-111.71098,33.0818933,387.6,0.763,0.019,4.88,248.3,380.92,1226.69,27.11,19.11
-111.7109567,33.0818933,387.6,0.7761,0.0091,4.84,254.94,381.02,1221.31,27.05,19.12
-111.7109317,33.0818933,387.6,0.7937,-0.0026,4.81,253.9,380.57,1214.77,27,19.14
-111.71091,33.0818949,387.5,0.8013,-0.0136,4.79,247.94,379.54,1207.89,26.97,19.14
-111.7108867,33.0818949,387.5,0.8189,-0.0257,4.76,238.51,378.11,1201.39,26.94,19.15
-111.710865,33.0818949,387.5,0.8328,-0.0366,4.73,229.52,376.7,1198.87,26.91,19.18
-111.7108417,33.0818949,387.4,0.848,-0.0482,4.7,224.33,375.3,1200.82,26.88,19.21
-111.71082,33.0818949,387.4,0.8592,-0.0579,4.67,227.3,374.62,1204.24,26.84,19.23
-111.7107967,33.0818966,387.4,0.862,-0.0681,4.64,236.07,374.52,1206.53,26.77,19.23
-111.7107734,33.0818966,387.5,0.8708,-0.0771,4.62,243.48,375.03,1207.04,26.67,19.22
-111.71075,33.0818983,387.5,0.869,-0.0855,4.61,245.19,375.87,1207.07,26.55,19.19
-111.7107267,33.0818983,387.6,0.8732,-0.0922,4.6,243.12,376.19,1206.12,26.42,19.16
-111.710705,33.0819,387.6,0.8664,-0.0979,4.61,240.19,375.67,1204.58,26.3,19.15
-111.7106817,33.0819016,387.7,0.8601,-0.1014,4.61,236.61,375.08,1204.25,26.19,19.17
-111.71066,33.0819016,387.7,0.8568,-0.1025,4.63,232.45,375.29,1206.37,26.14,19.2
-111.7106366,33.0819016,387.7,0.8503,-0.1016,4.65,227.93,376.25,1210.03,26.15,19.21
-111.7105917,33.0819016,387.6,0.8366,-0.0925,4.69,226.31,377.14,1212.94,26.33,19.08
-111.7105684,33.0819016,387.5,0.8265,-0.0843,4.7,227.47,376.53,1212.14,26.42,19.05
-111.7101117,33.081905,387.6,0.6309,-0.0715,5.32,309.61,383.74,1231.54,26.76,19.2
-111.7100867,33.081905,387.7,0.6432,-0.0805,5.35,293.37,386.28,1232.4,26.79,19.2
-111.71006,33.081905,387.7,0.6561,-0.0852,5.38,280.19,388.73,1229.78,26.83,19.18
-111.7100334,33.081905,387.7,0.6669,-0.0867,5.41,271.79,390.48,1224.37,26.88,19.14
-111.7100066,33.081905,387.7,0.6777,-0.0855,5.43,264.35,391.59,1221.01,26.94,19.11
-111.70998,33.081905,387.7,0.6913,-0.0814,5.41,257.91,392.17,1221.87,27,19.09
-111.709955,33.081905,387.8,0.7022,-0.0768,5.37,258.48,391.72,1223.53,27.06,19.13
-111.7099284,33.081905,387.8,0.7153,-0.073,5.35,273.19,389.22,1222.85,27.12,19.21
-111.7099034,33.081905,387.8,0.728,-0.0668,5.36,304.65,384.95,1219.55,27.16,19.29
-111.7098767,33.081905,387.8,0.74,-0.0616,5.4,348.83,380.04,1214.78,27.18,19.31
-111.70985,33.081905,387.7,0.751,-0.057,5.46,385.08,376.5,1210.37,27.16,19.29
-111.7098234,33.081905,387.7,0.7649,-0.0531,5.52,408.37,374.75,1206.8,27.1,19.23
-111.709795,33.081905,387.7,0.7764,-0.0501,5.58,429.07,375.14,1204.3,26.97,19.17
-111.7097684,33.0819066,387.7,0.7843,-0.0478,5.62,438.19,377.24,1203.99,26.83,19.11
-111.7097417,33.0819066,387.8,0.7975,-0.0456,5.64,422.59,378.74,1205.99,26.68,19.09
-111.709715,33.081905,387.9,0.8135,-0.0446,5.61,384.81,378.78,1210.24,26.55,19.08
-111.7096884,33.081905,387.9,0.8242,-0.0439,5.52,347.21,379.09,1215.95,26.48,19.07
-111.7096618,33.081905,387.9,0.8357,-0.042,5.4,325.22,379.79,1221.26,26.49,19.08
-111.7096367,33.081905,387.9,0.8493,-0.0407,5.29,312.9,379.66,1224.31,26.6,19.11
-111.7096117,33.081905,387.9,0.8626,-0.0396,5.19,298.36,379.06,1225.4,26.77,19.17
-111.7095866,33.081905,387.9,0.8795,-0.0376,5.11,280.89,378.82,1225.12,26.95,19.24
-111.7095633,33.0819066,387.9,0.8933,-0.0361,5.04,266.59,378.69,1222.3,27.1,19.28
-111.7095384,33.0819066,387.9,0.9086,-0.0344,4.98,256.51,378.54,1216.15,27.24,19.28
-111.709515,33.0819066,387.8,0.9238,-0.0329,4.96,253.07,379.3,1211.91,27.33,19.24
-111.70949,33.0819066,387.8,0.9402,-0.0306,4.99,252.76,381.18,1214.1,27.39,19.18
-111.7094667,33.0819066,387.8,0.9552,-0.029,5.08,250.88,382.31,1219.96,27.43,19.15
-111.7094417,33.0819066,387.9,0.9727,-0.0275,5.2,250.11,381.98,1223.56,27.48,19.13
-111.7094167,33.0819066,387.9,0.9927,-0.0258,5.33,256.7,381.11,1221.92,27.53,19.1
-111.7093899,33.0819066,387.9,1.0093,-0.0246,5.44,270.5,380.91,1217.23,27.6,19.05
-111.7093618,33.0819066,387.9,1.0271,-0.0233,5.53,290.18,381.49,1212.48,27.66,19.03
-111.709335,33.0819066,387.9,1.0442,-0.0214,5.59,316.22,382.96,1210.16,27.72,19.04
-111.7093066,33.0819066,387.9,1.0634,-0.0195,5.65,335.79,385.28,1211.43,27.78,19.07
-111.7092784,33.0819066,387.9,1.0833,-0.0172,5.68,328.96,386.98,1215.86,27.84,19.11
-111.7092516,33.0819066,387.8,1.1048,-0.0155,5.67,313.69,386.29,1220.04,27.9,19.15
-111.709225,33.0819066,387.8,1.1227,-0.0127,5.63,314.78,383.66,1220.8,27.97,19.14
-111.7091983,33.0819066,387.8,1.137,-0.0096,5.57,338.22,381.64,1218.21,28.04,19.1
-111.7091717,33.0819066,387.8,1.1496,-0.0064,5.53,362.63,381.52,1216.88,28.11,19.08
-111.709145,33.0819066,387.8,1.1577,-0.0051,5.51,359.75,381.7,1219.58,28.18,19.14
-111.7091184,33.0819066,387.8,1.1653,-0.0035,5.5,333.29,380.8,1223.24,28.24,19.23
-111.7090917,33.0819066,387.8,1.1701,-0.0038,5.5,310.65,380.25,1225.13,28.25,19.27
-111.709065,33.0819083,387.8,1.1754,-0.0047,5.5,300.84,382.02,1225.89,28.21,19.25
-111.70904,33.0819066,387.9,1.1652,-0.0102,5.49,298.29,384.82,1226.51,28.09,19.15
-111.7090134,33.0819066,387.8,1.1596,-0.0167,5.46,302.77,386.88,1228.12,27.91,19.02
-111.7089867,33.0819066,387.8,1.1502,-0.0274,5.43,309.74,388.51,1232.59,27.7,18.93
-111.70896,33.0819066,387.8,1.1437,-0.0399,5.4,305.33,390.76,1238.1,27.49,18.93
-111.7089367,33.0819066,387.7,1.1389,-0.053,5.37,291.13,391.93,1240.35,27.33,18.95
-111.70891,33.0819066,387.7,1.1328,-0.0683,5.34,275.23,391.49,1240.08,27.16,18.96
-111.708885,33.0819066,387.7,1.1234,-0.0838,5.32,270.27,391.19,1240.95,27.04,18.93
-111.70886,33.0819066,387.7,1.1191,-0.0967,5.3,275.49,392.04,1244.4,26.97,18.88
-111.7088334,33.0819083,387.6,1.1201,-0.1093,5.3,283.96,392.46,1247.65,26.94,18.8
-111.7088084,33.0819066,387.6,1.115,-0.1221,5.3,284.18,391.23,1247.24,26.97,18.76
-111.7087817,33.0819066,387.6,1.1186,-0.132,5.3,275.72,389.33,1244.07,27.06,18.75
-111.7087566,33.0819066,387.6,1.1244,-0.14,5.3,270.91,388.12,1240.85,27.2,18.76
-111.7087317,33.0819066,387.6,1.1267,-0.1503,5.3,279.24,387.59,1237.51,27.37,18.79
-111.7087067,33.0819066,387.7,1.132,-0.1591,5.3,303.73,387.83,1233.17,27.54,18.84
-111.70868,33.0819066,387.6,1.1405,-0.1727,5.28,339.95,388.41,1227.7,27.71,18.85
-111.708655,33.0819083,387.6,1.1583,-0.1819,5.26,367.78,387.58,1223.02,27.84,18.83
-111.70863,33.0819083,387.6,1.1686,-0.1974,5.25,382.15,384.95,1219.61,27.93,18.78
-111.708605,33.0819083,387.5,1.1781,-0.2132,5.25,392.61,382.48,1216.91,27.97,18.73
-111.70858,33.08191,387.5,1.1943,-0.2266,5.29,409.3,381.98,1212.84,27.99,18.71
-111.708555,33.08191,387.5,1.202,-0.2426,5.36,427.28,382.54,1207.38,28,18.68
-111.7085284,33.0819116,387.5,1.22,-0.2522,5.43,432.58,382.5,1203.97,28,18.64
-111.7085018,33.0819116,387.5,1.228,-0.2669,5.46,420.71,381.84,1206.97,28,18.59
-111.708475,33.0819116,387.5,1.2349,-0.2789,5.46,405,381.35,1214.17,28,18.61
-111.7084484,33.0819116,387.5,1.2408,-0.2863,5.43,395.46,381.3,1219.04,28,18.68
-111.7084216,33.0819116,387.5,1.2444,-0.2933,5.4,388.67,382.24,1217.65,27.98,18.76
-111.708395,33.0819116,387.6,1.246,-0.2966,5.37,380.8,383.68,1211.91,27.96,18.8
-111.70837,33.0819116,387.6,1.2492,-0.2974,5.34,376.54,383.92,1206.66,27.92,18.78
-111.7083452,33.0819133,387.5,1.2553,-0.3265,5.31,379.37,382.43,1204.11,27.87,18.77
-111.7083184,33.0819133,387.5,1.2508,-0.3541,5.29,386.48,380.4,1204.64,27.8,18.79
-111.7082934,33.0819133,387.5,1.2485,-0.3935,5.26,391.87,380.59,1208.3,27.74,18.8
-111.7082666,33.0819133,387.4,1.2425,-0.4781,5.24,393.28,383.84,1215.91,27.68,18.77
-111.7082416,33.0819133,387.4,1.236,-0.5692,5.21,385.58,386.92,1224.53,27.64,18.72
-111.7082167,33.0819133,387.4,1.2314,-0.6855,5.2,367.09,387.09,1230.89,27.62,18.67
-111.7081917,33.0819133,387.3,1.226,-0.8237,5.17,342.81,385.41,1233.17,27.6,18.64
-111.7081667,33.0819133,387.3,1.2177,-0.9815,5.13,319.52,385,1231.89,27.6,18.62
-111.7081434,33.0819116,387.3,1.2056,-1.1566,5.08,302.51,386.58,1229.26,27.6,18.62
-111.70812,33.0819116,387.4,1.2019,-1.2957,5.03,293.67,388.69,1227.02,27.6,18.65
-111.7080967,33.0819116,387.4,1.1978,-1.4108,5.01,293.78,390.11,1226.29,27.6,18.71
-111.7080734,33.0819116,387.4,1.1973,-1.4794,5.02,299.96,390.52,1226.51,27.6,18.8
-111.70805,33.0819116,387.4,1.195,-1.4999,5.05,309.69,390.12,1225.96,27.6,18.87
-111.7080249,33.0819116,387.4,1.1987,-1.4612,5.1,318.91,389.61,1224.45,27.6,18.89
-111.708,33.0819133,387.4,1.2083,-1.3384,5.14,318.22,389.63,1223.58,27.58,18.88
-111.707975,33.0819133,387.4,1.213,-1.192,5.14,301.63,389.85,1224.55,27.56,18.89
-111.70795,33.081915,387.4,1.2257,-0.9917,5.06,275.58,389.49,1226.75,27.54,18.91
-111.7079267,33.0819166,387.5,1.2373,-0.8022,4.9,256.66,388.39,1227.69,27.52,18.91
-111.7079034,33.0819166,387.5,1.2411,-0.6399,4.64,249.42,386.95,1225.26,27.53,18.89
-111.7078817,33.0819166,387.4,1.247,-0.5022,4.37,249.21,386,1221.22,27.54,18.88
-111.70786,33.0819183,387.5,1.2565,-0.3749,4.13,250.04,385.94,1218.64,27.56,18.89
-111.7078417,33.0819183,387.5,1.2566,-0.2936,3.97,250.33,386.54,1218.76,27.57,18.9
-111.707825,33.08192,387.4,1.2657,-0.227,3.86,250.46,387.44,1220.19,27.58,18.91
-111.7078183,33.0820933,387.1,1.4285,-0.0154,2.09,285.17,379.57,1211.91,27.89,18.92
-111.707825,33.0820933,387.1,1.4275,-0.0151,2.16,285.95,379.79,1213.4,27.92,18.91
-111.7078317,33.0820933,387.1,1.4264,-0.0149,2.24,286.86,380.03,1214.88,27.96,18.9
-111.7078417,33.0820933,387.1,1.4246,-0.0144,2.39,288.51,380.42,1217.03,28.02,18.88
-111.7078516,33.0820933,387.2,1.4227,-0.0139,2.56,290.35,380.84,1219.09,28.09,18.85
-111.7078667,33.0820933,387.2,1.4189,-0.0129,2.87,293.42,381.5,1222.01,28.21,18.81
-111.7078833,33.0820933,387.2,1.4137,-0.0116,3.29,296.68,382.11,1224.63,28.36,18.76
-111.707905,33.0820933,387.2,1.4067,-0.0098,3.9,299.72,382.48,1226.34,28.55,18.71
-111.7079267,33.0820933,387.2,1.3994,-0.0076,4.45,301.07,382.49,1225.47,28.67,18.68
-111.7079516,33.0820933,387.2,1.3894,-0.005,4.89,300.94,382.61,1221.82,28.7,18.65
-111.7079766,33.0820933,387.2,1.3775,-0.0254,5.09,299.78,382.87,1217.33,28.62,18.63
-111.7080016,33.0820933,387.1,1.3653,-0.0254,5.12,299.52,382.8,1213.23,28.47,18.61
-111.7080268,33.0820933,387.1,1.3514,-0.0245,5.02,302.28,382.77,1210.54,28.26,18.6
-111.7080517,33.0820933,387,1.3395,-0.0228,4.86,307.76,382.91,1211.22,28.04,18.57
-111.708075,33.0820933,387,1.3283,-0.0203,4.73,312.6,383.52,1215.89,27.85,18.54
-111.7080967,33.0820933,387,1.3201,-0.0174,4.63,313.4,384.25,1221.54,27.7,18.55
-111.7081184,33.0820933,387,1.3116,-0.0141,4.57,309.63,384.29,1225.48,27.6,18.59
-111.70814,33.0820916,387,1.3058,0.0061,4.55,303.64,382.89,1226.28,27.54,18.65
-111.7081616,33.0820916,387,1.298,0.0059,4.57,299.58,380.77,1224.91,27.51,18.69
-111.7081834,33.0820916,387,1.2885,0.0057,4.63,300.6,379.39,1222.97,27.5,18.7
-111.708205,33.08209,387,1.284,0.0052,4.73,307.07,379.43,1221.33,27.48,18.67
-111.7082284,33.0820883,386.9,1.2794,0.0047,4.87,318.24,380.01,1220,27.46,18.59
-111.7082534,33.0820866,386.9,1.2756,0.0041,5.03,330.93,379.84,1217.42,27.42,18.49
-111.7082784,33.0820866,386.9,1.2657,0.0008,5.18,342.87,379.17,1213.07,27.37,18.42
-111.708305,33.0820866,386.9,1.2573,0.0002,5.3,353.98,378.52,1210.24,27.3,18.36
-111.70833,33.082085,386.8,1.2541,0.0017,5.36,359.43,378.26,1212.68,27.25,18.33
-111.7083567,33.0820833,386.9,1.2432,0.0008,5.39,356.68,379.17,1218.38,27.22,18.33
-111.7083816,33.0820833,386.9,1.2309,0.0006,5.38,350.44,381.27,1221.4,27.21,18.34
-111.7084084,33.0820833,386.9,1.213,-0.0019,5.36,348.59,383.85,1220.29,27.22,18.3
-111.708435,33.0820833,386.9,1.1956,-0.0019,5.34,355.44,385.18,1217.67,27.24,18.24
-111.7084616,33.0820816,386.9,1.1811,-0.0022,5.31,365.02,383.8,1216.39,27.28,18.19
-111.7084867,33.0820816,386.9,1.165,0.0006,5.3,368.17,380.68,1216.11,27.33,18.19
-111.7085134,33.0820833,386.8,1.1354,0.0009,5.3,362,377.8,1215.08,27.38,18.18
-111.7085383,33.0820833,386.8,1.1147,0.0011,5.28,348.07,377.38,1213.99,27.43,18.15
-111.7085634,33.0820833,386.8,1.0932,0.0014,5.26,327.55,379.83,1214.22,27.48,18.09
-111.7085884,33.0820833,386.8,1.069,0.0006,5.24,307.65,384.42,1216.23,27.54,18.03
-111.7086134,33.0820833,386.7,1.0473,0.0011,5.22,300.66,389.34,1220.21,27.61,17.94
-111.7086384,33.0820833,386.7,1.0279,0.004,5.21,310.36,392.97,1226.16,27.68,17.87
-111.7086633,33.0820833,386.8,1.0034,0.0045,5.2,327.89,394.22,1233.47,27.76,17.83
-111.708715,33.0820833,386.8,0.9623,0.0061,5.2,337.69,388.8,1239.71,27.96,17.89
-111.70874,33.0820833,386.9,0.9391,0.0062,5.2,330.82,388.94,1236.32,27.99,17.91
-111.708765,33.0820833,386.9,0.9205,0.0077,5.19,329.86,391.54,1232.52,28,17.92
-111.70879,33.0820833,387,0.9049,0.0108,5.17,343.45,394.26,1229.45,28,17.93
-111.708815,33.0820816,386.9,0.8931,0.0132,5.12,375.65,395.56,1227.82,28.01,17.94
-111.70884,33.0820816,386.8,0.8791,0.0162,5.05,415.83,395.31,1227.89,28.02,17.95
-111.7088633,33.0820816,386.8,0.8664,0.0195,4.99,441.72,394.28,1228.7,28.06,17.97
-111.7088866,33.0820816,386.7,0.8565,0.0235,4.95,447.22,393.23,1229.86,28.12,17.99
-111.7089116,33.0820833,386.6,0.8402,0.0285,4.92,436.49,392.54,1232.27,28.21,18.03
-111.708935,33.0820833,386.6,0.8339,0.0331,4.9,419.2,391.32,1235,28.3,18.07
-111.7089584,33.0820833,386.5,0.8316,0.0391,4.88,394.59,388.74,1236.04,28.39,18.11
-111.7089834,33.082085,386.5,0.8194,0.0449,4.86,364.3,385.49,1234.43,28.48,18.15
-111.709005,33.0820833,386.6,0.8277,0.0486,4.84,343.97,383.6,1231.23,28.51,18.14
-111.7090284,33.0820816,386.7,0.8386,0.0525,4.82,335.28,382.67,1227.65,28.47,18.1
-111.7090534,33.0820816,386.8,0.8406,0.0571,4.81,338.78,382.01,1226.17,28.31,18.06
-111.709075,33.0820816,386.8,0.8445,0.0607,4.81,345.52,381.33,1227.38,28.05,18.06
-111.7090983,33.0820816,386.8,0.8499,0.0643,4.82,350.21,380.48,1228.21,27.68,18.09
-111.7091216,33.0820816,386.7,0.8531,0.0676,4.84,349.31,379.49,1226.45,27.26,18.13
-111.709145,33.08208,386.7,0.8641,0.0696,4.88,338.36,378.81,1223.91,26.85,18.17
-111.7091702,33.08208,386.7,0.8669,0.072,4.92,315.05,378.89,1222.33,26.46,18.23
-111.709195,33.08208,386.6,0.8667,0.0745,4.95,289.81,379.16,1220.07,26.2,18.32
-111.7092183,33.08208,386.6,0.864,0.0762,4.98,274.14,378.66,1215.58,26.06,18.4
-111.7092934,33.08208,386.7,0.8393,0.085,5.17,261.45,374.21,1188.21,26.23,18.51
-111.70937,33.0820816,387,0.7767,0.0968,5.2,428.82,387.05,1214.65,26.82,18.76
-111.709515,33.0820816,387,0.6225,0.0603,5.1,239.47,382.31,1229.47,26.78,19.03
-111.7096183,33.0820833,387.1,0.535,-0.0016,5.27,242.33,391.2,1244.55,25.91,18.67
-111.70967,33.0820833,387.1,0.5162,-0.0158,5.13,311.56,387.14,1236.01,26.13,18.75
-111.709695,33.0820833,387.1,0.5134,-0.0169,5.03,340.26,387.06,1232.92,26.25,18.83
-111.7097199,33.0820833,387,0.5141,-0.0155,4.92,372.6,387.88,1230.94,26.37,18.91
-111.7097417,33.082085,387,0.5134,-0.0127,4.8,403.24,388.6,1229.87,26.47,18.96
-111.7097866,33.0820866,386.9,0.5184,-0.0064,4.5,423.84,389.54,1229.78,26.67,19.06
-111.7098266,33.0820866,386.9,0.5254,-0.0027,4.41,374.73,390.93,1229.53,26.75,19.16
-111.7098684,33.0820866,386.9,0.5306,-0.0009,4.56,320.61,389.17,1230.83,26.75,19.17
-111.7098884,33.0820866,387,0.5365,-0.0013,4.67,309.31,388.3,1232.28,26.74,19.15
-111.7099116,33.0820866,387,0.5405,-0.0024,4.83,301.32,387.84,1233.67,26.73,19.12
-111.7099367,33.082085,387.1,0.5438,-0.0028,5.02,293.46,388.03,1234.17,26.75,19.08
-111.7099616,33.0820833,387.2,0.5459,-0.0041,5.19,284.23,389.2,1233.4,26.78,19.04
-111.7099868,33.0820833,387.1,0.5495,-0.0052,5.33,272.48,390.52,1232.08,26.83,19.01
-111.7100134,33.0820816,387.1,0.5518,-0.0043,5.43,257.9,390.37,1231.26,26.88,19.02
-111.71004,33.0820816,387.1,0.5567,0.0001,5.51,246.65,388.39,1231.23,26.93,19.03
-111.7101233,33.0820783,387.1,0.5861,0.0443,5.79,274.22,385.29,1223.91,27.19,19.17
-111.7101516,33.0820766,387.1,0.6018,0.0681,5.8,287.85,383.55,1224.89,27.19,19.19
-111.7102616,33.082075,387.2,0.6986,0.1554,5.5,163.72,399.18,1238.45,26.48,19.52
-111.71034,33.082075,387,0.7831,0.1644,5.49,238.47,395.76,1235.38,26.19,19.45
-111.7104184,33.082075,386.9,0.8388,0.1322,5.41,258.9,397.68,1235,25.84,19.37
-111.7106034,33.082075,387.2,0.7305,-0.0346,5.5,159.5,381,1241,25.8,19.54
-111.7109,33.082075,387.1,0.6392,0.0499,5.63,227.03,397.06,1236.88,25.29,19.71
-111.710955,33.082075,387.1,0.6104,0.1072,5.69,208,396.92,1240.92,25.79,19.73
-111.7109834,33.082075,387,0.5843,0.1293,5.7,210.44,393.4,1244.19,26.06,19.76
-111.71101,33.082075,387.1,0.5604,0.1438,5.7,218.77,388.59,1245.9,26.29,19.76
-111.7110384,33.0820766,387.1,0.5406,0.1476,5.7,229.88,384.77,1245.51,26.51,19.7
-111.711065,33.0820766,387.1,0.5231,0.1469,5.7,239.13,384.48,1243.83,26.62,19.62
-111.7110934,33.0820766,387.2,0.5108,0.1349,5.7,243.05,386.82,1242.2,26.67,19.57
-111.7111484,33.0820766,387.2,0.5053,0.1009,5.7,222.31,389.83,1241.41,26.6,19.64
-111.711175,33.082075,387.2,0.5098,0.0835,5.7,223.49,390.97,1240.99,26.57,19.67
-111.7112034,33.082075,387.3,0.5233,0.065,5.7,229.99,391.85,1240.58,26.53,19.66
-111.7112317,33.0820733,387.4,0.5398,0.0495,5.7,229.14,390.54,1240.46,26.51,19.61
-111.71126,33.0820716,387.4,0.5628,0.0372,5.69,225.03,387.94,1240.7,26.5,19.61
-111.7112866,33.08207,387.3,0.5899,0.0283,5.67,238.4,387.09,1241.78,26.5,19.67
-111.7113134,33.0820683,387.3,0.6128,0.0218,5.61,275.38,388.24,1243.87,26.51,19.76
-111.71134,33.0820683,387.3,0.6423,0.0171,5.52,319.18,388.89,1245.25,26.54,19.85
-111.7113934,33.0820666,387.2,0.6973,0.0097,5.33,317.06,387.12,1241.49,26.76,19.82
-111.7114184,33.082065,387.3,0.7239,0.0082,5.31,289.9,388.37,1241.46,26.87,19.7
-111.7114434,33.0820633,387.4,0.7457,0.0069,5.31,270.42,389.16,1242.91,26.97,19.6
-111.71147,33.0820633,387.4,0.767,0.0056,5.33,260.07,388.42,1244.8,27.1,19.54
-111.7114966,33.0820616,387.5,0.7828,0.0045,5.32,260.05,387.17,1246.1,27.25,19.51
-111.7115234,33.08206,387.6,0.7973,0.0037,5.27,270.12,386.38,1246.78,27.4,19.5
-111.7115484,33.0820583,387.7,0.8122,0.0029,5.18,288.29,385.69,1247.37,27.53,19.51
-111.7115717,33.0820566,387.8,0.8197,0.0025,5.08,309.5,384.95,1248.32,27.62,19.53
-111.71168,33.0819083,387.4,1.1216,0.0001,3.2,242.72,386.98,1227.5,28.51,19.96
-111.7116633,33.08191,387.4,1.1142,0.0002,3.31,246.7,387.45,1230.15,28.54,19.96
-111.7116483,33.0819116,387.3,1.1074,0.0003,3.47,249.9,388.29,1232.8,28.57,19.96
-111.7116334,33.0819116,387.3,1.1061,0.0003,3.66,252.83,389.57,1235.4,28.6,19.96
-111.7116167,33.0819133,387.3,1.0978,0.0005,3.96,256.01,391.52,1237.76,28.61,19.97
-111.7115933,33.081915,387.2,1.0876,0.0007,4.45,259.02,394.45,1239.01,28.58,19.97
-111.7115683,33.081915,387.2,1.0803,0.0011,4.91,260.69,396.1,1236.38,28.47,19.94
-111.7115417,33.081915,387.2,1.0726,0.0017,5.2,266.9,395.22,1230.39,28.27,19.9
-111.7115149,33.0819166,387.3,1.0498,0.0025,5.35,279.73,393.32,1225.74,28.04,19.87
-111.7114884,33.0819166,387.3,1.0337,0.0035,5.44,287.41,391.96,1225.63,27.83,19.82
-111.71146,33.0819183,387.3,1.003,0.0047,5.55,285.55,390.45,1226.63,27.64,19.72
-111.7114334,33.0819183,387.3,0.9793,0.006,5.63,285.87,387.78,1224.63,27.51,19.6
-111.711405,33.08192,387.2,0.9432,0.0075,5.68,297.37,383.91,1221.4,27.44,19.49
-111.7113784,33.08192,387.2,0.9153,0.0085,5.71,313.2,380.36,1220.33,27.42,19.47
-111.71135,33.0819216,387.2,0.8732,0.0117,5.73,323.01,377.89,1218.43,27.43,19.5
-111.7113217,33.0819216,387.1,0.8408,0.0143,5.76,318.57,377.53,1213.5,27.46,19.49
-111.7112917,33.0819233,387.2,0.8014,0.018,5.79,303.59,379.11,1211.7,27.49,19.42
-111.7112634,33.0819233,387.2,0.7701,0.0226,5.79,287.32,381.1,1216.53,27.49,19.34
-111.711235,33.081925,387.3,0.7326,0.0291,5.77,262.85,382.15,1219.93,27.45,19.29
-111.71118,33.081925,387.3,0.6782,0.0445,5.65,188.97,383.49,1212.13,27.15,19.38
-111.7111534,33.0819266,387.2,0.647,0.0543,5.65,186.7,386.42,1213.38,26.98,19.4
-111.7111266,33.0819266,387.2,0.6288,0.0626,5.67,197.27,389.27,1216.37,26.82,19.38
-111.7110984,33.0819266,387.3,0.6149,0.0697,5.7,212.72,389.57,1218.68,26.61,19.38
-111.7110416,33.0819283,387.2,0.5989,0.0731,5.78,262.8,381.64,1215.86,25.95,19.66
-111.710985,33.08193,387.2,0.6177,0.0566,5.81,240.05,389.7,1215,25.4,19.65
-111.7109034,33.081935,387.2,0.6602,0.0037,5.89,243.87,387.02,1229.85,24.64,19.44
-111.7108767,33.081935,387.2,0.6781,-0.0179,5.88,231.36,385.77,1222.93,24.6,19.47
-111.7108484,33.081935,387.2,0.6953,-0.0408,5.86,203.07,384.02,1215.96,24.6,19.47
-111.71082,33.081935,387.2,0.7073,-0.0618,5.82,171.41,384.09,1214.58,24.64,19.45
-111.7107916,33.081935,387.2,0.7168,-0.0801,5.78,160.25,386.51,1218.34,24.7,19.44
-111.7107634,33.081935,387.3,0.7238,-0.0957,5.74,186.43,388.39,1220.62,24.75,19.43
-111.710735,33.081935,387.2,0.7285,-0.1059,5.71,234.95,388.74,1218.25,24.79,19.38
-111.7107067,33.0819366,387.2,0.7303,-0.1143,5.7,264.96,388.8,1215.21,24.81,19.32
-111.71068,33.0819383,387.1,0.7316,-0.1152,5.69,256.31,388.06,1214.86,24.84,19.33
-111.7106267,33.08194,386.9,0.7383,-0.1031,5.63,180.35,381.1,1214.63,25.01,19.49
-111.7105184,33.0819416,386.8,0.7194,-0.0315,5.52,117.29,383.51,1211.75,25.69,19.28
-111.7104333,33.0819433,387,0.6636,0.0392,5.78,152.35,379.59,1220.37,25.7,19.3
-111.7103217,33.081945,386.9,0.5638,0.0794,5.74,133.55,387.75,1230.42,25.44,19.47
-111.710295,33.081945,386.8,0.5434,0.0751,5.73,152.33,384.8,1229.47,25.41,19.48
-111.7102683,33.0819466,386.8,0.5229,0.0674,5.72,172.74,383.36,1227.43,25.38,19.47
-111.71024,33.0819466,386.8,0.5126,0.0513,5.73,197.48,384.72,1224.99,25.35,19.45
-111.7101816,33.0819466,386.9,0.5113,0.0067,5.88,265.35,392.78,1227.47,25.35,19.29
-111.7101217,33.0819483,387,0.5188,-0.0385,5.99,264.35,394.19,1233.51,25.49,19.5
-111.7100933,33.0819483,387,0.5247,-0.0557,6,258.14,392.34,1232.37,25.54,19.58
-111.7100634,33.0819483,387,0.5401,-0.0681,6.01,253.82,390.11,1228.61,25.6,19.58
-111.7100334,33.0819483,386.9,0.5509,-0.0735,6.04,265.09,389.66,1224.78,25.66,19.55
-111.7100034,33.08195,386.9,0.5586,-0.0737,6.1,299.94,390.92,1223.86,25.72,19.52
-111.7099717,33.0819516,386.9,0.5663,-0.0706,6.15,339.29,391.87,1227.62,25.76,19.44
-111.7099417,33.0819516,386.8,0.577,-0.0663,6.18,359.24,391.98,1233.86,25.78,19.35
-111.709825,33.0819533,386.6,0.6403,-0.0476,6.3,376.21,388.83,1224.09,25.97,19.87
-111.709795,33.0819533,386.5,0.6559,-0.045,6.3,353.68,387.2,1219.86,26.01,19.85
-111.709765,33.0819533,386.5,0.6759,-0.0432,6.3,323.94,385.37,1218.98,26.07,19.85
-111.709735,33.0819533,386.5,0.6995,-0.042,6.3,310.34,385.15,1223.33,26.12,19.81
-111.7097034,33.0819533,386.5,0.72,-0.0402,6.3,329.76,385.45,1228.45,26.16,19.72
-111.7096734,33.0819533,386.5,0.7416,-0.039,6.29,349.62,384.03,1226.24,26.19,19.65
-111.7096416,33.0819533,386.5,0.7655,-0.0373,6.24,340.07,384.6,1221.86,26.2,19.66
-111.7096117,33.0819533,386.6,0.794,-0.0345,6.16,319.93,389.7,1225.58,26.2,19.68
-111.7095817,33.081955,386.6,0.8242,-0.0305,6.07,308.96,395.22,1232.59,26.21,19.63
-111.7095517,33.081955,386.7,0.8545,-0.0258,5.99,307.96,397.31,1234.97,26.25,19.52
-111.7095217,33.081955,386.7,0.8873,-0.0213,5.94,304.73,395.69,1233.72,26.32,19.44
-111.7094934,33.081955,386.8,0.9194,-0.0174,5.91,288.55,391.72,1231.86,26.42,19.43
-111.709465,33.081955,386.7,0.9533,-0.0138,5.89,273.89,386.88,1229.25,26.59,19.42
-111.7094366,33.081955,386.7,0.9871,-0.0109,5.86,281.59,383.57,1225.39,26.85,19.39
-111.7094084,33.081955,386.8,1.0162,-0.0086,5.84,311.06,382.08,1221.99,27.16,19.33
-111.70938,33.0819533,386.8,1.0459,-0.0078,5.81,345.49,380,1220.53,27.46,19.27
-111.7093517,33.0819533,386.8,1.0764,-0.0063,5.8,366.84,377.43,1221.44,27.7,19.24
-111.7093234,33.0819533,386.8,1.1044,-0.0051,5.8,367.54,376.11,1223.63,27.89,19.27
-111.70924,33.081955,386.7,1.1727,0.0005,5.71,189.96,383.24,1230.45,28.36,19.34
-111.7091317,33.0819566,386.6,1.2292,0.0084,5.87,213.87,384.58,1219.93,27.29,19.87
-111.709105,33.0819566,386.5,1.2294,0.0078,5.91,245.86,384.85,1221.02,27.16,19.84
-111.7090767,33.0819583,386.5,1.2279,0.0077,5.96,279.65,385.38,1221.24,26.99,19.79
-111.70905,33.0819583,386.4,1.2268,0.006,5.98,298,385.54,1220.23,26.82,19.75
-111.7090217,33.08196,386.4,1.226,0.0031,5.99,301.67,385.81,1220.94,26.67,19.71
-111.708995,33.08196,386.4,1.2279,-0.0008,5.99,296.07,387,1225.39,26.58,19.67
-111.7089667,33.0819616,386.3,1.2233,-0.0068,5.96,282.32,387.54,1231.98,26.56,19.65
-111.7089384,33.0819616,386.3,1.2179,-0.0154,5.91,268.23,386.04,1237.77,26.58,19.68
-111.70891,33.0819616,386.2,1.2178,-0.0234,5.86,268.77,384.91,1242.25,26.65,19.7
-111.7088567,33.0819633,386.1,1.2286,-0.0365,5.79,294.98,391.6,1242.57,26.93,19.75
-111.7088284,33.0819633,386,1.2337,-0.0417,5.76,286.4,395.12,1239.36,27.02,19.81
-111.7088016,33.0819633,385.9,1.2346,-0.0494,5.74,280.02,395.67,1236.41,27.04,19.84
-111.708775,33.081965,385.8,1.2419,-0.0517,5.73,284.1,393.47,1233.78,26.99,19.81
-111.7087466,33.081965,385.7,1.2518,-0.0557,5.74,294.41,389.68,1229.7,26.91,19.73
-111.7087183,33.0819633,385.7,1.2649,-0.0621,5.77,308.18,387.84,1223.91,26.84,19.65
-111.7086899,33.0819633,385.6,1.2825,-0.0654,5.79,325.27,389.26,1220.32,26.8,19.63
-111.7086618,33.0819633,385.6,1.2952,-0.0704,5.8,334.9,390.72,1221.12,26.77,19.66
-111.7086334,33.081965,385.5,1.3032,-0.0798,5.8,324.69,389.23,1222.15,26.76,19.69
-111.708605,33.081965,385.5,1.3158,-0.0876,5.8,303.4,385.94,1221.36,26.78,19.73
-111.7085784,33.0819666,385.5,1.329,-0.0925,5.8,289.27,383.84,1222.01,26.83,19.76
-111.70855,33.0819666,385.4,1.3472,-0.0996,5.81,285.09,383.69,1224.4,26.86,19.75
-111.7085217,33.0819666,385.4,1.3621,-0.1049,5.83,288.72,384.83,1225.09,26.87,19.68
-111.7084934,33.0819666,385.3,1.3738,-0.11,5.86,299,385.49,1223.49,26.87,19.56
-111.7084634,33.0819666,385.2,1.3757,-0.1194,5.9,318.11,384.54,1221.15,26.92,19.44
-111.7084067,33.0819666,385,1.3909,-0.125,5.98,360.22,381.83,1215.42,27.22,19.35
-111.7083784,33.0819666,384.9,1.401,-0.1223,6,363.78,380.96,1211.61,27.33,19.38
-111.70835,33.0819683,384.9,1.4032,-0.1185,6,364.45,380.36,1207.34,27.42,19.43
-111.70832,33.0819683,384.9,1.396,-0.1494,6,357.1,379.64,1202.68,27.52,19.48
-111.7082917,33.08197,384.9,1.3948,-0.1637,5.98,336.26,378.35,1199.24,27.56,19.5
-111.7082617,33.0819683,384.9,1.3902,-0.2016,5.93,317.89,377.68,1199.28,27.56,19.49
-111.708235,33.0819683,384.8,1.3914,-0.2416,5.87,316.81,378.89,1203.72,27.55,19.45
-111.708205,33.08197,384.8,1.3928,-0.2909,5.82,325.27,382.79,1211.53,27.56,19.38
-111.7081766,33.08197,384.8,1.39,-0.3598,5.8,329.4,386.83,1216.28,27.6,19.3
-111.7081467,33.08197,384.8,1.3821,-0.4557,5.8,316.4,388.36,1217.08,27.67,19.23
-111.7081184,33.08197,384.7,1.382,-0.5256,5.79,296.77,386.59,1216.88,27.74,19.16
-111.7080884,33.08197,384.7,1.3845,-0.5842,5.77,286.21,383.83,1216.11,27.84,19.07
-111.70806,33.0819683,384.7,1.3915,-0.6254,5.74,288.9,382.58,1214.72,27.96,18.98
-111.7080317,33.0819683,384.7,1.3958,-0.6198,5.71,294.5,383.57,1214.45,28.11,18.92
-111.7080034,33.0819683,384.8,1.3947,-0.5797,5.66,287.29,385.93,1216.12,28.27,18.89
-111.707975,33.0819683,384.9,1.4009,-0.5099,5.6,267.51,388.59,1219.64,28.45,18.89
-111.7079467,33.08197,385,1.4108,-0.4127,5.49,248.61,390.47,1223.24,28.6,18.95
-111.70792,33.08197,385.1,1.4211,-0.3116,5.36,238.48,391.32,1225.45,28.73,19.03
-111.7078933,33.0819716,385.2,1.4307,-0.2311,5.22,236.68,391.41,1226.6,28.81,19.07
-111.707775,33.08206,385.1,1.4604,-0.0153,3.07,260.44,386.59,1229.22,28.77,19.51
-111.70779,33.08206,385,1.4596,-0.0149,3.14,276.83,386.28,1228.21,28.69,19.51
-111.7078066,33.0820616,384.9,1.4565,-0.0145,3.23,293.13,386.26,1227.39,28.58,19.51
-111.7078234,33.0820616,384.8,1.4548,-0.0139,3.36,305.79,386.55,1226.56,28.43,19.49
-111.7078417,33.0820616,384.7,1.4526,-0.0131,3.54,314.04,387.07,1225.39,28.23,19.45
-111.70786,33.0820616,384.6,1.4498,-0.0121,3.76,316.8,387.55,1223.6,28,19.4
-111.70788,33.0820616,384.6,1.4404,-0.0354,4,316.97,387.9,1221.1,27.76,19.33
-111.7079016,33.08206,384.6,1.4362,-0.042,4.24,317.3,388.05,1218.44,27.55,19.27
-111.7079217,33.08206,384.6,1.432,-0.0477,4.4,320.02,387.74,1216.28,27.44,19.23
-111.7079418,33.082055,384.6,1.4286,-0.0603,4.53,326.1,386.77,1214.17,27.42,19.2
-111.7079617,33.08205,384.7,1.425,-0.0757,4.61,334.06,385.33,1212.27,27.47,19.17
-111.7079817,33.0820466,384.8,1.4194,-0.0899,4.68,341.32,383.73,1210.72,27.59,19.13
-111.7080034,33.0820449,384.9,1.4088,-0.1029,4.75,345.53,382.13,1209.88,27.72,19.08
-111.7080249,33.0820433,384.9,1.4007,-0.1118,4.86,346.74,381.26,1210.13,27.86,19.03
-111.70805,33.0820433,384.9,1.39,-0.1128,5.02,348.27,381.94,1212.18,27.97,18.96
-111.7080767,33.0820449,384.9,1.3791,-0.1045,5.23,352.39,383.99,1216.77,28.05,18.9
-111.7081034,33.0820449,384.9,1.3737,-0.0959,5.43,357.53,385.63,1222.62,28.08,18.85
-111.7081334,33.0820449,384.9,1.3658,-0.0824,5.61,370.5,386.79,1226.87,28.08,18.81
-111.7081616,33.0820449,384.9,1.3561,-0.0699,5.74,385.14,388.25,1226.37,28.05,18.82
-111.7081917,33.0820449,384.8,1.3502,-0.0555,5.86,396.14,388.36,1222.54,27.98,18.82
-111.7082217,33.0820449,384.8,1.3451,-0.0429,5.94,395.75,385.2,1218.23,27.85,18.83
-111.7082516,33.0820433,384.8,1.348,-0.0132,5.99,385.93,380.79,1215.24,27.71,18.84
-111.7082816,33.0820433,384.9,1.3445,-0.0146,5.99,374.58,379.64,1214.13,27.6,18.83
-111.70831,33.0820416,385,1.3428,-0.016,5.98,362.95,380.49,1213.32,27.56,18.84
-111.7083384,33.08204,385,1.3367,-0.0205,5.95,349.51,379.64,1211.13,27.61,18.9
-111.708365,33.08204,385.1,1.328,-0.021,5.89,334.76,376.96,1206.53,27.73,18.96
-111.7083933,33.0820383,385.2,1.3233,-0.0223,5.81,315.32,373.72,1199.62,27.9,19.01
-111.7084216,33.0820383,385.2,1.3156,-0.0195,5.75,296.05,372.52,1196.76,28.07,19.01
-111.7084484,33.0820383,385.2,1.3036,-0.0195,5.72,277.26,373.82,1200.63,28.19,18.96
-111.7084784,33.08204,385.1,1.2786,-0.0188,5.7,251.27,375.46,1206.21,28.23,18.89
-111.7085066,33.08204,385.1,1.2614,-0.0179,5.7,231.63,375.32,1208.05,28.16,18.87
-111.708535,33.08204,385.1,1.2411,-0.0165,5.71,229.24,375.4,1208.25,28,18.85
-111.708565,33.08204,385.1,1.2218,-0.0147,5.74,244.73,378.03,1208.57,27.76,18.8
-111.7085933,33.0820416,385.1,1.2007,-0.0104,5.76,266.4,381.27,1209.45,27.52,18.76
-111.7086217,33.0820416,385.2,1.1792,-0.0089,5.78,287.16,382.24,1209.89,27.27,18.78
-111.70865,33.08204,385.3,1.162,-0.0095,5.75,301.81,381.4,1210.51,27.06,18.81
-111.7086766,33.08204,385.4,1.1398,-0.0081,5.68,306.69,380.65,1211.25,26.91,18.81
-111.7087034,33.08204,385.4,1.1245,-0.0067,5.59,304.68,380.23,1209.43,26.84,18.77
-111.7087284,33.0820383,385.4,1.1178,-0.0033,5.49,303.19,379.62,1204.79,26.81,18.75
-111.7087549,33.0820383,385.4,1.1031,-0.0027,5.39,305.91,377.98,1199.32,26.8,18.78
-111.7087834,33.08204,385.3,1.0793,-0.0006,5.28,308.59,375.15,1196.72,26.8,18.85
-111.7088084,33.08204,385.3,1.066,0.0013,5.17,307.07,373.16,1198.55,26.81,18.87
-111.7088334,33.08204,385.2,1.0508,0.004,5.07,301.96,372.47,1201.88,26.82,18.85
-111.7088584,33.0820383,385.2,1.0505,0.0064,5,293.58,373.26,1204.76,26.84,18.84
-111.70888,33.0820366,385.2,1.0505,0.0088,4.97,284.38,375.06,1207.3,26.86,18.85
-111.7089034,33.082035,385.3,1.0549,0.0127,4.98,274.01,377.11,1209.51,26.88,18.86
-111.708925,33.0820333,385.4,1.0577,0.0152,5.04,265.33,378.01,1208.35,26.89,18.86
-111.7089499,33.0820316,385.4,1.0583,0.0187,5.15,258.86,378.04,1202.29,26.9,18.85
-111.708975,33.0820333,385.5,1.0516,0.0231,5.27,257.35,377.95,1195.71,26.9,18.84
-111.7090034,33.0820333,385.5,1.051,0.0276,5.34,260.33,377.91,1192.71,26.9,18.9
-111.70903,33.082035,385.4,1.0474,0.032,5.32,266.27,378.46,1194.2,26.9,19
-111.7090567,33.082035,385.4,1.056,0.0364,5.24,275.31,379.93,1199.79,26.89,19.08
-111.7090817,33.082035,385.4,1.0598,0.0384,5.14,281.01,380.81,1207.06,26.88,19.08
-111.709105,33.082035,385.4,1.0596,0.0401,5.05,282.26,380.58,1210.67,26.86,19.06
-111.7091284,33.082035,385.4,1.062,0.0411,4.98,282.72,380,1208.38,26.83,19.05
-111.7091516,33.082035,385.5,1.0588,0.0425,4.98,280.85,379.06,1201.17,26.76,19.08
-111.7092017,33.082035,385.5,1.0557,0.0435,5.16,244.67,376.43,1192.67,26.5,19.28
-111.7092284,33.082035,385.5,1.0497,0.0437,5.26,235.77,377.97,1199.75,26.39,19.31
-111.7092534,33.082035,385.6,1.0367,0.0452,5.33,247.23,380.32,1206.16,26.32,19.3
-111.70928,33.082035,385.6,1.0211,0.046,5.4,272.75,382.78,1209.43,26.26,19.26
-111.7093066,33.082035,385.6,1.0008,0.0474,5.45,297.35,384.43,1210.05,26.22,19.22
-111.7093868,33.082035,385.7,0.9239,0.051,5.49,267.98,376.55,1206.83,26.1,19.28
-111.7094134,33.082035,385.6,0.8903,0.0499,5.48,271.81,376.41,1204.93,26.08,19.31
-111.70944,33.0820366,385.6,0.8536,0.0482,5.46,276.3,376.52,1203.97,26.05,19.34
-111.7094667,33.0820366,385.5,0.8166,0.0423,5.42,276.92,377.2,1205.13,25.99,19.36
-111.7094934,33.082035,385.6,0.7882,0.0324,5.39,276.33,378.66,1206.69,25.93,19.35
-111.7095184,33.082035,385.6,0.7564,0.0232,5.38,282.04,380.93,1206.78,25.88,19.3
-111.709545,33.082035,385.6,0.7254,0.0117,5.39,297.62,384.09,1206.14,25.83,19.25
-111.7095717,33.082035,385.7,0.6942,0.0008,5.41,316.27,386.61,1205.5,25.81,19.23
-111.7096,33.082035,385.7,0.6677,-0.0092,5.44,327.49,387.5,1205.18,25.85,19.21
-111.7096784,33.082035,385.6,0.6069,-0.0236,5.49,297.29,382.61,1222,26.58,19.18
-111.7097284,33.0820333,385.6,0.5867,-0.0232,5.46,371.74,375.6,1210.56,26.84,19.35
-111.709755,33.0820333,385.6,0.579,-0.0209,5.44,403.79,374.01,1199.25,26.88,19.39
-111.7097817,33.0820333,385.5,0.5691,-0.0192,5.45,425.4,374.52,1189.18,26.88,19.42
-111.7098084,33.0820316,385.5,0.5628,-0.0191,5.47,436.2,376.26,1186.99,26.85,19.48
-111.709835,33.0820316,385.5,0.5521,-0.0187,5.49,434.96,377.85,1194.64,26.81,19.54
-111.70986,33.0820316,385.6,0.5458,-0.0192,5.51,423.29,378.85,1206.2,26.79,19.57
-111.7098867,33.08203,385.6,0.5404,-0.0221,5.55,400.55,379.41,1216.59,26.79,19.54
-111.709915,33.08203,385.6,0.5319,-0.0234,5.6,381.5,379.81,1220.88,26.81,19.51
-111.7099417,33.08203,385.7,0.5263,-0.0259,5.65,387.94,380.99,1219.62,26.85,19.5
-111.70997,33.08203,385.6,0.5186,-0.0279,5.68,406.92,382.73,1215.72,26.91,19.5
-111.7099984,33.0820283,385.7,0.51,-0.0288,5.7,401.98,383.37,1210.44,26.99,19.49
-111.710025,33.0820283,385.7,0.5059,-0.0257,5.7,380.32,382.91,1205.48,27.04,19.45
-111.7100516,33.0820283,385.8,0.5061,-0.0179,5.7,371.48,382.62,1203.08,27.06,19.4
-111.71008,33.0820283,385.8,0.5045,-0.003,5.7,373.24,383.76,1205.74,27.04,19.38
-111.7101067,33.0820283,385.8,0.5076,0.0163,5.7,361.66,385.16,1211.44,26.99,19.4
-111.710135,33.0820266,385.8,0.5084,0.0409,5.7,333.24,385.3,1217.05,26.89,19.43
-111.7102167,33.082025,386,0.5353,0.1237,5.72,234.38,387.11,1224.24,25.94,19.43
-111.710245,33.082025,386,0.5546,0.1473,5.74,232.27,385.37,1220.17,25.8,19.41
-111.7102734,33.082025,385.9,0.5785,0.1628,5.77,234.87,383.38,1218.44,25.68,19.4
-111.7103017,33.082025,385.8,0.6044,0.1711,5.79,236.31,381.77,1217.89,25.59,19.4
-111.71033,33.082025,385.9,0.6309,0.1725,5.8,236.75,382.08,1216.69,25.53,19.39
-111.7103584,33.082025,385.9,0.6626,0.1653,5.8,238.22,384.43,1217.36,25.47,19.38
-111.710385,33.082025,385.8,0.6877,0.1526,5.79,239.44,387.06,1219.98,25.43,19.38
-111.710415,33.082025,385.8,0.713,0.134,5.76,240.83,389.08,1220.66,25.36,19.38
-111.7104434,33.0820266,385.8,0.7343,0.1118,5.73,245.19,388.44,1217.89,25.28,19.37
-111.7104717,33.0820266,385.8,0.7432,0.0856,5.71,251.63,385.89,1215.36,25.2,19.42
-111.7104984,33.0820266,385.8,0.7452,0.0587,5.7,255.27,384.45,1215.13,25.13,19.5
-111.7105234,33.082025,385.9,0.7413,0.0306,5.7,253.15,384.83,1216.44,25.08,19.58
-111.71061,33.082025,385.8,0.6837,-0.0622,5.79,173.22,379.02,1223.75,24.82,19.87
-111.71093,33.0820183,386,0.5545,0.0824,5.17,241.79,385.43,1237.35,25.7,20.04
-111.7109567,33.0820183,386,0.5302,0.1112,4.91,252.52,385.85,1234.34,25.85,20.03
-111.7110034,33.0820183,385.9,0.494,0.1451,4.17,267.24,385.79,1230.64,26.33,19.97
-111.7110234,33.0820166,385.9,0.4781,0.1518,4.01,266.6,385.39,1229.74,26.53,19.98
-111.71104,33.0820166,386,0.4689,0.1544,3.97,266.19,385.19,1229.08,26.68,20
-111.7110584,33.0820166,386,0.4599,0.1536,4.02,268.16,385.39,1228.97,26.84,20.02
-111.7110784,33.082015,386,0.4542,0.1488,4.17,272.7,386.19,1230.58,27,20.03
-111.7111,33.082015,386.1,0.4504,0.1389,4.4,276.37,387.33,1234.31,27.13,20.07
-111.7111217,33.082015,386.1,0.4501,0.1259,4.68,275.03,388.25,1238.15,27.22,20.12
-111.711145,33.0820133,386.2,0.4612,0.1089,4.97,271.47,388.94,1240.01,27.25,20.18
-111.71117,33.0820133,386.2,0.4756,0.0905,5.26,271.08,389.46,1239.88,27.2,20.22
-111.7111984,33.0820133,386.1,0.4958,0.0711,5.53,282.86,389.41,1240.7,27.08,20.23
-111.711225,33.0820133,386.1,0.5189,0.0555,5.71,308.79,389.49,1242.71,26.93,20.2
-111.71125,33.0820133,386.1,0.542,0.0431,5.81,327.45,391.05,1243.44,26.79,20.15
-111.7112784,33.082015,386,0.5684,0.0325,5.84,306.25,394.33,1241.17,26.64,20.1
-111.7113067,33.082015,386,0.604,0.0246,5.83,246.83,396.86,1237.63,26.49,20.07
-111.711335,33.082015,385.9,0.6369,0.0189,5.79,193.11,396.65,1235.9,26.37,20.09
-111.7113617,33.0820133,386,0.6709,0.0151,5.73,173.18,393.96,1235.32,26.29,20.12
-111.7113884,33.0820116,386,0.7038,0.0107,5.62,185.11,390.83,1232.83,26.22,20.15
-111.711415,33.08201,385.9,0.7334,0.009,5.47,213.58,389.35,1228.2,26.16,20.11
-111.71144,33.0820083,386,0.7604,0.0075,5.34,236.19,389.05,1224.23,26.11,20.03
-111.711465,33.0820066,386,0.7862,0.006,5.25,247.06,387.66,1221.83,26.07,19.94
-111.7114899,33.0820033,385.9,0.8111,0.0047,5.2,252.76,384.62,1220.26,26.09,19.89
-111.7115149,33.0820033,385.9,0.829,0.0037,5.14,263.86,381.82,1218.98,26.16,19.87
-111.71154,33.0820016,385.8,0.8454,0.0028,5.04,282.78,381.14,1219,26.3,19.86
-111.7115634,33.0820016,385.8,0.8559,0.0021,4.92,300.57,382.55,1220.35,26.45,19.85
-111.711585,33.082,385.8,0.8644,0.0017,4.81,311.99,384.74,1221.67,26.58,19.84
-111.7116084,33.082,385.7,0.8675,0.0014,4.71,318.13,387.13,1222,26.71,19.83
-111.7116667,33.0817066,385.9,1.7516,0.0013,2.59,253.74,381.45,1210.29,27.72,20.32
-111.7116567,33.081705,385.9,1.7532,0.0013,2.64,254.98,380.75,1207.83,27.76,20.31
-111.711645,33.0817033,386,1.7548,0.0014,2.74,256.47,379.92,1205.21,27.83,20.3
-111.711635,33.0817033,386,1.7548,0.0014,2.86,257.58,379.25,1203.33,27.88,20.28
-111.7116233,33.0817033,385.9,1.7547,0.0014,3.04,258.67,378.52,1201.51,27.96,20.27
-111.711605,33.0817033,385.8,1.7546,0.0015,3.43,260.11,377.54,1199.39,28.1,20.23
-111.7115833,33.0817033,385.7,1.7495,0.0016,4.04,262.32,376.8,1197.46,28.27,20.17
-111.7115584,33.081705,385.7,1.745,0.0017,4.75,269.03,376.95,1195.02,28.44,20.09
-111.7115317,33.081705,385.6,1.7405,0.0019,5.26,280.2,378.59,1192.4,28.53,20.03
-111.711505,33.081705,385.6,1.7344,0.0022,5.47,287.4,381.01,1191.66,28.53,20.02
-111.7114766,33.081705,385.6,1.7268,0.0026,5.48,291.58,382.59,1194.46,28.45,20.06
-111.71145,33.081705,385.6,1.7185,0.003,5.42,301.49,382.8,1200.86,28.33,20.09
-111.711425,33.081705,385.7,1.7047,0.0033,5.33,312.91,383.01,1207.55,28.17,20.08
-111.7114,33.081705,385.7,1.6949,0.0037,5.23,315.56,384.55,1212.75,28,20.05
-111.711375,33.081705,385.8,1.6813,0.004,5.14,306.96,387.1,1217.48,27.82,20.02
-111.71135,33.0817066,385.8,1.6651,0.0043,5.06,295.61,388.48,1222.52,27.65,19.97
-111.711325,33.0817066,385.9,1.6505,0.0045,4.98,287.82,387.46,1225.01,27.52,19.91
-111.7113018,33.0817066,385.9,1.6369,0.0045,4.91,284.01,385.63,1223.8,27.43,19.83
-111.7112784,33.0817083,385.8,1.6164,0.0042,4.86,284.86,384.83,1221.89,27.36,19.77
-111.71125,33.08171,385.9,1.5965,0.0038,4.82,291.69,385.01,1221.99,27.3,19.74
-111.7112284,33.0817116,385.8,1.5785,0.0034,4.82,296.38,384.24,1222.41,27.27,19.71
-111.711205,33.0817133,385.8,1.5586,0.0026,4.84,297.71,381.9,1219.43,27.23,19.66
-111.71118,33.0817133,385.8,1.5402,0.0017,4.86,295.27,379.41,1211.64,27.17,19.62
-111.7111567,33.0817149,385.8,1.5201,0.0006,4.88,290.26,378.75,1204.14,27.08,19.62
-111.7111333,33.0817149,385.8,1.5017,-0.0009,4.87,283.2,379.91,1200.89,26.9,19.66
-111.7110866,33.0817133,385.9,1.4774,-0.0037,4.83,270.72,380.9,1203.1,26.37,19.7
-111.7110633,33.0817116,385.9,1.4687,-0.005,4.82,267.62,380.41,1203.83,26.2,19.67
-111.71104,33.0817116,385.8,1.4615,-0.0064,4.84,256.9,380.54,1206.01,26.1,19.65
-111.711015,33.0817116,385.8,1.4566,-0.0077,4.86,227.41,381.31,1209.86,26.04,19.64
-111.71099,33.0817116,385.7,1.4568,-0.0089,4.88,183.66,382.58,1214.42,26.01,19.63
-111.7108916,33.08171,385.8,1.4933,-0.0111,5.2,233.04,378.32,1210.84,26.62,19.76
-111.7108667,33.08171,385.8,1.5079,-0.0109,5.2,236.43,377.64,1210.5,26.64,19.78
-111.7108417,33.0817083,385.8,1.5254,-0.0104,5.2,230.72,377.45,1212.53,26.66,19.76
-111.7108166,33.0817083,385.9,1.5415,-0.0097,5.21,219.29,377.65,1215.85,26.67,19.69
-111.7107916,33.0817083,385.9,1.5505,-0.0105,5.23,210.15,378.14,1217.33,26.65,19.6
-111.71074,33.0817083,386,1.563,-0.0112,5.35,230.19,379.6,1203.54,26.45,19.52
-111.7107134,33.0817083,386,1.5559,-0.0125,5.42,250.54,381.33,1200.29,26.3,19.58
-111.71066,33.0817083,385.9,1.5213,-0.0164,5.49,302.85,389.01,1221.37,25.95,19.84
-111.7106333,33.0817083,385.9,1.4884,-0.0187,5.48,307.37,390.82,1225.07,25.89,19.87
-111.7106066,33.0817083,385.9,1.4539,-0.0207,5.46,299.96,390.04,1222.82,25.89,19.85
-111.7105817,33.0817083,385.9,1.4134,-0.0221,5.44,294.83,388.47,1220.5,25.91,19.82
-111.710555,33.0817083,386,1.3661,-0.0227,5.42,295.87,387.53,1220.09,25.94,19.8
-111.7104084,33.08171,386.2,1.128,-0.0118,4.99,128.36,379.21,1224.21,26.13,19.52
-111.710385,33.08171,386.1,1.1065,-0.0083,4.99,132.09,378.96,1222.3,26.14,19.55
-111.7103617,33.08171,386.1,1.0931,-0.0047,4.98,137.56,378.72,1220.89,26.17,19.61
-111.7103366,33.0817116,386.1,1.084,-0.0022,4.98,149.64,379.23,1220.28,26.2,19.68
-111.7102884,33.0817116,386.2,1.0889,0.0019,5.07,170.4,381.52,1221.14,26.28,19.76
-111.7102634,33.0817133,386.2,1.0983,0.0012,5.12,173.5,381.21,1222.91,26.29,19.78
-111.7102384,33.0817133,386.2,1.1114,-0.0005,5.16,178.26,380.48,1224.83,26.3,19.81
-111.7100284,33.0817166,386.2,1.2992,-0.0193,5.5,218.95,381.47,1216.95,26.07,19.61
-111.7100034,33.0817166,386.2,1.323,-0.0163,5.5,204.79,380.23,1212.75,26.15,19.59
-111.7099767,33.0817166,386.2,1.3476,-0.0122,5.5,197.87,379.16,1206.56,26.26,19.59
-111.70995,33.0817166,386.2,1.3636,-0.0088,5.5,209.3,378.86,1200.67,26.38,19.58
-111.7099234,33.0817166,386.1,1.3735,-0.0059,5.5,238.85,379.96,1197.94,26.48,19.57
-111.7098967,33.0817166,386.2,1.3791,-0.004,5.5,277.26,382.52,1197.01,26.55,19.57
-111.70987,33.0817166,386.2,1.3747,-0.0029,5.5,317.46,385.15,1194.05,26.6,19.59
-111.7098434,33.0817166,386.2,1.366,-0.0027,5.5,357.44,386.41,1188.22,26.64,19.59
-111.7097134,33.0817166,386,1.2522,-0.0127,5.3,552.22,373.27,1184.19,26.6,19.28
-111.7096084,33.0817133,386,1.1197,-0.0255,5.28,283.58,378.08,1185.29,26.59,19.57
-111.7095584,33.0817133,386.1,1.0512,-0.0313,5.21,247.18,372,1179.48,26.54,19.61
-111.7095317,33.0817133,386.1,1.016,-0.034,5.17,230.09,373.58,1182.13,26.5,19.62
-111.7095067,33.0817133,386.1,0.983,-0.0362,5.14,215.25,376.55,1187.27,26.46,19.61
-111.7094116,33.0817133,386,0.8434,-0.0422,5,111.3,374.53,1210.79,25.92,19.26
-111.7092417,33.0817116,386.2,0.6996,-0.0329,5.2,107.49,386.35,1204.53,25.83,19.72
-111.7091916,33.08171,386.1,0.6949,-0.0243,5.2,139,389.65,1209.3,25.88,19.73
-111.7090866,33.0817066,385.9,0.6502,-0.0235,5.4,297.43,380.95,1201.55,26.51,19.46
-111.70906,33.0817066,385.9,0.6296,-0.032,5.42,278.44,378.92,1205.66,26.55,19.52
-111.709035,33.0817066,385.9,0.6045,-0.0461,5.44,270.12,378.22,1209.58,26.56,19.58
-111.7090084,33.0817066,385.9,0.5698,-0.0699,5.46,276.03,379.51,1212.58,26.56,19.6
-111.7089816,33.0817066,386,0.5279,-0.1029,5.49,281.89,383.34,1215.47,26.53,19.53
-111.708955,33.0817066,386,0.4818,-0.1429,5.5,272.77,387.41,1218.24,26.5,19.43
-111.7089316,33.081705,386,0.4372,-0.1825,5.5,257.87,388.63,1219.23,26.48,19.38
-111.708905,33.081705,386,0.3892,-0.2297,5.5,245.16,386.89,1218.58,26.46,19.35
-111.7087667,33.081705,385.9,0.2166,-0.4265,5.65,315.21,381.16,1225.61,26.36,19.37
-111.7087384,33.0817033,385.9,0.2039,-0.4544,5.68,309.64,381.03,1224.68,26.44,19.32
-111.7087117,33.0817033,385.9,0.1998,-0.4819,5.7,293.43,381.79,1221.88,26.57,19.29
-111.708685,33.0817033,386,0.1992,-0.5167,5.73,271.6,383.77,1220.1,26.76,19.28
-111.7086567,33.0817033,386,0.2001,-0.5638,5.8,257.25,385.99,1221.82,26.98,19.26
-111.7086267,33.0817016,386,0.201,-0.6204,5.9,264.95,386.68,1224.59,27.22,19.26
-111.7085984,33.0817016,386.1,0.2011,-0.6791,5.96,292.63,386.21,1224.49,27.4,19.28
-111.70857,33.0817016,386,0.2152,-0.7339,5.99,320.31,384.37,1222.79,27.52,19.3
-111.7085417,33.0817033,386,0.2267,-0.7871,6,331.74,380.97,1221.04,27.57,19.34
-111.7085116,33.0817033,386,0.2356,-0.8379,5.98,336.85,378.22,1219.65,27.52,19.41
-111.708455,33.0817033,386,0.2501,-0.9069,5.85,360.21,380.24,1218.38,27.19,19.45
-111.7084284,33.0817033,386,0.2562,-0.9259,5.78,348.38,382.84,1220.5,27.12,19.44
-111.7084,33.0817033,386,0.2636,-0.9382,5.7,335.04,385.96,1224.41,27.14,19.43
-111.7083734,33.0817016,386,0.2646,-0.9852,5.6,337.57,388.36,1226.94,27.25,19.46
-111.7083217,33.0817016,386,0.2638,-1.1543,5.34,377.45,389.71,1223.29,27.72,19.65
-111.7082967,33.0817,386,0.2564,-1.2889,5.28,387.86,390.42,1221.52,27.92,19.7
-111.7082717,33.0817,386.1,0.2448,-1.4891,5.25,394.53,390.24,1219.53,28.05,19.74
-111.708245,33.0817,386.1,0.2428,-1.7766,5.26,397.65,389.09,1217.34,28.12,19.77
-111.70822,33.0817,386.1,0.2338,-2.1299,5.29,393.15,388.64,1216.43,28.11,19.78
-111.708195,33.0817,386,0.2234,-2.5608,5.34,383.3,389.38,1215.78,28.04,19.73
-111.70817,33.0817,386,0.2116,-3.0525,5.39,376.43,390.41,1213.35,27.93,19.66
-111.7081434,33.0817,386,0.1988,-3.5855,5.44,379.62,389.65,1207.39,27.78,19.6
-111.708115,33.0817,386,0.1825,-4.1203,5.46,386.9,385.68,1199.24,27.62,19.58
-111.7080917,33.0817016,386,0.1856,-4.4331,5.42,382.81,381.92,1195.47,27.47,19.61
-111.7080434,33.0817016,385.9,0.1887,-4.6382,5.1,360.33,379.29,1204.19,27.18,19.73
-111.7080184,33.0817016,385.9,0.1966,-4.4774,4.91,362.76,378.12,1209.16,27.12,19.72
-111.7079916,33.0817016,386,0.2094,-4.1009,4.73,368.37,376.83,1211.91,27.11,19.66
-111.70797,33.0817016,386,0.2172,-3.6859,4.6,369,376.61,1212.69,27.12,19.61
-111.7079484,33.0817,386,0.2305,-3.1973,4.48,362.39,377.49,1212.54,27.14,19.57
-111.7079267,33.0817,386,0.2526,-2.6657,4.33,349.19,379.29,1212.77,27.18,19.57
-111.7079067,33.0817,386,0.2672,-2.1973,4.14,332.96,381.09,1212.98,27.21,19.58
-111.707885,33.0816983,386,0.2793,-1.731,3.88,314.79,382.28,1211.82,27.24,19.6
-111.707865,33.0816983,385.9,0.2909,-1.3521,3.64,300.54,382.56,1208.91,27.27,19.62
-111.7078516,33.0816983,385.9,0.2977,-1.1303,3.5,292.71,382.52,1206.23,27.29,19.63
-111.707785,33.082265,385.8,1.3367,-0.0226,2.45,304.08,382.85,1239.01,28.05,19.55
-111.707795,33.082265,385.8,1.3362,-0.0223,2.58,305.93,382.71,1237.68,28.1,19.53
-111.7078083,33.0822633,385.8,1.3355,-0.0219,2.78,307.83,382.61,1235.94,28.17,19.5
-111.707825,33.0822633,385.8,1.3342,-0.0213,3.09,308.6,382.68,1233.92,28.28,19.45
-111.70785,33.08226,385.8,1.3318,-0.0198,3.63,305.24,383.36,1231.69,28.49,19.32
-111.7078766,33.0822583,385.9,1.3275,-0.0178,4.13,299.33,383.95,1230.91,28.72,19.19
-111.7079016,33.082255,385.9,1.3222,-0.0154,4.39,298.82,383.28,1231.34,28.87,19.1
-111.7079267,33.0822533,385.9,1.3158,-0.0127,4.45,303.71,382.39,1232.17,28.92,19.05
-111.70795,33.0822533,385.9,1.3087,-0.0099,4.43,309.89,382.89,1232.94,28.89,19.03
-111.7079717,33.0822516,385.9,1.3008,-0.0071,4.38,314.34,384.62,1233.54,28.81,19.03
-111.7079934,33.0822516,385.9,1.2925,-0.0043,4.32,315.96,386.85,1233.18,28.68,19.03
-111.7080134,33.0822516,385.8,1.2846,-0.0019,4.3,314.8,388.56,1231.21,28.54,19.02
-111.7080334,33.08225,385.8,1.2753,0.0004,4.31,312.56,389.1,1227.76,28.39,19
-111.7080534,33.08225,385.8,1.2653,0.0024,4.38,310.44,388.31,1223.5,28.24,18.97
-111.708075,33.0822516,385.9,1.2542,0.0043,4.49,308.67,386.8,1218.59,28.09,18.94
-111.7080967,33.0822516,386,1.2428,0.0058,4.62,306.56,385.8,1213.36,27.95,18.92
-111.70812,33.0822516,386,1.2303,0.007,4.72,301.93,385.52,1207.91,27.85,18.91
-111.7081434,33.0822516,386.1,1.2171,0.0078,4.74,293.09,385.09,1204.37,27.8,18.9
-111.7081667,33.0822516,386.1,1.2044,0.0083,4.67,281.07,383.94,1204.66,27.81,18.87
-111.7081884,33.0822516,386.1,1.1909,0.0086,4.57,272.03,382.45,1207.48,27.87,18.81
-111.70821,33.0822516,386.2,1.1765,0.0086,4.48,269.67,381.3,1210.16,27.97,18.74
-111.70823,33.0822516,386.2,1.1631,0.0086,4.45,274.65,381.27,1210.7,28.08,18.69
-111.70825,33.0822516,386.2,1.1492,0.0085,4.47,285.47,382.35,1208.98,28.18,18.66
-111.70827,33.0822533,386.3,1.1349,0.0083,4.57,300.78,383.9,1205.39,28.27,18.65
-111.7082917,33.0822533,386.3,1.118,0.0079,4.72,320.13,384.88,1200.2,28.33,18.63
-111.7083167,33.0822533,386.3,1.0987,0.0076,4.96,344.1,384.58,1194.97,28.37,18.59
-111.7083684,33.0822533,386.4,1.0481,0.007,5.48,388.95,380.8,1195.52,28.31,18.49
-111.708395,33.0822533,386.4,1.0179,0.0069,5.62,390.82,378.85,1196.93,28.18,18.53
-111.7084517,33.0822533,386.5,0.9507,0.0067,5.78,324.55,377.42,1209.52,27.6,18.72
-111.70848,33.0822533,386.5,0.9155,0.0066,5.8,286,375.41,1213.38,27.36,18.71
-111.70851,33.0822533,386.5,0.8754,0.0066,5.81,249.24,374.39,1214.8,27.15,18.67
-111.7085383,33.0822533,386.5,0.8351,0.0066,5.83,231.3,377.28,1217.61,26.99,18.63
-111.7085684,33.0822533,386.6,0.794,0.0067,5.87,240.15,383.93,1223.42,26.91,18.6
-111.7086,33.0822533,386.6,0.7501,0.0068,5.9,263.44,389.26,1228.53,26.94,18.59
-111.7086316,33.0822533,386.6,0.7103,0.0072,5.93,268.98,388.75,1230.79,27.05,18.57
-111.7086633,33.0822533,386.6,0.6675,0.0082,5.96,262.91,386.52,1229.7,27.22,18.58
-111.7086916,33.0822533,386.6,0.6269,0.0099,5.95,261.54,386.32,1225.45,27.36,18.64
-111.7087217,33.0822533,386.6,0.5858,0.0122,5.91,260.15,386.59,1218.63,27.5,18.67
-111.7087484,33.0822516,386.7,0.5494,0.0149,5.87,261.65,386.08,1213.21,27.59,18.65
-111.7087734,33.0822533,386.7,0.5196,0.0182,5.81,270.65,385.35,1210.43,27.65,18.65
-111.7087984,33.0822533,386.8,0.49,0.0222,5.75,283.64,384.99,1209.63,27.68,18.71
-111.7088233,33.0822516,386.9,0.4619,0.0276,5.66,294.75,384.3,1209.79,27.69,18.79
-111.7088467,33.0822533,387,0.4336,0.0339,5.57,302.57,383,1210.17,27.69,18.82
-111.70887,33.0822533,387.1,0.4092,0.0405,5.49,309.18,381.66,1211.03,27.65,18.84
-111.7088934,33.0822533,387.1,0.3882,0.0478,5.42,313.45,380.73,1212.48,27.59,18.87
-111.7089167,33.0822533,387.2,0.3668,0.0558,5.4,313.96,380.31,1213.7,27.48,18.92
-111.70894,33.0822533,387.2,0.3547,0.064,5.41,311.27,380.73,1213.5,27.35,18.97
-111.708965,33.0822533,387.2,0.3411,0.0735,5.46,305.39,382.11,1210.62,27.18,18.98
-111.7090167,33.0822533,387.3,0.322,0.0939,5.62,283.37,380.1,1200.43,26.69,18.94
-111.7090452,33.0822533,387.4,0.3167,0.1048,5.66,281.31,376.53,1198.17,26.52,18.95
-111.7090717,33.0822533,387.4,0.3129,0.1145,5.65,282.7,375.34,1196.52,26.42,18.98
-111.7091,33.0822533,387.5,0.319,0.1232,5.59,278.75,377.28,1195.79,26.35,19.05
-111.7091284,33.0822516,387.5,0.3249,0.1317,5.5,275.53,380.79,1199.51,26.36,19.13
-111.709155,33.0822516,387.5,0.3297,0.1393,5.43,283.34,383.06,1206.02,26.47,19.14
-111.7091834,33.0822516,387.5,0.3349,0.1471,5.37,300.16,384.15,1208.78,26.69,19.09
-111.70921,33.0822516,387.5,0.3395,0.1535,5.33,313.6,385.27,1204.86,26.95,19.03
-111.709235,33.08225,387.4,0.3415,0.1605,5.31,318.33,386.86,1200.26,27.21,19
-111.7092584,33.0822516,387.4,0.3455,0.1673,5.29,314.22,388.13,1199.93,27.44,19.01
-111.7092834,33.0822516,387.5,0.3458,0.1753,5.27,300.35,388.01,1204.5,27.62,19.03
-111.7093066,33.0822516,387.5,0.3434,0.1834,5.25,282.38,385.74,1210.25,27.71,19.08
-111.7093317,33.0822516,387.5,0.3385,0.1934,5.25,274.24,381.65,1213.74,27.74,19.15
-111.709355,33.0822516,387.6,0.3314,0.2022,5.27,288.47,378.41,1213.69,27.71,19.21
-111.70938,33.0822516,387.6,0.3178,0.2098,5.28,313.04,377.28,1212.06,27.66,19.22
-111.7094034,33.08225,387.7,0.3106,0.2116,5.29,322.31,378.37,1210.13,27.59,19.18
-111.70943,33.08225,387.7,0.2981,0.2087,5.3,311.03,381.03,1207.54,27.5,19.13
-111.7094567,33.0822483,387.7,0.2865,0.1966,5.29,289.55,383.7,1206.42,27.4,19.1
-111.7094834,33.0822483,387.7,0.2743,0.1761,5.26,271.49,384.85,1209.2,27.3,19.13
-111.7095117,33.0822466,387.7,0.2636,0.1463,5.23,265.52,384.46,1215.5,27.19,19.23
-111.7095384,33.0822466,387.7,0.2511,0.1138,5.19,270.4,383.89,1221.3,27.08,19.33
-111.7095616,33.0822466,387.7,0.2493,0.0834,5.16,272.8,383.5,1224.42,27,19.4
-111.709585,33.0822466,387.7,0.2494,0.0546,5.13,266.8,383.47,1225.83,26.92,19.47
-111.7096084,33.0822466,387.7,0.2547,0.0293,5.1,253.77,384.03,1226.57,26.86,19.52
-111.7096316,33.0822466,387.7,0.2645,0.0091,5.07,242.61,384.62,1227.4,26.82,19.55
-111.7096534,33.0822466,387.7,0.2769,-0.0043,5.05,241.64,384.29,1228.1,26.79,19.56
-111.7096784,33.0822466,387.7,0.2958,-0.0124,5.04,255.9,382.98,1227.34,26.76,19.54
-111.7097034,33.0822466,387.8,0.3163,-0.0148,5.07,278.27,381.91,1224.53,26.71,19.52
-111.7097284,33.0822466,387.8,0.3437,-0.0127,5.13,292.46,382.11,1221.87,26.63,19.53
-111.7097567,33.082245,387.8,0.3775,-0.0073,5.21,287.48,383.73,1221.69,26.52,19.62
-111.7097834,33.082245,387.8,0.4104,-0.0012,5.27,274.67,385.96,1222.3,26.41,19.74
-111.70981,33.082245,387.8,0.4431,0.0039,5.29,269.29,387.92,1221.35,26.31,19.81
-111.709835,33.082245,387.8,0.4732,0.0079,5.3,274.14,388.22,1218.86,26.24,19.81
-111.7098584,33.082245,387.8,0.4991,0.0111,5.3,289.66,386.69,1214.97,26.2,19.74
-111.7098834,33.082245,387.8,0.5262,0.0125,5.3,320.41,384.37,1209.54,26.2,19.63
-111.7099084,33.0822433,387.8,0.5517,0.0125,5.3,358.98,382.46,1204.84,26.28,19.55
-111.7099334,33.0822433,387.8,0.5801,0.0111,5.31,384.36,380.36,1202.65,26.45,19.52
-111.70996,33.0822433,387.8,0.6073,0.009,5.28,379.45,378.12,1203.17,26.69,19.51
-111.7099868,33.0822433,387.7,0.6338,0.0059,5.19,347.26,378.24,1205.77,26.95,19.52
-111.7100134,33.0822416,387.8,0.6593,0.0021,5.05,311.05,380.86,1208.96,27.17,19.54
-111.7100366,33.0822416,387.8,0.6819,0.0018,4.96,288.28,382.52,1211.13,27.34,19.58
-111.7100833,33.0822416,387.9,0.7393,-0.0003,5.09,275.65,378.29,1211.25,27.61,19.61
-111.7101616,33.0822416,387.9,0.8682,0.0044,5.66,180.12,375.78,1196.79,27.12,19.71
-111.7102217,33.0822416,387.8,0.9767,0.0144,5.53,216.18,384.42,1209.22,26.52,19.54
-111.71027,33.0822433,387.7,1.0585,0.0215,5.26,200.45,384.8,1209.05,26.2,19.57
-111.7102934,33.0822433,387.7,1.0921,0.0248,5.2,198.98,384.01,1209.84,26.17,19.6
-111.7103183,33.0822433,387.7,1.1201,0.0277,5.13,207.92,383.96,1212.33,26.17,19.59
-111.7103434,33.0822433,387.8,1.1423,0.0306,5.01,218.84,385.02,1215.44,26.18,19.55
-111.71037,33.0822433,387.8,1.1545,0.0327,4.84,225.41,385.57,1217.01,26.2,19.5
-111.7103934,33.0822433,387.9,1.1541,0.0334,4.71,233.69,384.2,1216.39,26.2,19.48
-111.710415,33.0822433,387.9,1.1449,0.0332,4.69,254.06,381.62,1215.54,26.2,19.49
-111.7104583,33.0822433,388,1.108,0.0314,4.95,319.64,377.81,1218.8,26.2,19.51
-111.7104816,33.0822433,388,1.0787,0.0267,5.11,326.21,379.38,1223.07,26.2,19.52
-111.710535,33.082245,387.8,0.9819,0.0139,5.35,246.97,389.7,1236.16,26.2,19.59
-111.7105617,33.082245,387.8,0.9305,0.0045,5.42,243.83,391.95,1238.14,26.2,19.6
-111.7105867,33.082245,387.8,0.8831,-0.006,5.47,251.88,392.4,1236.69,26.21,19.59
-111.7106134,33.082245,387.8,0.8359,-0.0186,5.53,250.71,391.26,1232.51,26.24,19.58
-111.71064,33.082245,387.9,0.7969,-0.0325,5.59,238.59,389.79,1227.68,26.28,19.58
-111.7106684,33.0822433,387.9,0.7627,-0.0439,5.65,223.29,390.49,1225.01,26.32,19.61
-111.7106967,33.0822433,388,0.7421,-0.0523,5.68,208.67,392.51,1226.1,26.38,19.64
-111.710725,33.0822433,388.1,0.7358,-0.0562,5.7,193.51,392.19,1229.6,26.44,19.65
-111.7107516,33.082245,388.1,0.7416,-0.0556,5.7,182.57,389.48,1233.44,26.5,19.65
-111.7107784,33.082245,388.2,0.7579,-0.0508,5.7,178.09,386.91,1236.58,26.55,19.66
-111.710805,33.082245,388.2,0.7814,-0.0428,5.7,178.7,386.21,1238.2,26.58,19.65
-111.7108317,33.082245,388.1,0.8041,-0.0294,5.7,181.01,387.12,1238.38,26.6,19.61
-111.71086,33.0822466,388.1,0.8263,-0.0154,5.7,181.62,388.99,1238.71,26.6,19.57
-111.7109134,33.0822466,388,0.8432,0.0108,5.7,174.26,391.13,1246.54,26.63,19.59
-111.71094,33.0822466,388,0.8383,0.0221,5.7,168.04,390.5,1249.73,26.65,19.54
-111.7111384,33.0822483,388.2,0.6954,0.0366,5.8,136.7,383,1224,27.1,19.68
-111.7114134,33.0822433,388.1,0.816,0.0044,5.48,246.64,383.57,1231.21,27.27,19.75
-111.71144,33.0822433,388.1,0.832,0.0038,5.45,252.78,385.33,1230.91,27.35,19.71
-111.711465,33.0822433,388.1,0.8427,0.0034,5.42,257.79,387.94,1229.03,27.44,19.64
-111.7114916,33.0822433,388,0.8525,0.0031,5.35,259.02,391.04,1226.75,27.52,19.52
-111.7115166,33.0822416,388,0.8595,0.0029,5.18,258.7,391.98,1225.73,27.56,19.44
-111.7115667,33.0822416,388,0.8702,0.0026,4.46,258.83,386.77,1225.96,27.51,19.46
-111.7115866,33.08224,388,0.8734,0.0025,4.23,251.68,386.4,1226.39,27.47,19.49
-111.7116067,33.08224,388.1,0.8748,0.0025,4.07,240.5,387.15,1226.86,27.44,19.52
-111.7116233,33.08224,388.1,0.8756,0.0025,3.98,229.48,388.18,1227.13,27.41,19.53