Longitude,Latitude,Field,Dataset,Product,Obj. Id,Time,Duration(s),Area Count,Elevation(ft),Swth Wdth(ft),Y Offset(ft),Speed(mph),Distance(ft),Fuel Con(T)(gal(US)/h),Track(deg),Hrv Mass W(lb),Crop Flw(M)(lb/s),Moisture(%),Pass Num,Crop Flw(V)(bu/h),Yld Mass(Wet)(lb/ac),Yld_Mass_Dry_lb_ac,Yld Vol(Wet)(bu/ac),Yld Vol(Dry)(bu/ac),Prod(ac/h),Date
-111.7116624,33.0822676,Azule 1,TaskName 6/10/2024,Wheat (Durum),2544,6/10/2024,1.001,On,1293.5,11.97,14.02,2.309,3.512,8.501,101.77,5.078,3.906,7.18,4,234.34,4051.6,4051.6,67.53,67.53,3.47,6/10/2024
-111.7116519,33.08226886,Azule 1,TaskName 6/10/2024,Wheat (Durum),2545,6/10/2024,0.999,On,1293.5,11.97,14.02,2.209,3.128,9.059,97.8,5.921,5.127,7.28,4,307.65,5959.8,5959.8,99.33,99.33,3.097,6/10/2024
-111.7116402,33.08226934,Azule 1,TaskName 6/10/2024,Wheat (Durum),2546,6/10/2024,1.001,On,1293.4,11.47,14.27,2.3,3.558,9.826,95.34,6.572,5.981,7.3,4,358.85,6390.4,6390.4,106.51,106.51,3.369,6/10/2024
-111.7116294,33.08226964,Azule 1,TaskName 6/10/2024,Wheat (Durum),2547,6/10/2024,0.999,On,1293.7,11.47,14.27,2.175,3.292,9.971,93.76,7.404,6.611,7.3,4,396.64,7618.3,7618.3,126.97,126.97,3.124,6/10/2024
-111.7116146,33.08226928,Azule 1,TaskName 6/10/2024,Wheat (Durum),2548,6/10/2024,1.001,On,1293.6,11.47,14.27,2.824,4.529,12.01,93.09,6.881,7.465,7.3,4,447.93,6266.3,6266.3,104.44,104.44,4.289,6/10/2024
-111.7115991,33.08226923,Azule 1,TaskName 6/10/2024,Wheat (Durum),2549,6/10/2024,1,On,1293.5,11.97,14.02,3.333,4.762,9.692,92.54,7.916,6.832,7.3,4,409.94,5221.9,5221.9,87.03,87.03,4.71,6/10/2024
-111.7115835,33.08226856,Azule 1,TaskName 6/10/2024,Wheat (Durum),2550,6/10/2024,0.999,On,1293.4,11.97,14.02,3.4,4.755,10.95,92.61,8.236,8.06,7.3,4,483.59,6162.4,6162.4,102.71,102.71,4.708,6/10/2024
-111.711567,33.0822691,Azule 1,TaskName 6/10/2024,Wheat (Durum),2551,6/10/2024,1.001,On,1293.4,11.97,14.02,3.323,5.064,11.83,91.13,9.186,8.187,7.219,4,491.19,5889.8,5889.8,98.16,98.16,5.004,6/10/2024
-111.7115492,33.0822695,Azule 1,TaskName 6/10/2024,Wheat (Durum),2552,6/10/2024,0.999,On,1293.4,11.47,14.27,3.694,5.451,10.93,90.06,8.103,9.266,6.959,4,555.98,6449.6,6449.6,107.49,107.49,5.172,6/10/2024
-111.7115317,33.08227035,Azule 1,TaskName 6/10/2024,Wheat (Durum),2553,6/10/2024,0.995,On,1293.4,11.47,14.27,3.597,5.336,11.07,88.97,7.36,7.994,6.74,4,479.64,5661,5661,94.35,94.35,5.084,6/10/2024
-111.711516,33.08227044,Azule 1,TaskName 6/10/2024,Wheat (Durum),2554,6/10/2024,1.005,On,1293.4,10.97,14.52,3.387,4.824,9.776,89.25,6.799,7.341,6.7,4,440.45,6071.7,6071.7,101.19,101.19,4.352,6/10/2024
-111.7114992,33.08227065,Azule 1,TaskName 6/10/2024,Wheat (Durum),2555,6/10/2024,1,On,1293.2,10.97,14.52,3.476,5.132,12.26,89.11,7.03,6.76,6.619,4,405.59,5230.1,5230.1,87.17,87.17,4.653,6/10/2024
-111.7114824,33.0822707,Azule 1,TaskName 6/10/2024,Wheat (Durum),2556,6/10/2024,1,On,1293.3,11.47,14.27,3.456,5.157,11.34,89.32,6.432,7.056,6.6,4,423.36,5196,5196,86.6,86.6,4.889,6/10/2024
-111.7114648,33.08227082,Azule 1,TaskName 6/10/2024,Wheat (Durum),2557,6/10/2024,1.001,On,1293.3,11.47,14.27,3.644,5.403,12.44,89.32,7.251,6.369,6.6,4,382.16,4481.2,4481.2,74.69,74.69,5.117,6/10/2024
-111.7114471,33.0822711,Azule 1,TaskName 6/10/2024,Wheat (Durum),2558,6/10/2024,1,On,1293.3,10.97,14.52,3.71,5.433,11.92,89.36,8.392,7.333,6.6,4,439.97,5358.9,5358.9,89.31,89.31,4.926,6/10/2024
-111.7114291,33.08227116,Azule 1,TaskName 6/10/2024,Wheat (Durum),2559,6/10/2024,0.999,On,1293.3,10.97,14.52,3.769,5.535,11.57,89.44,8.922,8.431,6.6,4,505.87,6042.3,6042.3,100.7,100.7,5.023,6/10/2024
-111.7114112,33.08227118,Azule 1,TaskName 6/10/2024,Wheat (Durum),2560,6/10/2024,1.001,On,1293.3,10.97,14.52,3.716,5.499,12.62,89.69,8.281,8.943,6.52,4,536.57,6464,6464,107.73,107.73,4.981,6/10/2024
-111.7113932,33.08227083,Azule 1,TaskName 6/10/2024,Wheat (Durum),2561,6/10/2024,0.999,On,1293.4,10.97,14.52,3.703,5.521,12.52,90.09,8.238,8.276,6.5,4,496.58,5945.5,5945.5,99.09,99.09,5.011,6/10/2024
-111.7113736,33.08227117,Azule 1,TaskName 6/10/2024,Wheat (Durum),2562,6/10/2024,0.996,On,1293.3,10.97,14.52,4.065,6.007,13.83,89.73,8.82,8.216,6.5,4,492.95,5408.6,5408.6,90.14,90.14,5.468,6/10/2024
-111.7113533,33.08227096,Azule 1,TaskName 6/10/2024,Wheat (Durum),2563,6/10/2024,1.005,On,1293.3,10.97,14.52,4.271,6.204,12.6,90.14,8.426,8.86,6.5,4,531.59,5698.5,5698.5,94.98,94.98,5.597,6/10/2024
-111.7113329,33.08227112,Azule 1,TaskName 6/10/2024,Wheat (Durum),2564,6/10/2024,0.999,On,1293.3,10.97,14.52,4.227,6.266,12.67,89.95,9.012,8.385,6.5,4,503.12,5307.8,5307.8,88.46,88.46,5.687,6/10/2024
-111.7113126,33.08227127,Azule 1,TaskName 6/10/2024,Wheat (Durum),2565,6/10/2024,1,On,1293.3,10.97,14.52,4.238,6.243,12.9,89.94,8.33,9.068,6.5,4,544.08,5766.8,5766.8,96.11,96.11,5.661,6/10/2024
-111.7112921,33.08227106,Azule 1,TaskName 6/10/2024,Wheat (Durum),2566,6/10/2024,1,On,1293.3,10.97,14.52,4.297,6.266,12.54,90.22,9.311,8.298,6.5,4,497.86,5257.6,5257.6,87.63,87.63,5.682,6/10/2024
-111.711273,33.08227109,Azule 1,TaskName 6/10/2024,Wheat (Durum),2567,6/10/2024,1,On,1293.4,10.97,14.52,3.979,5.85,12.47,90.4,8.716,9.412,6.5,4,564.69,6388.2,6388.2,106.47,106.47,5.304,6/10/2024
-111.7112535,33.08227098,Azule 1,TaskName 6/10/2024,Wheat (Durum),2568,6/10/2024,0.995,On,1293.3,10.97,14.52,4.013,5.997,13.49,90.42,9.234,8.575,6.5,4,514.48,5648.4,5648.4,94.14,94.14,5.465,6/10/2024
-111.7112336,33.08227102,Azule 1,TaskName 6/10/2024,Wheat (Durum),2569,6/10/2024,1,On,1293.3,10.97,14.52,4.218,6.099,12.77,90.22,7.865,9.307,6.58,4,558.44,6059.2,6059.2,100.99,100.99,5.53,6/10/2024
-111.7112138,33.08227063,Azule 1,TaskName 6/10/2024,Wheat (Durum),2570,6/10/2024,1.005,On,1293.2,10.97,14.52,4.153,6.083,13.08,90.76,7.261,7.746,6.6,4,464.73,5081.3,5081.3,84.69,84.69,5.488,6/10/2024
-111.7111938,33.08227102,Azule 1,TaskName 6/10/2024,Wheat (Durum),2571,6/10/2024,1.001,On,1293.3,10.97,14.52,4.132,6.119,13.12,89.94,7.88,7.297,6.68,4,437.84,4740,4740,79,79,5.542,6/10/2024
-111.7111739,33.08227066,Azule 1,TaskName 6/10/2024,Wheat (Durum),2572,6/10/2024,0.999,On,1293.3,10.97,14.52,4.175,6.122,12.77,90.47,8.224,7.913,6.7,4,474.81,5127.2,5127.2,85.45,85.45,5.556,6/10/2024
-111.711154,33.08227032,Azule 1,TaskName 6/10/2024,Wheat (Durum),2573,6/10/2024,0.995,On,1293.2,10.97,14.52,4.121,6.109,13.39,90.61,8.224,8.246,6.7,4,494.74,5332.6,5332.6,88.88,88.88,5.567,6/10/2024
-111.7111343,33.08227049,Azule 1,TaskName 6/10/2024,Wheat (Durum),2574,6/10/2024,1,On,1293.2,10.97,14.52,4.138,6.03,12.81,90.04,9.394,8.219,6.7,4,493.11,5411.4,5411.4,90.19,90.19,5.467,6/10/2024
-111.7111144,33.08227092,Azule 1,TaskName 6/10/2024,Wheat (Durum),2575,6/10/2024,1,On,1293.2,10.97,14.52,4.165,6.115,13.28,89.58,9.463,9.521,6.7,4,571.27,6181.7,6181.7,103.03,103.03,5.545,6/10/2024
-111.7110946,33.08227087,Azule 1,TaskName 6/10/2024,Wheat (Durum),2576,6/10/2024,1,On,1293.2,10.97,14.52,4.108,6.066,13.34,89.99,8.667,9.378,6.7,4,562.69,6138.3,6138.3,102.3,102.3,5.5,6/10/2024
-111.7110749,33.08227059,Azule 1,TaskName 6/10/2024,Wheat (Durum),2577,6/10/2024,1,On,1293.3,10.97,14.52,4.144,6.043,13.5,90.37,7.649,8.623,6.78,4,517.38,5665.4,5665.4,94.42,94.42,5.479,6/10/2024
-111.7110553,33.08227104,Azule 1,TaskName 6/10/2024,Wheat (Durum),2578,6/10/2024,1.001,On,1293.3,10.97,14.52,4.082,6.02,13.05,89.69,7.544,7.581,6.8,4,454.85,5004.8,5004.8,83.41,83.41,5.453,6/10/2024
-111.7110371,33.0822707,Azule 1,TaskName 6/10/2024,Wheat (Durum),2579,6/10/2024,0.999,On,1293.3,10.97,14.52,3.827,5.574,11.67,90.19,7.421,7.557,6.8,4,453.39,5377.3,5377.3,89.62,89.62,5.059,6/10/2024
-111.7110192,33.08227061,Azule 1,TaskName 6/10/2024,Wheat (Durum),2580,6/10/2024,1,On,1293.2,10.97,14.52,3.791,5.495,12.99,90.33,7.675,7.448,6.88,4,446.85,5381,5381,89.68,89.68,4.983,6/10/2024
-111.7110014,33.08227073,Azule 1,TaskName 6/10/2024,Wheat (Durum),2581,6/10/2024,1.001,On,1293.3,10.97,14.52,3.719,5.466,12.92,90.09,8.078,7.657,6.9,4,459.39,5567.5,5567.5,92.79,92.79,4.951,6/10/2024
-111.7109826,33.08227062,Azule 1,TaskName 6/10/2024,Wheat (Durum),2582,6/10/2024,0.999,On,1293.3,10.97,14.52,3.903,5.787,13.63,90.28,7.979,8.106,6.82,4,486.38,5555.9,5555.9,92.6,92.6,5.253,6/10/2024
-111.7109633,33.08227048,Azule 1,TaskName 6/10/2024,Wheat (Durum),2583,6/10/2024,1,On,1293.3,10.97,14.52,3.967,5.905,13.23,90.35,9.172,7.972,6.72,4,478.3,5359.7,5359.7,89.33,89.33,5.354,6/10/2024
-111.7109441,33.08227009,Azule 1,TaskName 6/10/2024,Wheat (Durum),2584,6/10/2024,1,On,1293.3,11.47,14.27,4.023,5.905,12.79,90.51,8.71,9.255,6.78,4,555.3,5952,5952,99.2,99.2,5.598,6/10/2024
-111.7109245,33.08227004,Azule 1,TaskName 6/10/2024,Wheat (Durum),2585,6/10/2024,1,On,1293.4,11.47,14.27,4.104,6.002,12.79,90.25,9.104,8.654,6.88,4,519.25,5475.8,5475.8,91.26,91.26,5.69,6/10/2024
-111.7109049,33.08227032,Azule 1,TaskName 6/10/2024,Wheat (Durum),2586,6/10/2024,1,On,1293.3,10.97,14.52,4.074,6.002,12.62,89.73,7.993,9.146,6.98,4,548.76,6049.8,6049.8,100.83,100.83,5.442,6/10/2024
-111.7108856,33.08227028,Azule 1,TaskName 6/10/2024,Wheat (Durum),2587,6/10/2024,0.995,On,1293.4,10.97,14.52,4.066,5.894,12.54,89.71,8.436,7.904,7.08,4,474.25,5297.8,5297.8,88.3,88.3,5.371,6/10/2024
-111.7108663,33.08227074,Azule 1,TaskName 6/10/2024,Wheat (Durum),2588,6/10/2024,1.005,On,1293.4,10.97,14.52,4.015,5.92,12.76,89.31,8.251,8.515,7.1,4,510.93,5739.3,5739.3,95.66,95.66,5.341,6/10/2024
-111.7108473,33.08227082,Azule 1,TaskName 6/10/2024,Wheat (Durum),2589,6/10/2024,1,On,1293.4,10.97,14.52,3.981,5.829,12.3,89.49,8.78,8.207,7.1,4,492.41,5590.5,5590.5,93.18,93.18,5.285,6/10/2024
-111.7108289,33.08227125,Azule 1,TaskName 6/10/2024,Wheat (Durum),2590,6/10/2024,1,On,1293.4,10.97,14.52,3.894,5.628,11.77,89.19,8.503,8.879,7.02,4,532.73,6263.3,6263.3,104.39,104.39,5.103,6/10/2024
-111.7108104,33.08227144,Azule 1,TaskName 6/10/2024,Wheat (Durum),2591,6/10/2024,1,On,1293.4,10.97,14.52,3.831,5.658,13.1,89.35,8.065,8.462,7,4,507.69,5937.8,5937.8,98.96,98.96,5.13,6/10/2024
-111.7107917,33.08227127,Azule 1,TaskName 6/10/2024,Wheat (Durum),2592,6/10/2024,1,On,1293.4,10.97,14.52,3.919,5.75,12.35,89.95,8.336,7.994,7,4,479.66,5520.4,5520.4,92.01,92.01,5.213,6/10/2024
-111.7107731,33.08227103,Azule 1,TaskName 6/10/2024,Wheat (Durum),2593,6/10/2024,1,On,1293.3,10.97,14.52,3.865,5.681,12.32,90.29,9.121,8.372,7,4,502.33,5851.3,5851.3,97.52,97.52,5.151,6/10/2024
-111.7107546,33.08227108,Azule 1,TaskName 6/10/2024,Wheat (Durum),2594,6/10/2024,1.001,On,1293.3,10.97,14.52,3.876,5.687,12.54,90.16,8.771,9.16,7,4,549.57,6400.7,6400.7,106.68,106.68,5.152,6/10/2024
-111.7107361,33.08227111,Azule 1,TaskName 6/10/2024,Wheat (Durum),2595,6/10/2024,0.999,On,1293.4,10.97,14.52,3.862,5.638,12.37,89.91,8.713,8.743,7,4,524.58,6150.6,6150.6,102.51,102.51,5.117,6/10/2024
-111.7107176,33.08227112,Azule 1,TaskName 6/10/2024,Wheat (Durum),2596,6/10/2024,1.001,On,1293.3,10.97,14.52,3.879,5.684,12.78,90.16,9.786,8.722,7,4,523.3,6098.2,6098.2,101.64,101.64,5.149,6/10/2024
-111.7106992,33.08227087,Azule 1,TaskName 6/10/2024,Wheat (Durum),2597,6/10/2024,0.999,On,1293.3,10.97,14.52,3.888,5.625,12.34,90.31,9.971,9.847,7,4,590.82,6943.4,6943.4,115.72,115.72,5.105,6/10/2024
-111.7106808,33.08227061,Azule 1,TaskName 6/10/2024,Wheat (Durum),2598,6/10/2024,1,On,1293.4,10.97,14.52,3.793,5.645,12.74,90.54,9.132,9.96,6.84,4,597.62,7005.9,7005.9,116.77,116.77,5.118,6/10/2024
-111.7106622,33.08227078,Azule 1,TaskName 6/10/2024,Wheat (Durum),2599,6/10/2024,1.001,On,1293.4,10.97,14.52,3.884,5.701,12.01,90.05,9.116,9.127,6.72,4,547.63,6363.4,6363.4,106.06,106.06,5.164,6/10/2024
-111.7106432,33.08227084,Azule 1,TaskName 6/10/2024,Wheat (Durum),2600,6/10/2024,0.995,On,1293.4,10.97,14.52,3.956,5.799,13.49,89.98,9.831,9.143,6.7,4,548.57,6228.5,6228.5,103.81,103.81,5.284,6/10/2024
-111.7106234,33.08227043,Azule 1,TaskName 6/10/2024,Wheat (Durum),2601,6/10/2024,1.004,On,1293.4,10.97,14.52,4.14,6.068,12.54,90.45,9.571,9.83,6.7,4,589.78,6457.4,6457.4,107.62,107.62,5.48,6/10/2024
-111.710604,33.08227041,Azule 1,TaskName 6/10/2024,Wheat (Durum),2602,6/10/2024,0.996,On,1293.4,10.97,14.52,4.066,5.937,12.06,90.33,11.39,9.583,6.7,4,574.99,6383.4,6383.4,106.39,106.39,5.405,6/10/2024
-111.7105846,33.08227002,Azule 1,TaskName 6/10/2024,Wheat (Durum),2603,6/10/2024,1.004,On,1293.4,10.97,14.52,4.006,5.966,12.51,90.73,10.46,11.55,6.78,4,693.05,7717.5,7717.5,128.62,128.62,5.388,6/10/2024
-111.7105653,33.08227049,Azule 1,TaskName 6/10/2024,Wheat (Durum),2604,6/10/2024,1,On,1293.4,10.97,14.52,4.052,5.901,12.56,89.79,10.53,10.33,6.8,4,620.05,6953.6,6953.6,115.89,115.89,5.35,6/10/2024
-111.710546,33.0822705,Azule 1,TaskName 6/10/2024,Wheat (Durum),2605,6/10/2024,1,On,1293.4,11.47,14.27,4.043,5.924,12.59,89.91,8.795,10.53,6.8,4,632.04,6753.5,6753.5,112.56,112.56,5.615,6/10/2024
-111.7105268,33.08227031,Azule 1,TaskName 6/10/2024,Wheat (Durum),2606,6/10/2024,0.995,On,1293.3,11.47,14.27,4.007,5.884,12.77,90.2,9.187,8.699,6.8,4,521.95,5586.5,5586.5,93.11,93.11,5.606,6/10/2024
-111.7105077,33.0822705,Azule 1,TaskName 6/10/2024,Wheat (Durum),2607,6/10/2024,1.005,On,1293.4,10.97,14.52,4.009,5.832,12.03,89.89,8.986,9.259,6.8,4,555.56,6335.5,6335.5,105.59,105.59,5.261,6/10/2024
-111.7104885,33.08227,Azule 1,TaskName 6/10/2024,Wheat (Durum),2608,6/10/2024,0.996,On,1293.3,10.97,14.52,4.041,5.897,12.53,90.27,9.148,8.94,6.8,4,536.4,5994.7,5994.7,99.91,99.91,5.369,6/10/2024
-111.7104695,33.08227039,Azule 1,TaskName 6/10/2024,Wheat (Durum),2609,6/10/2024,1,On,1293.4,10.97,14.52,3.925,5.809,12.96,89.72,9.439,9.168,6.8,4,550.05,6266.1,6266.1,104.44,104.44,5.267,6/10/2024
-111.7104503,33.08227041,Azule 1,TaskName 6/10/2024,Wheat (Durum),2610,6/10/2024,0.999,On,1293.4,10.97,14.52,3.982,5.881,12.98,89.64,9.814,9.454,6.8,4,567.21,6375.9,6375.9,106.27,106.27,5.338,6/10/2024
-111.7104302,33.08227112,Azule 1,TaskName 6/10/2024,Wheat (Durum),2611,6/10/2024,1.006,On,1293.3,10.97,14.52,4.165,6.16,14.7,88.9,9.435,9.841,6.8,4,590.44,6380.9,6380.9,106.35,106.35,5.552,6/10/2024
-111.71041,33.08227072,Azule 1,TaskName 6/10/2024,Wheat (Durum),2612,6/10/2024,0.995,On,1293.5,10.97,14.52,4.218,6.186,12.34,89.81,9.34,9.413,6.8,4,564.75,6011,6011,100.18,100.18,5.637,6/10/2024
-111.7103898,33.08227112,Azule 1,TaskName 6/10/2024,Wheat (Durum),2613,6/10/2024,0.999,On,1293.4,10.97,14.52,4.225,6.206,13.49,89.38,8.89,9.335,6.72,4,560.08,5966.2,5966.2,99.44,99.44,5.632,6/10/2024
-111.7103695,33.08227155,Azule 1,TaskName 6/10/2024,Wheat (Durum),2614,6/10/2024,1,On,1293.4,10.97,14.52,4.271,6.203,12.73,89.27,8.484,8.854,6.62,4,531.25,5667.8,5667.8,94.46,94.46,5.624,6/10/2024
-111.7103495,33.08227145,Azule 1,TaskName 6/10/2024,Wheat (Durum),2615,6/10/2024,1,On,1293.4,10.97,14.52,4.188,6.134,13.14,89.85,8.612,8.466,6.68,4,507.98,5480.1,5480.1,91.33,91.33,5.562,6/10/2024
-111.7103304,33.08227114,Azule 1,TaskName 6/10/2024,Wheat (Durum),2616,6/10/2024,1.001,On,1293.3,10.97,14.52,4.063,5.837,11.69,90.24,8.741,8.626,6.779,4,517.58,5873.5,5873.5,97.89,97.89,5.287,6/10/2024
-111.7103129,33.08227121,Azule 1,TaskName 6/10/2024,Wheat (Durum),2617,6/10/2024,1,On,1293.3,10.97,14.52,3.696,5.388,12.23,89.99,9.363,8.791,6.879,4,527.48,6478.7,6478.7,107.98,107.98,4.885,6/10/2024
-111.7102953,33.08227089,Azule 1,TaskName 6/10/2024,Wheat (Durum),2618,6/10/2024,0.999,On,1293.3,10.97,14.52,3.674,5.378,12.15,90.47,8.866,9.363,6.98,4,561.79,6905.9,6905.9,115.1,115.1,4.881,6/10/2024
-111.7102779,33.08227082,Azule 1,TaskName 6/10/2024,Wheat (Durum),2619,6/10/2024,0.995,On,1293.4,10.97,14.52,3.642,5.355,12.31,90.4,8.379,8.814,7.08,4,528.82,6502.3,6502.3,108.37,108.37,4.88,6/10/2024
-111.7102601,33.08227086,Azule 1,TaskName 6/10/2024,Wheat (Durum),2620,6/10/2024,1.005,On,1293.3,10.97,14.52,3.679,5.46,13.18,90.38,8.824,8.359,7.18,4,501.56,6109.3,6109.3,101.82,101.82,4.926,6/10/2024
-111.710242,33.08227082,Azule 1,TaskName 6/10/2024,Wheat (Durum),2621,6/10/2024,1.001,On,1293.4,10.97,14.52,3.786,5.532,11.96,90.48,10.02,8.85,7.121,4,530.99,6358,6358,105.97,105.97,5.011,6/10/2024
-111.7102241,33.08227079,Azule 1,TaskName 6/10/2024,Wheat (Durum),2622,6/10/2024,0.999,On,1293.4,10.97,14.52,3.702,5.473,12.18,90.31,8.922,10.11,6.94,4,606.36,7324.2,7324.2,122.07,122.07,4.967,6/10/2024
-111.7102061,33.08227046,Azule 1,TaskName 6/10/2024,Wheat (Durum),2623,6/10/2024,1,On,1293.4,11.47,14.27,3.793,5.519,12.46,90.66,9.686,8.814,6.82,4,528.86,6065.5,6065.5,101.09,101.09,5.231,6/10/2024
-111.7101877,33.08227061,Azule 1,TaskName 6/10/2024,Wheat (Durum),2624,6/10/2024,1,On,1293.3,10.97,14.52,3.908,5.637,13.05,90.13,9.183,9.788,6.8,4,587.26,6893.9,6893.9,114.9,114.9,5.111,6/10/2024
-111.7101691,33.08227057,Azule 1,TaskName 6/10/2024,Wheat (Durum),2625,6/10/2024,1,On,1293.4,10.97,14.52,3.817,5.699,12.96,90.23,9.102,9.115,6.8,4,546.89,6349.8,6349.8,105.83,105.83,5.168,6/10/2024
-111.7101505,33.08227023,Azule 1,TaskName 6/10/2024,Wheat (Durum),2626,6/10/2024,1.001,On,1293.4,10.97,14.52,3.838,5.712,12.48,90.33,8.374,9.109,6.8,4,546.57,6337.8,6337.8,105.63,105.63,5.174,6/10/2024
-111.7101317,33.08227066,Azule 1,TaskName 6/10/2024,Wheat (Durum),2627,6/10/2024,1,On,1293.4,10.97,14.52,3.957,5.742,13.25,89.65,8.08,8.323,6.8,4,499.39,5755.3,5755.3,95.92,95.92,5.206,6/10/2024
-111.7101129,33.08227035,Azule 1,TaskName 6/10/2024,Wheat (Durum),2628,6/10/2024,1,On,1293.4,10.97,14.52,3.945,5.755,12.37,90.23,7.79,8.078,6.8,4,484.67,5572.9,5572.9,92.88,92.88,5.218,6/10/2024
-111.7100942,33.08227075,Azule 1,TaskName 6/10/2024,Wheat (Durum),2629,6/10/2024,0.999,On,1293.3,10.97,14.52,3.933,5.739,11.93,89.63,8.351,7.771,6.88,4,466.25,5371,5371,89.52,89.52,5.209,6/10/2024
-111.7100756,33.08227071,Azule 1,TaskName 6/10/2024,Wheat (Durum),2630,6/10/2024,1,On,1293.4,10.97,14.52,3.871,5.69,13.11,89.93,7.893,8.399,6.9,4,503.95,5861.4,5861.4,97.69,97.69,5.159,6/10/2024
-111.7100568,33.08227071,Azule 1,TaskName 6/10/2024,Wheat (Durum),2631,6/10/2024,1.001,On,1293.4,10.97,14.52,3.861,5.778,12.55,90,8.625,7.889,6.9,4,473.36,5426.6,5426.6,90.44,90.44,5.234,6/10/2024
-111.7100381,33.08227083,Azule 1,TaskName 6/10/2024,Wheat (Durum),2632,6/10/2024,0.999,On,1293.4,10.97,14.52,3.918,5.742,12.79,89.65,7.801,8.655,6.9,4,519.27,5978.4,5978.4,99.64,99.64,5.211,6/10/2024
-111.7100197,33.0822708,Azule 1,TaskName 6/10/2024,Wheat (Durum),2633,6/10/2024,1,On,1293.4,10.97,14.52,3.932,5.634,12.93,89.98,7.241,7.724,6.9,4,463.45,5443.7,5443.7,90.73,90.73,5.108,6/10/2024
-111.7100009,33.0822708,Azule 1,TaskName 6/10/2024,Wheat (Durum),2634,6/10/2024,0.996,On,1293.3,10.97,14.52,3.869,5.752,12.52,90.05,7.121,7.235,6.9,4,434.13,4974.6,4974.6,82.91,82.91,5.236,6/10/2024
-111.7099823,33.08227066,Azule 1,TaskName 6/10/2024,Wheat (Durum),2635,6/10/2024,1,On,1293.4,10.97,14.52,3.909,5.696,11.94,90.3,7.512,7.117,6.9,4,427.01,4960.7,4960.7,82.68,82.68,5.165,6/10/2024
-111.7099634,33.0822706,Azule 1,TaskName 6/10/2024,Wheat (Durum),2636,6/10/2024,1.005,On,1293.3,10.97,14.52,3.978,5.817,12.51,90.27,7.725,7.575,6.9,4,454.48,5195.6,5195.6,86.59,86.59,5.248,6/10/2024
-111.7099448,33.0822707,Azule 1,TaskName 6/10/2024,Wheat (Durum),2637,6/10/2024,0.999,On,1293.4,10.97,14.52,3.817,5.69,12.49,89.95,7.628,7.694,6.98,4,461.65,5364,5364,89.4,89.4,5.164,6/10/2024
-111.7099261,33.0822709,Azule 1,TaskName 6/10/2024,Wheat (Durum),2638,6/10/2024,1,On,1293.4,10.97,14.52,3.899,5.735,11.88,89.73,8.551,7.624,7.08,4,457.43,5277.7,5277.7,87.96,87.96,5.2,6/10/2024
-111.7099074,33.08227084,Azule 1,TaskName 6/10/2024,Wheat (Durum),2639,6/10/2024,1,On,1293.4,10.97,14.52,3.928,5.719,12.57,90.02,8.18,8.612,7.1,4,516.72,5978.9,5978.9,99.65,99.65,5.185,6/10/2024
-111.7098887,33.08227097,Azule 1,TaskName 6/10/2024,Wheat (Durum),2640,6/10/2024,1,On,1293.4,10.97,14.52,3.916,5.742,12.01,89.96,6.94,8.141,7.1,4,488.48,5629.5,5629.5,93.82,93.82,5.206,6/10/2024
-111.7098702,33.08227048,Azule 1,TaskName 6/10/2024,Wheat (Durum),2641,6/10/2024,1,On,1293.5,10.97,14.52,3.818,5.67,12.83,90.41,6.751,6.904,7.1,4,414.26,4834.9,4834.9,80.58,80.58,5.141,6/10/2024
-111.7098509,33.08227072,Azule 1,TaskName 6/10/2024,Wheat (Durum),2642,6/10/2024,1,On,1293.5,10.97,14.52,3.985,5.906,13.39,90.02,7.952,6.725,7.1,4,403.5,4520.9,4520.9,75.35,75.35,5.355,6/10/2024
-111.7098317,33.08227061,Azule 1,TaskName 6/10/2024,Wheat (Durum),2643,6/10/2024,1,On,1293.4,10.97,14.52,4.105,5.899,12.54,90.21,7.666,8.032,7.1,4,481.91,5405.5,5405.5,90.09,90.09,5.349,6/10/2024
-111.7098125,33.08227009,Azule 1,TaskName 6/10/2024,Wheat (Durum),2644,6/10/2024,1,On,1293.4,10.97,14.52,4.016,5.867,12.65,90.83,8.99,7.614,7.1,4,456.82,5152.8,5152.8,85.88,85.88,5.319,6/10/2024
-111.7097932,33.08227024,Azule 1,TaskName 6/10/2024,Wheat (Durum),2645,6/10/2024,1,On,1293.4,10.97,14.52,3.997,5.924,12.65,90.37,8.259,9.103,7.1,4,546.2,6101.6,6101.6,101.69,101.69,5.371,6/10/2024
-111.7097739,33.08227043,Azule 1,TaskName 6/10/2024,Wheat (Durum),2646,6/10/2024,1,On,1293.4,10.97,14.52,4.031,5.9,12.65,89.86,8.165,8.164,7.02,4,489.86,5494.7,5494.7,91.58,91.58,5.349,6/10/2024
-111.7097547,33.08227056,Azule 1,TaskName 6/10/2024,Wheat (Durum),2647,6/10/2024,0.995,On,1293.4,10.97,14.52,4.006,5.87,12.49,89.72,8.916,8.179,6.92,4,490.72,5504.3,5504.3,91.74,91.74,5.349,6/10/2024
-111.7097355,33.08227057,Azule 1,TaskName 6/10/2024,Wheat (Durum),2648,6/10/2024,1,On,1293.4,10.97,14.52,3.996,5.873,12.73,89.94,9.136,8.971,6.9,4,538.28,6064.8,6064.8,101.08,101.08,5.325,6/10/2024
-111.7097163,33.08227076,Azule 1,TaskName 6/10/2024,Wheat (Durum),2649,6/10/2024,1,On,1293.5,10.97,14.52,4.022,5.9,12.57,89.88,8.861,9.185,6.9,4,551.07,6181.3,6181.3,103.02,103.02,5.349,6/10/2024
-111.7096971,33.08227071,Azule 1,TaskName 6/10/2024,Wheat (Durum),2650,6/10/2024,1.001,On,1293.4,10.97,14.52,4.045,5.873,12.49,89.83,8.84,8.788,6.9,4,527.27,5946.7,5946.7,99.11,99.11,5.32,6/10/2024
-111.7096779,33.08227118,Azule 1,TaskName 6/10/2024,Wheat (Durum),2651,6/10/2024,0.999,On,1293.4,10.97,14.52,3.971,5.857,12.45,89.42,8.306,8.898,6.9,4,533.88,6026,6026,100.43,100.43,5.316,6/10/2024
-111.709659,33.0822711,Azule 1,TaskName 6/10/2024,Wheat (Durum),2652,6/10/2024,1.005,On,1293.4,10.97,14.52,4,5.775,12.47,90.01,8.673,8.25,6.9,4,494.99,5700.4,5700.4,95.01,95.01,5.21,6/10/2024
-111.7096404,33.08227111,Azule 1,TaskName 6/10/2024,Wheat (Durum),2653,6/10/2024,0.995,On,1293.4,10.97,14.52,3.883,5.709,12.51,90.07,8.938,8.723,6.9,4,523.37,6035.9,6035.9,100.6,100.6,5.203,6/10/2024
-111.7096219,33.08227126,Azule 1,TaskName 6/10/2024,Wheat (Durum),2654,6/10/2024,1.001,On,1293.4,10.97,14.52,3.841,5.64,12.65,89.85,8.866,8.99,6.9,4,539.42,6334.9,6334.9,105.58,105.58,5.109,6/10/2024
-111.7096035,33.08227083,Azule 1,TaskName 6/10/2024,Wheat (Durum),2655,6/10/2024,0.995,On,1293.4,10.97,14.52,3.865,5.653,13.33,90.4,8.456,8.805,6.82,4,528.31,6153,6153,102.55,102.55,5.152,6/10/2024
-111.7095848,33.08227081,Azule 1,TaskName 6/10/2024,Wheat (Durum),2656,6/10/2024,1.005,On,1293.4,10.97,14.52,3.914,5.716,12.45,90.27,8.307,8.435,6.8,4,506.12,5888.8,5888.8,98.15,98.15,5.157,6/10/2024
-111.7095668,33.08227082,Azule 1,TaskName 6/10/2024,Wheat (Durum),2657,6/10/2024,1,On,1293.5,10.97,14.52,3.743,5.512,12.17,90.25,8.733,8.303,6.8,4,498.16,5980.2,5980.2,99.67,99.67,4.998,6/10/2024
-111.7095484,33.0822707,Azule 1,TaskName 6/10/2024,Wheat (Durum),2658,6/10/2024,1,On,1293.5,10.97,14.52,3.82,5.63,12.82,90.41,9.048,8.768,6.8,4,526.08,6183,6183,103.05,103.05,5.105,6/10/2024
-111.7095296,33.08227068,Azule 1,TaskName 6/10/2024,Wheat (Durum),2659,6/10/2024,1,On,1293.5,10.97,14.52,3.904,5.735,13.39,90.25,9.763,9.061,6.8,4,543.69,6272.9,6272.9,104.55,104.55,5.2,6/10/2024
-111.70951,33.08227028,Azule 1,TaskName 6/10/2024,Wheat (Durum),2660,6/10/2024,1,On,1293.4,10.97,14.52,4.068,5.988,13.17,90.81,9.156,9.815,6.8,4,588.9,6507.8,6507.8,108.46,108.46,5.429,6/10/2024
-111.7094899,33.08227043,Azule 1,TaskName 6/10/2024,Wheat (Durum),2661,6/10/2024,0.999,On,1293.4,10.97,14.52,4.251,6.159,12.47,90.26,9.542,9.104,6.8,4,546.26,5863.5,5863.5,97.73,97.73,5.59,6/10/2024
-111.7094701,33.08227,Azule 1,TaskName 6/10/2024,Wheat (Durum),2662,6/10/2024,1.001,On,1293.4,11.47,14.27,4.12,6.057,13.02,90.57,8.945,9.594,6.8,4,575.61,6021.3,6021.3,100.35,100.35,5.736,6/10/2024
-111.70945,33.08227019,Azule 1,TaskName 6/10/2024,Wheat (Durum),2663,6/10/2024,0.999,On,1293.4,10.97,14.52,4.141,6.139,12.55,90.08,9.306,8.883,6.8,4,532.96,5739.2,5739.2,95.65,95.65,5.572,6/10/2024
-111.7094305,33.08227044,Azule 1,TaskName 6/10/2024,Wheat (Durum),2664,6/10/2024,1,On,1293.4,10.97,14.52,4.119,5.991,12.94,89.72,8.408,9.405,6.8,4,564.27,6232.3,6232.3,103.87,103.87,5.432,6/10/2024
-111.7094107,33.08227062,Azule 1,TaskName 6/10/2024,Wheat (Durum),2665,6/10/2024,1,On,1293.4,10.97,14.52,4.149,6.064,12.63,89.46,8.889,8.273,6.8,4,496.38,5417.2,5417.2,90.29,90.29,5.498,6/10/2024
-111.709391,33.08227087,Azule 1,TaskName 6/10/2024,Wheat (Durum),2666,6/10/2024,1,On,1293.5,10.97,14.52,4.092,6.024,13.14,89.41,9.307,8.962,6.8,4,537.71,5906.6,5906.6,98.44,98.44,5.462,6/10/2024
-111.7093712,33.08227083,Azule 1,TaskName 6/10/2024,Wheat (Durum),2667,6/10/2024,1.001,On,1293.5,10.97,14.52,4.093,6.054,13.47,89.43,8.971,9.304,6.8,4,558.22,6108.1,6108.1,101.8,101.8,5.483,6/10/2024
-111.7093513,33.0822713,Azule 1,TaskName 6/10/2024,Wheat (Durum),2668,6/10/2024,0.999,On,1293.5,10.97,14.52,4.197,6.087,13.03,89.25,8.978,8.956,6.8,4,537.36,5836.4,5836.4,97.27,97.27,5.524,6/10/2024
-111.7093317,33.08227086,Azule 1,TaskName 6/10/2024,Wheat (Durum),2669,6/10/2024,1,On,1293.4,10.97,14.52,4.135,6.008,13.34,90.05,8.803,8.986,6.8,4,539.17,5938.8,5938.8,98.98,98.98,5.447,6/10/2024
-111.7093117,33.08227127,Azule 1,TaskName 6/10/2024,Wheat (Durum),2670,6/10/2024,1,On,1293.5,10.97,14.52,4.115,6.096,13.45,89.67,8.681,8.789,6.8,4,527.34,5724.1,5724.1,95.4,95.4,5.528,6/10/2024
-111.7092918,33.08227085,Azule 1,TaskName 6/10/2024,Wheat (Durum),2671,6/10/2024,1,On,1293.4,10.97,14.52,4.148,6.09,13.09,90.25,8.828,8.677,6.8,4,520.64,5657.5,5657.5,94.29,94.29,5.522,6/10/2024
-111.7092723,33.08227092,Azule 1,TaskName 6/10/2024,Wheat (Durum),2672,6/10/2024,1,On,1293.5,10.97,14.52,4.09,5.978,13.35,90.05,9.279,8.84,6.8,4,530.39,5871,5871,97.85,97.85,5.42,6/10/2024
-111.7092524,33.08227079,Azule 1,TaskName 6/10/2024,Wheat (Durum),2673,6/10/2024,1,On,1293.5,10.97,14.52,4.148,6.09,13.27,90.17,9.604,9.308,6.88,4,558.5,6068.8,6068.8,101.15,101.15,5.522,6/10/2024
-111.7092326,33.08227093,Azule 1,TaskName 6/10/2024,Wheat (Durum),2674,6/10/2024,1,On,1293.4,10.97,14.52,4.127,6.057,13.45,90.02,9.696,9.608,6.98,4,576.46,6297.9,6297.9,104.97,104.97,5.492,6/10/2024
-111.7092128,33.08227067,Azule 1,TaskName 6/10/2024,Wheat (Durum),2675,6/10/2024,1,On,1293.4,10.97,14.52,4.177,6.052,13,90.28,8.812,9.709,7.08,4,582.53,6369.8,6369.8,106.16,106.16,5.487,6/10/2024
-111.7091929,33.08227081,Azule 1,TaskName 6/10/2024,Wheat (Durum),2676,6/10/2024,1.001,On,1293.4,10.97,14.52,4.14,6.1,13.53,90.01,9.218,8.73,7.1,4,523.79,5688,5688,94.8,94.8,5.525,6/10/2024
-111.7091725,33.08227119,Azule 1,TaskName 6/10/2024,Wheat (Durum),2677,6/10/2024,1,On,1293.4,10.97,14.52,4.255,6.261,13.99,89.53,9.045,9.281,7.1,4,556.86,5886,5886,98.1,98.1,5.676,6/10/2024
-111.7091518,33.0822709,Azule 1,TaskName 6/10/2024,Wheat (Durum),2678,6/10/2024,0.999,On,1293.4,10.97,14.52,4.278,6.316,13.24,90.21,9.736,9.005,7.02,4,540.3,5654.9,5654.9,94.25,94.25,5.733,6/10/2024
-111.7091316,33.08227079,Azule 1,TaskName 6/10/2024,Wheat (Durum),2679,6/10/2024,1,On,1293.5,10.97,14.52,4.228,6.198,13.4,90.22,9.177,9.798,6.841,4,587.9,6276.6,6276.6,104.61,104.61,5.62,6/10/2024
-111.7091109,33.08227093,Azule 1,TaskName 6/10/2024,Wheat (Durum),2680,6/10/2024,1.001,On,1293.5,10.97,14.52,4.303,6.333,13.43,90.01,9.377,9.111,6.88,4,546.64,5717.8,5717.8,95.3,95.3,5.736,6/10/2024
-111.7090906,33.08227077,Azule 1,TaskName 6/10/2024,Wheat (Durum),2681,6/10/2024,1,On,1293.5,10.97,14.52,4.294,6.215,13.25,90.1,9.119,9.411,6.9,4,564.67,6012.6,6012.6,100.21,100.21,5.635,6/10/2024
-111.7090702,33.08227051,Azule 1,TaskName 6/10/2024,Wheat (Durum),2682,6/10/2024,0.999,On,1293.5,10.97,14.52,4.224,6.257,13.47,90.48,9.815,9.087,6.9,4,545.25,5760.5,5760.5,96.01,96.01,5.679,6/10/2024
-111.7090498,33.0822702,Azule 1,TaskName 6/10/2024,Wheat (Durum),2683,6/10/2024,1,On,1293.5,10.97,14.52,4.246,6.254,13.34,90.55,9.311,9.926,6.98,4,595.58,6301.9,6301.9,105.03,105.03,5.671,6/10/2024
-111.7090293,33.08227003,Azule 1,TaskName 6/10/2024,Wheat (Durum),2684,6/10/2024,1,On,1293.4,11.47,14.27,4.344,6.261,12.93,90.41,9.164,9.196,7,4,551.74,5578.3,5578.3,92.97,92.97,5.934,6/10/2024
-111.7090091,33.08227008,Azule 1,TaskName 6/10/2024,Wheat (Durum),2685,6/10/2024,1,On,1293.5,11.47,14.27,4.176,6.202,13.78,89.95,9.289,9.179,7,4,550.76,5621.5,5621.5,93.69,93.69,5.879,6/10/2024
-111.7089885,33.08227024,Azule 1,TaskName 6/10/2024,Wheat (Durum),2686,6/10/2024,0.996,On,1293.5,10.97,14.52,4.285,6.297,13.26,89.9,9.778,9.343,6.92,4,560.59,5867.9,5867.9,97.8,97.8,5.732,6/10/2024
-111.7089681,33.08227049,Azule 1,TaskName 6/10/2024,Wheat (Durum),2687,6/10/2024,1,On,1293.5,10.97,14.52,4.288,6.251,13.36,89.55,9.404,9.81,6.74,4,588.61,6231.4,6231.4,103.86,103.86,5.668,6/10/2024
-111.7089477,33.0822709,Azule 1,TaskName 6/10/2024,Wheat (Durum),2688,6/10/2024,0.999,On,1293.5,10.97,14.52,4.241,6.251,13.73,89.25,9.433,9.358,6.7,4,561.46,5938,5938,98.97,98.97,5.673,6/10/2024
-111.7089273,33.0822709,Azule 1,TaskName 6/10/2024,Wheat (Durum),2689,6/10/2024,1,On,1293.5,10.97,14.52,4.269,6.238,13.68,89.56,9.195,9.409,6.7,4,564.56,5989.3,5989.3,99.82,99.82,5.656,6/10/2024
-111.7089069,33.08227109,Azule 1,TaskName 6/10/2024,Wheat (Durum),2690,6/10/2024,1,On,1293.5,10.97,14.52,4.27,6.264,13.71,89.4,9.15,9.176,6.7,4,550.53,5816.1,5816.1,96.93,96.93,5.679,6/10/2024
-111.7088864,33.0822711,Azule 1,TaskName 6/10/2024,Wheat (Durum),2691,6/10/2024,1,On,1293.6,10.97,14.52,4.256,6.264,13.72,89.55,9.395,9.193,6.7,4,551.6,5827.3,5827.3,97.12,97.12,5.679,6/10/2024
-111.708866,33.08227084,Azule 1,TaskName 6/10/2024,Wheat (Durum),2692,6/10/2024,1.005,On,1293.5,10.97,14.52,4.25,6.264,13.99,89.95,8.603,9.41,6.7,4,564.57,5994.2,5994.2,99.9,99.9,5.651,6/10/2024
-111.7088456,33.08227107,Azule 1,TaskName 6/10/2024,Wheat (Durum),2693,6/10/2024,0.995,On,1293.5,10.97,14.52,4.28,6.231,13.86,89.7,9.179,8.541,6.7,4,512.46,5415.2,5415.2,90.25,90.25,5.678,6/10/2024
-111.7088252,33.08227101,Azule 1,TaskName 6/10/2024,Wheat (Durum),2694,6/10/2024,1,On,1293.5,10.97,14.52,4.275,6.254,13.28,89.91,9.643,9.294,6.7,4,557.63,5900.3,5900.3,98.34,98.34,5.671,6/10/2024
-111.7088048,33.08227077,Azule 1,TaskName 6/10/2024,Wheat (Durum),2695,6/10/2024,1.001,On,1293.5,10.97,14.52,4.258,6.264,13.45,90.21,10.49,9.652,6.7,4,579.13,6124.3,6124.3,102.07,102.07,5.674,6/10/2024
-111.7087845,33.08227081,Azule 1,TaskName 6/10/2024,Wheat (Durum),2696,6/10/2024,0.999,On,1293.5,10.97,14.52,4.212,6.215,14.22,90.12,9.04,10.51,6.7,4,630.45,6706.3,6706.3,111.77,111.77,5.64,6/10/2024
-111.7087642,33.08227077,Azule 1,TaskName 6/10/2024,Wheat (Durum),2697,6/10/2024,0.996,On,1293.5,10.97,14.52,4.252,6.224,13.63,89.91,8.474,8.917,6.7,4,535,5665,5665,94.42,94.42,5.666,6/10/2024
-111.7087436,33.08227029,Azule 1,TaskName 6/10/2024,Wheat (Durum),2698,6/10/2024,0.999,On,1293.5,10.97,14.52,4.281,6.287,13.73,90.45,7.985,8.466,6.7,4,507.95,5341.2,5341.2,89.02,89.02,5.706,6/10/2024
-111.7087231,33.08227064,Azule 1,TaskName 6/10/2024,Wheat (Durum),2699,6/10/2024,1.005,On,1293.5,10.97,14.52,4.267,6.27,13.74,89.74,9.725,7.99,6.7,4,479.4,5084.5,5084.5,84.74,84.74,5.657,6/10/2024
-111.7087028,33.08227052,Azule 1,TaskName 6/10/2024,Wheat (Durum),2700,6/10/2024,1,On,1293.5,10.97,14.52,4.267,6.221,13.23,89.98,8.977,9.821,6.7,4,589.29,6268.2,6268.2,104.47,104.47,5.641,6/10/2024
-111.708682,33.08227047,Azule 1,TaskName 6/10/2024,Wheat (Durum),2701,6/10/2024,1,On,1293.5,11.47,14.27,4.307,6.372,13.97,89.78,9.276,8.912,6.7,4,534.71,5311.5,5311.5,88.52,88.52,6.04,6/10/2024
-111.7086604,33.08227054,Azule 1,TaskName 6/10/2024,Wheat (Durum),2702,6/10/2024,1,On,1293.5,10.97,14.52,4.536,6.635,14.24,89.69,9.836,9.283,6.7,4,556.99,5555.5,5555.5,92.59,92.59,6.016,6/10/2024
-111.7086388,33.0822704,Azule 1,TaskName 6/10/2024,Wheat (Durum),2703,6/10/2024,0.996,On,1293.5,10.97,14.52,4.471,6.608,13.4,89.81,10.55,9.864,6.7,4,591.85,5902.9,5902.9,98.38,98.38,6.016,6/10/2024
-111.708617,33.08227111,Azule 1,TaskName 6/10/2024,Wheat (Durum),2704,6/10/2024,1.004,On,1293.5,10.97,14.52,4.535,6.674,14.47,89.15,9.454,10.6,6.78,4,636.07,6332,6332,105.53,105.53,6.027,6/10/2024
-111.7085947,33.08227093,Azule 1,TaskName 6/10/2024,Wheat (Durum),2705,6/10/2024,0.995,On,1293.5,10.97,14.52,4.701,6.845,14.31,89.69,8.231,9.345,6.88,4,560.71,5393.5,5393.5,89.89,89.89,6.238,6/10/2024
-111.7085721,33.0822712,Azule 1,TaskName 6/10/2024,Wheat (Durum),2706,6/10/2024,1.005,On,1293.5,10.47,14.76,4.691,6.906,13.59,89.46,8.457,8.184,6.98,4,491.06,4953.8,4953.8,82.56,82.56,5.948,6/10/2024
-111.70855,33.08227115,Azule 1,TaskName 6/10/2024,Wheat (Durum),2707,6/10/2024,1,On,1293.5,10.97,14.52,4.631,6.788,13.21,89.68,8.866,8.491,7,4,509.46,4966.4,4966.4,82.77,82.77,6.155,6/10/2024
-111.7085304,33.08227092,Azule 1,TaskName 6/10/2024,Wheat (Durum),2708,6/10/2024,0.996,On,1293.5,10.97,14.52,4.168,6.011,12.29,90.19,8.901,8.883,7,4,532.96,5844.1,5844.1,97.4,97.4,5.472,6/10/2024
-111.7085108,33.08227125,Azule 1,TaskName 6/10/2024,Wheat (Durum),2709,6/10/2024,1.004,On,1293.6,10.97,14.52,4.041,5.991,14.08,89.75,8.819,8.898,7,4,533.86,5920.4,5920.4,98.67,98.67,5.41,6/10/2024
-111.708491,33.08227134,Azule 1,TaskName 6/10/2024,Wheat (Durum),2710,6/10/2024,1,On,1293.5,10.97,14.52,4.188,6.066,12.92,89.88,8.944,8.814,6.92,4,528.86,5768.9,5768.9,96.15,96.15,5.5,6/10/2024
-111.7084718,33.08227084,Azule 1,TaskName 6/10/2024,Wheat (Durum),2711,6/10/2024,0.996,On,1293.5,10.97,14.52,4.082,5.896,12.96,90.42,8.667,8.954,6.82,4,537.26,6006,6006,100.1,100.1,5.367,6/10/2024
-111.7084527,33.08227071,Azule 1,TaskName 6/10/2024,Wheat (Durum),2712,6/10/2024,1.004,On,1293.6,10.97,14.52,3.897,5.85,13.12,90.4,8.439,8.639,6.8,4,518.35,5887,5887,98.12,98.12,5.283,6/10/2024
-111.7084329,33.08227083,Azule 1,TaskName 6/10/2024,Wheat (Durum),2713,6/10/2024,1,On,1293.5,10.97,14.52,4.132,6.076,13.78,90.11,7.989,8.429,6.8,4,505.77,5508.1,5508.1,91.8,91.8,5.509,6/10/2024
-111.7084129,33.08227027,Azule 1,TaskName 6/10/2024,Wheat (Durum),2714,6/10/2024,1,On,1293.5,11.47,14.27,4.207,6.116,13.17,90.67,7.668,7.957,6.8,4,477.41,4941.2,4941.2,82.35,82.35,5.797,6/10/2024
-111.7083935,33.08227037,Azule 1,TaskName 6/10/2024,Wheat (Durum),2715,6/10/2024,1,On,1293.5,10.97,14.52,4.089,5.961,12.72,90.09,6.883,7.656,6.8,4,459.35,5098.9,5098.9,84.98,84.98,5.405,6/10/2024
-111.708376,33.08227017,Azule 1,TaskName 6/10/2024,Wheat (Durum),2716,6/10/2024,1,On,1293.5,10.97,14.52,3.7,5.361,11.7,90.23,7.326,6.83,6.8,4,409.82,5058.6,5058.6,84.31,84.31,4.861,6/10/2024
-111.7083592,33.08227024,Azule 1,TaskName 6/10/2024,Wheat (Durum),2717,6/10/2024,1.001,On,1293.6,10.97,14.52,3.503,5.141,12.94,89.86,7.545,7.38,6.8,4,442.81,5705.1,5705.1,95.09,95.09,4.657,6/10/2024
-111.708342,33.0822704,Azule 1,TaskName 6/10/2024,Wheat (Durum),2718,6/10/2024,0.999,On,1293.6,10.97,14.52,3.623,5.272,13.13,89.61,7.942,7.544,6.8,4,452.65,5675.4,5675.4,94.59,94.59,4.785,6/10/2024
-111.7083247,33.0822705,Azule 1,TaskName 6/10/2024,Wheat (Durum),2719,6/10/2024,1,On,1293.5,10.97,14.52,3.602,5.312,13.51,89.61,7.42,7.964,6.8,4,477.83,5952.7,5952.7,99.21,99.21,4.816,6/10/2024
-111.7083075,33.08227073,Azule 1,TaskName 6/10/2024,Wheat (Durum),2720,6/10/2024,1,On,1293.5,10.97,14.52,3.65,5.269,12.33,89.38,6.864,7.387,6.8,4,443.2,5566,5566,92.77,92.77,4.778,6/10/2024
-111.708291,33.08227091,Azule 1,TaskName 6/10/2024,Wheat (Durum),2721,6/10/2024,1,On,1293.5,10.47,14.76,3.445,5.046,12.46,89.36,6.845,6.839,6.8,4,410.36,5637.7,5637.7,93.96,93.96,4.367,6/10/2024
-111.7082743,33.08227098,Azule 1,TaskName 6/10/2024,Wheat (Durum),2722,6/10/2024,1,On,1293.5,10.47,14.76,3.462,5.105,12.63,89.46,7.667,6.852,6.8,4,411.12,5582.7,5582.7,93.05,93.05,4.418,6/10/2024
-111.7082576,33.0822712,Azule 1,TaskName 6/10/2024,Wheat (Durum),2723,6/10/2024,1,On,1293.4,10.47,14.76,3.531,5.138,12.92,89.36,6.913,7.725,6.8,4,463.52,6254.2,6254.2,104.24,104.24,4.447,6/10/2024
-111.7082397,33.08227127,Azule 1,TaskName 6/10/2024,Wheat (Durum),2724,6/10/2024,0.995,On,1293.5,10.47,14.76,3.62,5.479,13.48,89.52,7.168,6.839,6.8,4,410.32,5165.6,5165.6,86.09,86.09,4.766,6/10/2024
-111.7082216,33.08227135,Azule 1,TaskName 6/10/2024,Wheat (Durum),2725,6/10/2024,1.001,On,1293.5,10.47,14.76,3.805,5.542,12.2,89.57,7.802,7.206,6.8,4,432.37,5414.4,5414.4,90.24,90.24,4.791,6/10/2024
-111.7082047,33.08227105,Azule 1,TaskName 6/10/2024,Wheat (Durum),2726,6/10/2024,0.999,On,1293.5,10.97,14.52,3.557,5.177,11.74,90.18,8.707,7.839,6.8,4,470.36,6005.8,6005.8,100.1,100.1,4.699,6/10/2024
-111.7081874,33.08227087,Azule 1,TaskName 6/10/2024,Wheat (Durum),2727,6/10/2024,1,On,1293.6,10.97,14.52,3.531,5.305,12.71,90.37,8.701,8.812,6.8,4,528.74,6595.1,6595.1,109.92,109.92,4.81,6/10/2024
-111.7081699,33.08227095,Azule 1,TaskName 6/10/2024,Wheat (Durum),2728,6/10/2024,1,On,1293.6,10.97,14.52,3.675,5.361,12.04,89.95,8.538,8.628,6.8,4,517.69,6390.1,6390.1,106.5,106.5,4.861,6/10/2024
-111.7081522,33.08227123,Azule 1,TaskName 6/10/2024,Wheat (Durum),2729,6/10/2024,1,On,1293.5,10.47,14.76,3.728,5.437,12.53,89.74,8.23,8.585,6.8,4,515.11,6568.6,6568.6,109.48,109.48,4.705,6/10/2024
-111.7081343,33.08227076,Azule 1,TaskName 6/10/2024,Wheat (Durum),2730,6/10/2024,1,On,1293.5,10.47,14.76,3.74,5.476,12.41,90.54,7.832,8.157,6.8,4,489.44,6196.4,6196.4,103.27,103.27,4.739,6/10/2024
-111.7081164,33.08227084,Azule 1,TaskName 6/10/2024,Wheat (Durum),2731,6/10/2024,1,On,1293.6,10.47,14.76,3.777,5.489,11.45,90.23,8.74,7.818,6.8,4,469.11,5924.7,5924.7,98.75,98.75,4.751,6/10/2024
-111.7080988,33.08227082,Azule 1,TaskName 6/10/2024,Wheat (Durum),2732,6/10/2024,0.995,On,1293.5,10.47,14.76,3.656,5.374,12.46,90.19,8.092,8.854,6.8,4,531.23,6818.4,6818.4,113.64,113.64,4.675,6/10/2024
-111.708081,33.08227068,Azule 1,TaskName 6/10/2024,Wheat (Durum),2733,6/10/2024,1.005,On,1293.5,10.97,14.52,3.733,5.479,12.45,90.12,8.149,8.022,6.8,4,481.34,5842.4,5842.4,97.37,97.37,4.943,6/10/2024
-111.7080637,33.08227057,Azule 1,TaskName 6/10/2024,Wheat (Durum),2734,6/10/2024,0.995,On,1293.5,10.97,14.52,3.649,5.279,11.76,90.36,7.471,8.174,6.721,4,490.47,6117.3,6117.3,101.96,101.96,4.811,6/10/2024
-111.7080471,33.08227053,Azule 1,TaskName 6/10/2024,Wheat (Durum),2735,6/10/2024,1.005,On,1293.6,10.97,14.52,3.435,5.091,12.06,90.22,8.19,7.372,6.7,4,442.3,5777.6,5777.6,96.29,96.29,4.593,6/10/2024
-111.7080298,33.0822708,Azule 1,TaskName 6/10/2024,Wheat (Durum),2736,6/10/2024,1,On,1293.5,10.97,14.52,3.592,5.308,13.16,89.69,8.609,8.366,6.78,4,501.95,6257.5,6257.5,104.29,104.29,4.813,6/10/2024
-111.708012,33.08227084,Azule 1,TaskName 6/10/2024,Wheat (Durum),2737,6/10/2024,1,On,1293.6,10.47,14.76,3.688,5.433,12.54,89.6,8.236,8.558,6.88,4,513.51,6552.6,6552.6,109.21,109.21,4.702,6/10/2024
-111.7079941,33.0822706,Azule 1,TaskName 6/10/2024,Wheat (Durum),2738,6/10/2024,1,On,1293.6,10.97,14.52,3.729,5.489,12.91,90,7.33,8.212,6.9,4,492.75,5940.9,5940.9,99.02,99.02,4.976,6/10/2024
-111.7079763,33.08227093,Azule 1,TaskName 6/10/2024,Wheat (Durum),2739,6/10/2024,1,On,1293.6,10.47,14.76,3.767,5.459,12.48,89.64,7.561,7.273,6.9,4,436.39,5541.8,5541.8,92.36,92.36,4.725,6/10/2024
-111.7079586,33.08227085,Azule 1,TaskName 6/10/2024,Wheat (Durum),2740,6/10/2024,0.996,On,1293.5,10.47,14.76,3.758,5.403,11.82,90.09,7.196,7.597,6.9,4,455.84,5825.2,5825.2,97.09,97.09,4.695,6/10/2024
-111.7079417,33.082271,Azule 1,TaskName 6/10/2024,Wheat (Durum),2741,6/10/2024,1.004,On,1293.6,10.47,14.76,3.495,5.18,11.79,89.89,7.304,7.157,6.9,4,429.42,5769.8,5769.8,96.16,96.16,4.466,6/10/2024
-111.7079237,33.08227119,Azule 1,TaskName 6/10/2024,Wheat (Durum),2742,6/10/2024,1,On,1293.5,10.47,14.76,3.69,5.515,13.03,89.84,7.767,7.329,6.9,4,439.72,5527.5,5527.5,92.13,92.13,4.773,6/10/2024
-111.7079058,33.08227111,Azule 1,TaskName 6/10/2024,Wheat (Durum),2743,6/10/2024,1,On,1293.5,10.47,14.76,3.783,5.489,12.09,89.88,8.434,7.83,6.9,4,469.8,5933.9,5933.9,98.9,98.9,4.75,6/10/2024
-111.7078884,33.08227112,Azule 1,TaskName 6/10/2024,Wheat (Durum),2744,6/10/2024,1,On,1293.5,10.47,14.76,3.622,5.321,12.41,89.91,8.011,8.432,6.9,4,505.92,6591.1,6591.1,109.85,109.85,4.605,6/10/2024
-111.7078708,33.08227086,Azule 1,TaskName 6/10/2024,Wheat (Durum),2745,6/10/2024,0.996,On,1293.6,10.97,14.52,3.643,5.387,12.53,90.36,7.424,7.968,6.9,4,478.1,5849.7,5849.7,97.49,97.49,4.904,6/10/2024
-111.7078539,33.08227054,Azule 1,TaskName 6/10/2024,Wheat (Durum),2746,6/10/2024,1,On,1293.7,10.97,14.52,3.563,5.206,11.87,90.65,6.887,7.403,6.9,4,444.19,5645.7,5645.7,94.09,94.09,4.721,6/10/2024
-111.7078363,33.08227062,Azule 1,TaskName 6/10/2024,Wheat (Durum),2747,6/10/2024,1.004,On,1293.5,11.47,14.27,3.699,5.367,12.87,90.13,7.157,6.853,6.9,4,411.2,4868.9,4868.9,81.15,81.15,5.067,6/10/2024
-111.7078188,33.08227032,Azule 1,TaskName 6/10/2024,Wheat (Durum),2748,6/10/2024,1.001,On,1293.6,11.97,14.02,3.658,5.37,12.5,90.4,7.871,7.188,6.9,4,431.26,4876,4876,81.27,81.27,5.307,6/10/2024
-111.7078008,33.08227025,Azule 1,TaskName 6/10/2024,Wheat (Durum),2749,6/10/2024,0.999,On,1293.6,11.47,14.27,3.724,5.525,12.8,90.22,6.837,7.916,6.9,4,474.97,5436.3,5436.3,90.61,90.61,5.242,6/10/2024
-111.707783,33.08227015,Azule 1,TaskName 6/10/2024,Wheat (Durum),2750,6/10/2024,1,On,1293.6,11.47,14.27,3.771,5.456,12.57,90.23,5.611,6.748,6.9,4,404.88,4697.3,4697.3,78.29,78.29,5.172,6/10/2024
-111.7077649,33.08227032,Azule 1,TaskName 6/10/2024,Wheat (Durum),2751,6/10/2024,0.996,On,1293.5,8.976,14.52,3.801,5.531,12.07,89.81,4.153,5.553,6.9,4,333.2,4852.6,4852.6,80.88,80.88,4.12,6/10/2024
-111.7077587,33.08174066,Azule 1,TaskName 6/10/2024,Wheat (Durum),2753,6/10/2024,1.005,On,1293.9,33.02,3.502,0.647,0.883,7.7,264.98,4.951,3.367,6.7,1,202,5057.8,5057.8,84.3,84.3,2.396,6/10/2024
-111.7077615,33.08174081,Azule 1,TaskName 6/10/2024,Wheat (Durum),2754,6/10/2024,0.995,On,1293.9,40,0,0.578,0.846,7.825,265.75,5.171,5.006,6.7,1,300.37,6408.5,6408.5,106.81,106.81,2.812,6/10/2024
-111.7077642,33.08174102,Azule 1,TaskName 6/10/2024,Wheat (Durum),2755,6/10/2024,1,On,1293.9,40,0,0.59,0.82,7.802,266.42,5.487,5.164,6.7,1,309.83,6856,6856,114.27,114.27,2.711,6/10/2024
-111.7077669,33.08174146,Azule 1,TaskName 6/10/2024,Wheat (Durum),2756,6/10/2024,1.001,On,1293.8,40,0,0.623,0.81,8.822,267.5,5.814,5.522,6.7,1,331.3,7427.6,7427.6,123.79,123.79,2.676,6/10/2024
-111.7077695,33.08174213,Azule 1,TaskName 6/10/2024,Wheat (Durum),2757,6/10/2024,0.999,On,1293.8,40,0,0.563,0.778,7.827,269.24,5.127,5.737,6.7,1,344.21,8026.5,8026.5,133.78,133.78,2.573,6/10/2024
-111.7077721,33.0817428,Azule 1,TaskName 6/10/2024,Wheat (Durum),2758,6/10/2024,1,On,1293.8,40,0,0.57,0.774,9.018,270.48,4.826,5.104,6.7,1,306.21,7178,7178,119.63,119.63,2.56,6/10/2024
-111.7077746,33.0817433,Azule 1,TaskName 6/10/2024,Wheat (Durum),2759,6/10/2024,1.001,On,1293.7,40,0,0.563,0.771,8.238,271.38,4.868,4.817,6.7,1,289.05,6811.2,6811.2,113.52,113.52,2.546,6/10/2024
-111.7077772,33.08174378,Azule 1,TaskName 6/10/2024,Wheat (Durum),2760,6/10/2024,0.999,On,1293.7,40,0,0.554,0.803,8.825,272.23,5.413,4.893,6.7,1,293.61,6630.2,6630.2,110.5,110.5,2.657,6/10/2024
-111.70778,33.08174443,Azule 1,TaskName 6/10/2024,Wheat (Durum),2761,6/10/2024,1.001,On,1293.7,40,0,0.59,0.881,9.117,273.23,6.117,5.459,6.7,1,327.54,6757.4,6757.4,112.62,112.62,2.908,6/10/2024
-111.7077828,33.08174517,Azule 1,TaskName 6/10/2024,Wheat (Durum),2762,6/10/2024,0.999,On,1293.7,40,0,0.593,0.864,8.765,274.37,6.92,6.158,6.7,1,369.46,7751.2,7751.2,129.19,129.19,2.86,6/10/2024
-111.7077855,33.08174576,Azule 1,TaskName 6/10/2024,Wheat (Durum),2763,6/10/2024,1.001,On,1293.8,40,0,0.556,0.861,8.529,275.23,7.385,6.974,6.658,1,418.44,8830.1,8830.1,147.17,147.17,2.843,6/10/2024
-111.7077881,33.08174637,Azule 1,TaskName 6/10/2024,Wheat (Durum),2764,6/10/2024,0.999,On,1293.8,40,0,0.55,0.818,9.209,276.27,7.266,7.385,6.522,1,443.13,9818.7,9818.7,163.65,163.65,2.708,6/10/2024
-111.7077906,33.08174701,Azule 1,TaskName 6/10/2024,Wheat (Durum),2765,6/10/2024,1,On,1293.8,40,0,0.515,0.786,7.965,277.12,6.739,7.242,6.4,1,434.52,10040,10040,167.34,167.34,2.597,6/10/2024
-111.7077929,33.08174763,Azule 1,TaskName 6/10/2024,Wheat (Durum),2766,6/10/2024,1,On,1293.7,40,0,0.511,0.749,8.403,277.92,6.062,6.717,6.4,1,403.04,9761.3,9761.3,162.69,162.69,2.477,6/10/2024
-111.7077953,33.08174818,Azule 1,TaskName 6/10/2024,Wheat (Durum),2767,6/10/2024,1,On,1293.7,40,0,0.521,0.753,8.325,278.55,5.379,6.032,6.4,1,361.91,8726.9,8726.9,145.45,145.45,2.488,6/10/2024
-111.7077979,33.0817486,Azule 1,TaskName 6/10/2024,Wheat (Durum),2768,6/10/2024,1,On,1293.7,40,0,0.542,0.802,8.621,278.91,4.576,5.305,6.4,1,318.28,7203.7,7203.7,120.06,120.06,2.651,6/10/2024
-111.7078004,33.08174887,Azule 1,TaskName 6/10/2024,Wheat (Durum),2769,6/10/2024,0.995,On,1293.7,40,0,0.559,0.795,8.78,279.03,4.268,4.58,6.4,1,274.82,6240.1,6240.1,104,104,2.642,6/10/2024
-111.7078029,33.08174905,Azule 1,TaskName 6/10/2024,Wheat (Durum),2770,6/10/2024,1.005,On,1293.6,40,0,0.509,0.753,9.679,279.02,4.753,4.23,6.441,1,253.82,6151.2,6151.2,102.52,102.52,2.476,6/10/2024
-111.7078053,33.08174917,Azule 1,TaskName 6/10/2024,Wheat (Durum),2771,6/10/2024,0.996,On,1293.6,40,0,0.491,0.759,9.838,278.87,5.996,4.966,6.5,1,297.94,7093.7,7093.7,118.23,118.23,2.52,6/10/2024
-111.7078079,33.08174924,Azule 1,TaskName 6/10/2024,Wheat (Durum),2772,6/10/2024,1.004,On,1293.6,40,0,0.546,0.782,9.569,278.42,6.188,6.027,6.536,1,361.6,8423.8,8423.8,140.4,140.4,2.576,6/10/2024
-111.7078107,33.08174916,Azule 1,TaskName 6/10/2024,Wheat (Durum),2773,6/10/2024,1,On,1293.6,40,0,0.561,0.848,8.7,277.81,6.068,6.217,6.64,1,373.02,7985.5,7985.5,133.09,133.09,2.803,6/10/2024
-111.7078134,33.08174922,Azule 1,TaskName 6/10/2024,Wheat (Durum),2774,6/10/2024,1,On,1293.6,40,0,0.552,0.831,8.834,277.57,5.543,5.944,6.744,1,356.63,7785.3,7785.3,129.75,129.75,2.749,6/10/2024
-111.707816,33.08174937,Azule 1,TaskName 6/10/2024,Wheat (Durum),2775,6/10/2024,1,On,1293.6,40,0,0.536,0.808,8.243,277.45,5.624,5.573,6.841,1,334.41,7507.5,7507.5,125.12,125.12,2.673,6/10/2024
-111.7078186,33.08174951,Azule 1,TaskName 6/10/2024,Wheat (Durum),2776,6/10/2024,1,On,1293.6,40,0,0.523,0.786,8.253,277.27,4.69,5.595,6.938,1,335.69,7756.5,7756.5,129.27,129.27,2.597,6/10/2024
-111.7078211,33.08174963,Azule 1,TaskName 6/10/2024,Wheat (Durum),2777,6/10/2024,1.001,On,1293.7,40,0,0.497,0.763,8.22,277.07,4.036,4.666,7,1,279.99,6671,6671,111.18,111.18,2.518,6/10/2024
-111.7078237,33.08174981,Azule 1,TaskName 6/10/2024,Wheat (Durum),2778,6/10/2024,0.999,On,1293.7,40,0,0.54,0.828,8.469,276.87,4.149,3.991,7,1,239.45,5242.6,5242.6,87.38,87.38,2.74,6/10/2024
-111.7078265,33.08174981,Azule 1,TaskName 6/10/2024,Wheat (Durum),2779,6/10/2024,1,On,1293.7,40,0,0.564,0.835,9.241,276.49,5.316,4.281,7,1,256.87,5585.4,5585.4,93.09,93.09,2.759,6/10/2024
-111.7078291,33.08174949,Azule 1,TaskName 6/10/2024,Wheat (Durum),2780,6/10/2024,0.996,On,1293.7,40,0,0.549,0.812,8.791,275.56,5.23,5.242,7,1,314.51,7004.1,7004.1,116.74,116.74,2.694,6/10/2024
-111.7078318,33.08174897,Azule 1,TaskName 6/10/2024,Wheat (Durum),2781,6/10/2024,1.004,On,1293.7,40,0,0.538,0.805,8.751,274.52,5.965,5.341,6.958,1,320.47,7252.8,7252.8,120.88,120.88,2.651,6/10/2024
-111.7078344,33.08174847,Azule 1,TaskName 6/10/2024,Wheat (Durum),2782,6/10/2024,1,On,1293.7,40,0,0.529,0.789,8.447,273.54,5.857,5.951,6.859,1,357.09,8216.7,8216.7,136.94,136.94,2.608,6/10/2024
-111.707837,33.08174767,Azule 1,TaskName 6/10/2024,Wheat (Durum),2783,6/10/2024,1.001,On,1293.7,40,0,0.523,0.795,8.841,271.94,5.635,5.849,6.8,1,350.95,8016.7,8016.7,133.61,133.61,2.627,6/10/2024
-111.7078396,33.08174732,Azule 1,TaskName 6/10/2024,Wheat (Durum),2784,6/10/2024,0.995,On,1293.7,40,0,0.544,0.812,8.615,271.23,5.68,5.62,6.8,1,337.18,7501.4,7501.4,125.02,125.02,2.697,6/10/2024
-111.7078423,33.08174701,Azule 1,TaskName 6/10/2024,Wheat (Durum),2785,6/10/2024,1.005,On,1293.7,40,0,0.563,0.822,8.576,270.68,6.378,5.721,6.8,1,343.28,7621.5,7621.5,127.03,127.03,2.702,6/10/2024
-111.7078449,33.0817467,Azule 1,TaskName 6/10/2024,Wheat (Durum),2786,6/10/2024,1,On,1293.6,40,0,0.577,0.805,9.827,270.09,6.491,6.375,6.8,1,382.52,8622.5,8622.5,143.71,143.71,2.662,6/10/2024
-111.7078474,33.08174651,Azule 1,TaskName 6/10/2024,Wheat (Durum),2787,6/10/2024,0.999,On,1293.6,40,0,0.534,0.776,8.749,269.65,6.876,6.51,6.8,1,390.61,9131,9131,152.18,152.18,2.567,6/10/2024
-111.70785,33.08174625,Azule 1,TaskName 6/10/2024,Wheat (Durum),2788,6/10/2024,1,On,1293.6,40,0,0.515,0.789,8.796,269.24,7.385,6.953,6.84,1,417.16,9598.9,9598.9,159.98,159.98,2.608,6/10/2024
-111.707853,33.08174612,Azule 1,TaskName 6/10/2024,Wheat (Durum),2789,6/10/2024,1,On,1293.6,40,0,0.57,0.917,9.577,268.95,7.699,7.396,6.9,1,443.77,8786,8786,146.43,146.43,3.031,6/10/2024
-111.7078569,33.08174589,Azule 1,TaskName 6/10/2024,Wheat (Durum),2790,6/10/2024,1,On,1293.7,40,0,0.803,1.216,9.005,268.69,7.827,7.678,6.9,1,460.65,6873.9,6873.9,114.57,114.57,4.021,6/10/2024
-111.7078609,33.08174564,Azule 1,TaskName 6/10/2024,Wheat (Durum),2791,6/10/2024,0.995,On,1293.7,40,0,0.785,1.22,9.342,268.48,7.563,7.721,6.856,1,463.25,6858.2,6858.2,114.3,114.3,4.053,6/10/2024
-111.7078652,33.08174549,Azule 1,TaskName 6/10/2024,Wheat (Durum),2792,6/10/2024,1.005,On,1293.7,40,0,0.871,1.335,9.055,268.55,7.958,7.661,6.758,1,459.67,6282.2,6282.2,104.7,104.7,4.39,6/10/2024
-111.7078703,33.08174558,Azule 1,TaskName 6/10/2024,Wheat (Durum),2793,6/10/2024,0.995,On,1293.7,40,0,1.003,1.558,9.412,268.85,7.532,7.921,6.663,1,475.27,5509.8,5509.8,91.83,91.83,5.176,6/10/2024
-111.7078753,33.08174539,Azule 1,TaskName 6/10/2024,Wheat (Durum),2794,6/10/2024,1.001,On,1293.7,40,0,1.018,1.532,9.582,268.71,8.029,7.618,6.6,1,457.1,5422.5,5422.5,90.37,90.37,5.058,6/10/2024
-111.707881,33.0817454,Azule 1,TaskName 6/10/2024,Wheat (Durum),2795,6/10/2024,1,On,1293.7,40,0,1.136,1.768,9.756,268.94,7.769,7.987,6.6,1,479.22,4920.4,4920.4,82.01,82.01,5.844,6/10/2024
-111.7078868,33.08174535,Azule 1,TaskName 6/10/2024,Wheat (Durum),2796,6/10/2024,0.999,On,1293.7,40,0,1.193,1.781,10.06,268.93,7.967,7.78,6.6,1,466.83,4753,4753,79.22,79.22,5.893,6/10/2024
-111.7078922,33.08174526,Azule 1,TaskName 6/10/2024,Wheat (Durum),2797,6/10/2024,1,On,1293.7,40,0,1.151,1.65,10.12,268.86,7.963,7.974,6.6,1,478.44,5264,5264,87.73,87.73,5.453,6/10/2024
-111.7078969,33.08174563,Azule 1,TaskName 6/10/2024,Wheat (Durum),2798,6/10/2024,1,On,1293.8,40,0,1.012,1.443,10.1,269.56,7.303,7.932,6.6,1,475.95,5986.7,5986.7,99.78,99.78,4.77,6/10/2024
-111.7079016,33.08174648,Azule 1,TaskName 6/10/2024,Wheat (Durum),2799,6/10/2024,1,On,1293.7,40,0,1.028,1.459,11.11,270.96,6.9,7.248,6.561,1,434.88,5408.6,5408.6,90.14,90.14,4.824,6/10/2024
-111.7079064,33.08174744,Azule 1,TaskName 6/10/2024,Wheat (Durum),2800,6/10/2024,1,On,1293.7,40,0,1.035,1.479,10.85,272.25,7.896,7.026,6.5,1,421.56,5173.3,5173.3,86.22,86.22,4.889,6/10/2024
-111.7079113,33.08174824,Azule 1,TaskName 6/10/2024,Wheat (Durum),2801,6/10/2024,1,On,1293.7,40,0,1.016,1.518,9.794,273.1,7.81,7.862,6.5,1,471.71,5638.5,5638.5,93.97,93.97,5.02,6/10/2024
-111.707916,33.08174867,Azule 1,TaskName 6/10/2024,Wheat (Durum),2802,6/10/2024,1,On,1293.7,40,0,0.999,1.443,10.61,273.36,7.576,7.794,6.539,1,467.65,5882.4,5882.4,98.04,98.04,4.77,6/10/2024
-111.7079211,33.08174893,Azule 1,TaskName 6/10/2024,Wheat (Durum),2803,6/10/2024,1,On,1293.7,40,0,1.046,1.574,11.31,273.3,7.405,7.57,6.6,1,454.2,5236.9,5236.9,87.28,87.28,5.204,6/10/2024
-111.7079263,33.08174883,Azule 1,TaskName 6/10/2024,Wheat (Durum),2804,6/10/2024,1.001,On,1293.8,40,0,1.064,1.594,10.03,272.88,7.404,7.383,6.6,1,443,5049.7,5049.7,84.16,84.16,5.264,6/10/2024
-111.7079314,33.08174893,Azule 1,TaskName 6/10/2024,Wheat (Durum),2805,6/10/2024,0.999,On,1293.8,40,0,1.059,1.571,10.12,272.71,7.617,7.447,6.6,1,446.81,5157.2,5157.2,85.95,85.95,5.198,6/10/2024
-111.7079365,33.08174871,Azule 1,TaskName 6/10/2024,Wheat (Durum),2806,6/10/2024,1,On,1293.7,40,0,1.103,1.574,10.89,272.15,7.322,7.586,6.6,1,455.19,5248.2,5248.2,87.47,87.47,5.204,6/10/2024
-111.7079415,33.08174867,Azule 1,TaskName 6/10/2024,Wheat (Durum),2807,6/10/2024,1,On,1293.7,40,0,1.042,1.541,10.38,271.81,7.742,7.344,6.6,1,440.64,5188.6,5188.6,86.48,86.48,5.095,6/10/2024
-111.7079468,33.08174861,Azule 1,TaskName 6/10/2024,Wheat (Durum),2808,6/10/2024,1,On,1293.7,40,0,1.063,1.604,9.809,271.39,8.742,7.784,6.6,1,467.04,5285.8,5285.8,88.1,88.1,5.301,6/10/2024
-111.7079518,33.08174839,Azule 1,TaskName 6/10/2024,Wheat (Durum),2809,6/10/2024,1,On,1293.8,40,0,1.064,1.541,10.24,270.86,9.696,8.81,6.562,1,528.59,6224.3,6224.3,103.74,103.74,5.095,6/10/2024
-111.7079568,33.08174823,Azule 1,TaskName 6/10/2024,Wheat (Durum),2810,6/10/2024,1.001,On,1293.8,40,0,0.982,1.538,10.56,270.43,9.769,9.641,6.5,1,578.44,6832.7,6832.7,113.88,113.88,5.08,6/10/2024
-111.7079618,33.08174777,Azule 1,TaskName 6/10/2024,Wheat (Durum),2811,6/10/2024,0.999,On,1293.8,40,0,1.055,1.541,9.412,269.73,10.34,9.832,6.5,1,589.94,6939.7,6939.7,115.66,115.66,5.101,6/10/2024
-111.7079676,33.08174743,Azule 1,TaskName 6/10/2024,Wheat (Durum),2812,6/10/2024,1.001,On,1293.8,40,0,1.126,1.771,10.56,269.3,10.09,10.2,6.545,1,612.23,6280.6,6280.6,104.68,104.68,5.849,6/10/2024
-111.7079745,33.08174715,Azule 1,TaskName 6/10/2024,Wheat (Durum),2813,6/10/2024,0.999,On,1293.8,40,0,1.385,2.142,9.619,268.96,10.95,10.19,6.6,1,611.25,5174.8,5174.8,86.25,86.25,7.087,6/10/2024
-111.7079816,33.08174699,Azule 1,TaskName 6/10/2024,Wheat (Durum),2814,6/10/2024,1,On,1293.8,40,0,1.426,2.168,10.48,268.91,10.55,10.88,6.6,1,652.84,5465.4,5465.4,91.09,91.09,7.167,6/10/2024
-111.707989,33.08174683,Azule 1,TaskName 6/10/2024,Wheat (Durum),2815,6/10/2024,1,On,1293.8,40,0,1.511,2.273,10.45,269.13,10.54,10.62,6.6,1,637.2,5088.1,5088.1,84.8,84.8,7.514,6/10/2024
-111.7079966,33.08174677,Azule 1,TaskName 6/10/2024,Wheat (Durum),2816,6/10/2024,1,On,1293.8,40,0,1.6,2.329,12.13,269.18,10.56,10.48,6.56,1,628.77,4900.5,4900.5,81.68,81.68,7.698,6/10/2024
-111.7080042,33.08174676,Azule 1,TaskName 6/10/2024,Wheat (Durum),2817,6/10/2024,1,On,1293.7,40,0,1.626,2.339,11.97,269.17,11.96,10.68,6.5,1,640.97,4974.6,4974.6,82.91,82.91,7.731,6/10/2024
-111.7080118,33.08174666,Azule 1,TaskName 6/10/2024,Wheat (Durum),2818,6/10/2024,1,On,1293.7,40,0,1.587,2.342,11.22,269.07,12.24,11.99,6.54,1,719.63,5577.2,5577.2,92.95,92.95,7.742,6/10/2024
-111.7080193,33.0817466,Azule 1,TaskName 6/10/2024,Wheat (Durum),2819,6/10/2024,1,On,1293.7,40,0,1.571,2.293,11.75,268.99,12.1,12.16,6.641,1,729.56,5775.6,5775.6,96.26,96.26,7.579,6/10/2024
-111.7080266,33.08174664,Azule 1,TaskName 6/10/2024,Wheat (Durum),2820,6/10/2024,1,On,1293.7,40,0,1.606,2.256,12.99,269.16,12.68,12.19,6.7,1,731.34,5883.2,5883.2,98.05,98.05,7.459,6/10/2024
-111.7080342,33.08174669,Azule 1,TaskName 6/10/2024,Wheat (Durum),2821,6/10/2024,1,On,1293.7,40,0,1.562,2.336,12.21,269.45,12.57,12.7,6.7,1,762.24,5923.2,5923.2,98.72,98.72,7.721,6/10/2024
-111.7080416,33.08174707,Azule 1,TaskName 6/10/2024,Wheat (Durum),2822,6/10/2024,1,On,1293.6,40,0,1.54,2.283,11.67,270.19,11.49,12.5,6.7,1,749.94,5961.6,5961.6,99.36,99.36,7.548,6/10/2024
-111.708049,33.08174795,Azule 1,TaskName 6/10/2024,Wheat (Durum),2823,6/10/2024,1,On,1293.7,40,0,1.527,2.277,11.15,271.38,11.52,11.46,6.66,1,687.42,5480.3,5480.3,91.34,91.34,7.526,6/10/2024
-111.7080564,33.08174883,Azule 1,TaskName 6/10/2024,Wheat (Durum),2824,6/10/2024,1,On,1293.8,40,0,1.521,2.273,13.79,272.36,12.2,11.57,6.6,1,694.16,5542.1,5542.1,92.37,92.37,7.515,6/10/2024
-111.7080639,33.0817493,Azule 1,TaskName 6/10/2024,Wheat (Durum),2825,6/10/2024,1,On,1293.7,40,0,1.549,2.323,11.9,272.57,12.23,12.23,6.64,1,733.56,5732.5,5732.5,95.54,95.54,7.678,6/10/2024
-111.7080713,33.08174954,Azule 1,TaskName 6/10/2024,Wheat (Durum),2826,6/10/2024,1,On,1293.7,40,0,1.549,2.273,11.65,272.57,11.99,12.2,6.741,1,732.14,5845.3,5845.3,97.42,97.42,7.515,6/10/2024
-111.7080788,33.08174969,Azule 1,TaskName 6/10/2024,Wheat (Durum),2827,6/10/2024,1,On,1293.7,40,0,1.568,2.316,12.96,272.36,12.13,11.99,6.839,1,719.59,5639.3,5639.3,93.99,93.99,7.656,6/10/2024
-111.7080863,33.08174999,Azule 1,TaskName 6/10/2024,Wheat (Durum),2828,6/10/2024,1,On,1293.7,40,0,1.559,2.303,12.41,272.38,12.37,12.16,6.941,1,729.32,5748.1,5748.1,95.8,95.8,7.613,6/10/2024
-111.7080937,33.08175008,Azule 1,TaskName 6/10/2024,Wheat (Durum),2829,6/10/2024,0.995,On,1293.7,40,0,1.585,2.283,11.97,271.92,12.67,12.37,7.039,1,742.37,5871.9,5871.9,97.87,97.87,7.586,6/10/2024
-111.7081013,33.08175005,Azule 1,TaskName 6/10/2024,Wheat (Durum),2830,6/10/2024,1.001,On,1293.7,40,0,1.545,2.313,12.47,271.45,12.71,12.74,7.142,1,764.47,6005.5,6005.5,100.09,100.09,7.638,6/10/2024
-111.7081087,33.08174993,Azule 1,TaskName 6/10/2024,Wheat (Durum),2831,6/10/2024,0.999,On,1293.6,40,0,1.566,2.283,11.64,271.07,12.15,12.69,7.2,1,761.31,6045.9,6045.9,100.77,100.77,7.555,6/10/2024
-111.7081162,33.08174978,Azule 1,TaskName 6/10/2024,Wheat (Durum),2832,6/10/2024,1,On,1293.6,40,0,1.564,2.309,12.45,270.54,11.84,12.15,7.16,1,729.24,5731.1,5731.1,95.52,95.52,7.635,6/10/2024
-111.7081235,33.08174938,Azule 1,TaskName 6/10/2024,Wheat (Durum),2833,6/10/2024,0.996,On,1293.7,40,0,1.543,2.257,12.85,269.72,10.72,11.73,7.1,1,704.03,5639,5639,93.98,93.98,7.491,6/10/2024
-111.7081309,33.08174893,Azule 1,TaskName 6/10/2024,Wheat (Durum),2834,6/10/2024,1.004,On,1293.7,40,0,1.527,2.277,13.79,269.18,11.36,10.75,7.1,1,644.94,5162.3,5162.3,86.04,86.04,7.496,6/10/2024
-111.7081384,33.08174865,Azule 1,TaskName 6/10/2024,Wheat (Durum),2835,6/10/2024,1,On,1293.7,40,0,1.531,2.293,11.91,268.9,11.54,11.31,7.1,1,678.7,5372.1,5372.1,89.53,89.53,7.58,6/10/2024
-111.7081458,33.08174822,Azule 1,TaskName 6/10/2024,Wheat (Durum),2836,6/10/2024,0.996,On,1293.6,40,0,1.601,2.29,12.91,268.42,12.59,11.63,7.1,1,698,5510.7,5510.7,91.84,91.84,7.6,6/10/2024
-111.7081534,33.08174797,Azule 1,TaskName 6/10/2024,Wheat (Durum),2837,6/10/2024,1.004,On,1293.6,40,0,1.547,2.319,14.08,268.31,12.26,12.54,7.1,1,752.55,5912.8,5912.8,98.55,98.55,7.636,6/10/2024
-111.7081608,33.08174793,Azule 1,TaskName 6/10/2024,Wheat (Durum),2838,6/10/2024,1.001,On,1293.7,40,0,1.528,2.277,12.66,268.6,12.38,12.28,7.1,1,737.1,5882.2,5882.2,98.04,98.04,7.519,6/10/2024
-111.7081682,33.08174803,Azule 1,TaskName 6/10/2024,Wheat (Durum),2839,6/10/2024,0.994,On,1293.7,40,0,1.546,2.273,11.58,268.91,12.02,12.41,7.1,1,744.44,5907.8,5907.8,98.46,98.46,7.561,6/10/2024
-111.7081757,33.0817479,Azule 1,TaskName 6/10/2024,Wheat (Durum),2840,6/10/2024,1.001,On,1293.7,40,0,1.613,2.303,11.91,268.91,11.57,11.99,7.06,1,719.21,5674.1,5674.1,94.57,94.57,7.605,6/10/2024
-111.7081831,33.08174809,Azule 1,TaskName 6/10/2024,Wheat (Durum),2841,6/10/2024,0.999,On,1293.7,40,0,1.562,2.293,11.48,269.24,11.85,11.56,6.96,1,693.39,5482.9,5482.9,91.38,91.38,7.588,6/10/2024
-111.7081905,33.08174799,Azule 1,TaskName 6/10/2024,Wheat (Durum),2842,6/10/2024,1.001,On,1293.7,40,0,1.528,2.277,14.88,269.21,12.39,11.93,6.859,1,715.99,5713.8,5713.8,95.23,95.23,7.519,6/10/2024
-111.7081979,33.08174807,Azule 1,TaskName 6/10/2024,Wheat (Durum),2843,6/10/2024,1,On,1293.6,40,0,1.603,2.277,12.75,269.46,12.18,12.36,6.8,1,741.65,5912.6,5912.6,98.54,98.54,7.526,6/10/2024
-111.7082056,33.08174804,Azule 1,TaskName 6/10/2024,Wheat (Durum),2844,6/10/2024,1,On,1293.7,40,0,1.539,2.359,12.01,269.6,12.63,12.24,6.8,1,734.28,5650.3,5650.3,94.17,94.17,7.797,6/10/2024
-111.708213,33.08174829,Azule 1,TaskName 6/10/2024,Wheat (Durum),2845,6/10/2024,1,On,1293.7,40,0,1.533,2.286,12.25,270,11.78,12.62,6.8,1,757.42,6012.4,6012.4,100.21,100.21,7.559,6/10/2024
-111.7082204,33.08174842,Azule 1,TaskName 6/10/2024,Wheat (Durum),2846,6/10/2024,1,On,1293.7,40,0,1.527,2.277,12.44,270.25,10.38,11.62,6.76,1,697.28,5558.9,5558.9,92.65,92.65,7.526,6/10/2024
-111.7082278,33.08174855,Azule 1,TaskName 6/10/2024,Wheat (Durum),2847,6/10/2024,1,On,1293.7,40,0,1.583,2.283,12.38,270.35,10.69,10.42,6.739,1,625.14,4969.5,4969.5,82.82,82.82,7.548,6/10/2024
-111.7082354,33.08174864,Azule 1,TaskName 6/10/2024,Wheat (Durum),2848,6/10/2024,1,On,1293.6,40,0,1.585,2.329,11.7,270.39,10.68,10.72,6.76,1,642.95,5010.3,5010.3,83.5,83.5,7.7,6/10/2024
-111.7082429,33.08174879,Azule 1,TaskName 6/10/2024,Wheat (Durum),2849,6/10/2024,1,On,1293.6,40,0,1.567,2.296,12.55,270.57,10.39,10.66,6.7,1,639.61,5055.5,5055.5,84.26,84.26,7.591,6/10/2024
-111.7082503,33.08174885,Azule 1,TaskName 6/10/2024,Wheat (Durum),2850,6/10/2024,1.004,On,1293.6,40,0,1.554,2.273,12.64,270.53,9.982,10.3,6.7,1,618.3,4956,4956,82.6,82.6,7.485,6/10/2024
-111.7082576,33.08174883,Azule 1,TaskName 6/10/2024,Wheat (Durum),2851,6/10/2024,0.996,On,1293.7,40,0,1.513,2.246,12.72,270.46,10.99,10.1,6.7,1,605.84,4876.1,4876.1,81.27,81.27,7.455,6/10/2024
-111.708265,33.08174881,Azule 1,TaskName 6/10/2024,Wheat (Durum),2852,6/10/2024,1,On,1293.7,40,0,1.523,2.269,12.18,270.36,11.34,10.96,6.74,1,657.75,5261.3,5261.3,87.69,87.69,7.501,6/10/2024
-111.7082725,33.08174873,Azule 1,TaskName 6/10/2024,Wheat (Durum),2853,6/10/2024,1.005,On,1293.8,40,0,1.535,2.279,11.5,270.26,11.64,11.43,6.8,1,685.78,5489.2,5489.2,91.49,91.49,7.496,6/10/2024
-111.7082799,33.08174871,Azule 1,TaskName 6/10/2024,Wheat (Durum),2854,6/10/2024,0.995,On,1293.8,40,0,1.525,2.266,11.49,270.17,10.34,11.5,6.8,1,689.89,5498.8,5498.8,91.65,91.65,7.528,6/10/2024
-111.7082875,33.08174858,Azule 1,TaskName 6/10/2024,Wheat (Durum),2855,6/10/2024,1.004,On,1293.8,40,0,1.572,2.315,11.24,270.01,10.79,10.37,6.8,1,622.47,4899.8,4899.8,81.66,81.66,7.622,6/10/2024
-111.7082949,33.08174848,Azule 1,TaskName 6/10/2024,Wheat (Durum),2856,6/10/2024,0.996,On,1293.8,40,0,1.6,2.262,11.7,269.95,11.29,10.86,6.8,1,651.45,5205.1,5205.1,86.75,86.75,7.509,6/10/2024
-111.7083023,33.08174852,Azule 1,TaskName 6/10/2024,Wheat (Durum),2857,6/10/2024,1.004,On,1293.8,40,0,1.556,2.295,12.13,270.04,10.95,11.27,6.8,1,676.37,5369.7,5369.7,89.5,89.5,7.558,6/10/2024
-111.7083098,33.08174854,Azule 1,TaskName 6/10/2024,Wheat (Durum),2858,6/10/2024,0.995,On,1293.8,40,0,1.568,2.289,11.4,270.09,10.21,10.91,6.8,1,654.55,5164.8,5164.8,86.08,86.08,7.604,6/10/2024
-111.7083172,33.0817485,Azule 1,TaskName 6/10/2024,Wheat (Durum),2859,6/10/2024,1.005,On,1293.8,40,0,1.555,2.259,11.95,269.96,10.38,10.19,6.8,1,611.39,4936.4,4936.4,82.27,82.27,7.431,6/10/2024
-111.7083247,33.08174847,Azule 1,TaskName 6/10/2024,Wheat (Durum),2860,6/10/2024,0.995,On,1293.8,40,0,1.542,2.279,12.13,270.01,10.25,10.41,6.84,1,624.33,4947.6,4947.6,82.46,82.46,7.571,6/10/2024
-111.7083321,33.08174862,Azule 1,TaskName 6/10/2024,Wheat (Durum),2861,6/10/2024,1.001,On,1293.8,40,0,1.532,2.276,12.28,270.18,10.05,10.2,6.9,1,611.77,4884.3,4884.3,81.4,81.4,7.515,6/10/2024
-111.7083396,33.08174869,Azule 1,TaskName 6/10/2024,Wheat (Durum),2862,6/10/2024,1,On,1293.8,40,0,1.556,2.295,11.4,270.23,10.44,10.09,6.9,1,605.57,4788.5,4788.5,79.81,79.81,7.588,6/10/2024
-111.708347,33.08174868,Azule 1,TaskName 6/10/2024,Wheat (Durum),2863,6/10/2024,1.005,On,1293.8,40,0,1.541,2.249,12.09,270.23,10.91,10.44,6.86,1,626.3,5078.8,5078.8,84.65,84.65,7.399,6/10/2024
-111.7083544,33.08174867,Azule 1,TaskName 6/10/2024,Wheat (Durum),2864,6/10/2024,0.995,On,1293.8,40,0,1.568,2.272,11.93,270.02,11.1,10.97,6.761,1,658.36,5232.3,5232.3,87.21,87.21,7.55,6/10/2024
-111.7083619,33.08174863,Azule 1,TaskName 6/10/2024,Wheat (Durum),2865,6/10/2024,0.999,On,1293.8,40,0,1.559,2.299,11.74,270.03,10.92,11.05,6.7,1,662.98,5229.8,5229.8,87.16,87.16,7.606,6/10/2024
-111.7083694,33.08174854,Azule 1,TaskName 6/10/2024,Wheat (Durum),2866,6/10/2024,1.001,On,1293.8,40,0,1.555,2.285,11.97,269.87,10.56,10.9,6.7,1,653.77,5197.1,5197.1,86.62,86.62,7.548,6/10/2024
-111.7083769,33.08174853,Azule 1,TaskName 6/10/2024,Wheat (Durum),2867,6/10/2024,1,On,1293.8,40,0,1.581,2.292,11.82,269.91,10.33,10.52,6.7,1,631.26,4998.8,4998.8,83.31,83.31,7.577,6/10/2024
-111.7083842,33.08174862,Azule 1,TaskName 6/10/2024,Wheat (Durum),2868,6/10/2024,1.004,On,1293.7,40,0,1.575,2.243,12.51,270.07,10.48,10.36,6.7,1,621.62,5050.6,5050.6,84.18,84.18,7.385,6/10/2024
-111.7083917,33.08174869,Azule 1,TaskName 6/10/2024,Wheat (Durum),2869,6/10/2024,0.996,On,1293.7,40,0,1.565,2.289,12.86,270.22,10.44,10.46,6.7,1,627.71,4958,4958,82.63,82.63,7.596,6/10/2024
-111.7083991,33.08174873,Azule 1,TaskName 6/10/2024,Wheat (Durum),2870,6/10/2024,0.999,On,1293.8,40,0,1.524,2.272,11.53,270.19,10.6,10.46,6.66,1,627.57,5007.7,5007.7,83.46,83.46,7.519,6/10/2024
-111.7084066,33.08174872,Azule 1,TaskName 6/10/2024,Wheat (Durum),2871,6/10/2024,1,On,1293.8,40,0,1.547,2.289,11.44,270.12,10.62,10.58,6.6,1,634.9,5034.9,5034.9,83.91,83.91,7.566,6/10/2024
-111.708414,33.08174874,Azule 1,TaskName 6/10/2024,Wheat (Durum),2872,6/10/2024,1,On,1293.8,40,0,1.575,2.292,13.8,270.08,10.57,10.65,6.6,1,638.96,5059.8,5059.8,84.33,84.33,7.577,6/10/2024
-111.7084216,33.08174859,Azule 1,TaskName 6/10/2024,Wheat (Durum),2873,6/10/2024,1.001,On,1293.8,40,0,1.563,2.299,11.68,269.86,10.16,10.49,6.6,1,629.44,4975.1,4975.1,82.92,82.92,7.591,6/10/2024
-111.708429,33.08174845,Azule 1,TaskName 6/10/2024,Wheat (Durum),2874,6/10/2024,1.004,On,1293.8,40,0,1.537,2.279,11.36,269.71,10.74,10.29,6.6,1,617.45,4937.3,4937.3,82.29,82.29,7.504,6/10/2024
-111.7084364,33.08174852,Azule 1,TaskName 6/10/2024,Wheat (Durum),2875,6/10/2024,0.996,On,1293.8,40,0,1.558,2.276,11.8,269.89,10.38,10.63,6.64,1,637.82,5066.9,5066.9,84.45,84.45,7.553,6/10/2024
-111.7084439,33.0817487,Azule 1,TaskName 6/10/2024,Wheat (Durum),2876,6/10/2024,0.999,On,1293.8,40,0,1.559,2.276,11.98,270.22,10.86,10.45,6.7,1,626.92,4995.2,4995.2,83.25,83.25,7.53,6/10/2024
-111.7084513,33.08174877,Azule 1,TaskName 6/10/2024,Wheat (Durum),2877,6/10/2024,1,On,1293.8,40,0,1.531,2.279,11.82,270.47,10.47,10.81,6.7,1,648.31,5163.4,5163.4,86.06,86.06,7.534,6/10/2024
-111.7084587,33.0817488,Azule 1,TaskName 6/10/2024,Wheat (Durum),2878,6/10/2024,1.001,On,1293.8,40,0,1.556,2.269,10.83,270.39,10.35,10.48,6.7,1,628.87,5035.3,5035.3,83.92,83.92,7.493,6/10/2024
-111.7084661,33.08174872,Azule 1,TaskName 6/10/2024,Wheat (Durum),2879,6/10/2024,0.999,On,1293.8,40,0,1.527,2.266,11.78,270.34,10.39,10.33,6.7,1,619.58,4958.2,4958.2,82.64,82.64,7.498,6/10/2024
-111.7084736,33.08174853,Azule 1,TaskName 6/10/2024,Wheat (Durum),2880,6/10/2024,1,On,1293.8,40,0,1.579,2.28,11.5,270.12,11.29,10.43,6.739,1,625.62,4979.4,4979.4,82.99,82.99,7.539,6/10/2024
-111.7084811,33.08174852,Azule 1,TaskName 6/10/2024,Wheat (Durum),2881,6/10/2024,0.996,On,1293.8,40,0,1.557,2.31,11.29,270.08,10.67,11.28,6.841,1,676.92,5297.7,5297.7,88.29,88.29,7.667,6/10/2024
-111.7084886,33.0817484,Azule 1,TaskName 6/10/2024,Wheat (Durum),2882,6/10/2024,1.004,On,1293.7,40,0,1.609,2.293,12.3,269.88,9.798,10.59,6.94,1,635.45,5048.9,5048.9,84.15,84.15,7.552,6/10/2024
-111.708496,33.08174835,Azule 1,TaskName 6/10/2024,Wheat (Durum),2883,6/10/2024,1,On,1293.8,40,0,1.536,2.28,12.5,270.1,10.52,9.818,7,1,589.06,4688.5,4688.5,78.14,78.14,7.538,6/10/2024
-111.7085034,33.08174849,Azule 1,TaskName 6/10/2024,Wheat (Durum),2884,6/10/2024,1,On,1293.8,40,0,1.526,2.267,11.77,270.49,11.63,10.66,7,1,639.31,5117.9,5117.9,85.3,85.3,7.495,6/10/2024
-111.7085108,33.08174871,Azule 1,TaskName 6/10/2024,Wheat (Durum),2885,6/10/2024,1,On,1293.8,40,0,1.556,2.29,11.98,270.74,11.44,11.57,7.039,1,694,5500,5500,91.67,91.67,7.571,6/10/2024
-111.7085184,33.0817488,Azule 1,TaskName 6/10/2024,Wheat (Durum),2886,6/10/2024,1.001,On,1293.7,40,0,1.594,2.31,13.03,270.78,11.93,11.52,7.06,1,691.06,5435.4,5435.4,90.59,90.59,7.628,6/10/2024
-111.7085259,33.08174887,Azule 1,TaskName 6/10/2024,Wheat (Durum),2887,6/10/2024,1,On,1293.7,40,0,1.557,2.323,11.66,270.82,12.19,11.98,6.959,1,719.09,5618.4,5618.4,93.64,93.64,7.679,6/10/2024
-111.7085333,33.08174881,Azule 1,TaskName 6/10/2024,Wheat (Durum),2888,6/10/2024,0.999,On,1293.7,40,0,1.553,2.267,11.67,270.72,11.34,12.14,6.9,1,728.24,5824,5824,97.07,97.07,7.502,6/10/2024
-111.7085407,33.08174883,Azule 1,TaskName 6/10/2024,Wheat (Durum),2889,6/10/2024,1,On,1293.7,40,0,1.543,2.254,12.08,270.6,10.63,11.27,6.9,1,676.23,5445,5445,90.75,90.75,7.452,6/10/2024
-111.7085481,33.08174887,Azule 1,TaskName 6/10/2024,Wheat (Durum),2890,6/10/2024,1,On,1293.7,40,0,1.547,2.293,11.54,270.63,11,10.61,6.9,1,636.8,5039.5,5039.5,83.99,83.99,7.582,6/10/2024
-111.7085561,33.08174887,Azule 1,TaskName 6/10/2024,Wheat (Durum),2891,6/10/2024,1,On,1293.7,40,0,1.625,2.454,11.51,270.52,11.61,11.09,6.9,1,665.34,4920.5,4920.5,82.01,82.01,8.113,6/10/2024
-111.7085638,33.08174885,Azule 1,TaskName 6/10/2024,Wheat (Durum),2892,6/10/2024,1.001,On,1293.7,40,0,1.607,2.356,12.5,270.35,10.74,11.52,6.94,1,691.03,5329.3,5329.3,88.82,88.82,7.78,6/10/2024
-111.7085712,33.08174876,Azule 1,TaskName 6/10/2024,Wheat (Durum),2893,6/10/2024,1,On,1293.7,40,0,1.545,2.29,12.28,270.18,10.59,10.73,7,1,643.61,5100.7,5100.7,85.01,85.01,7.571,6/10/2024
-111.7085788,33.08174884,Azule 1,TaskName 6/10/2024,Wheat (Durum),2894,6/10/2024,0.999,On,1293.8,40,0,1.577,2.326,12.04,270.23,11.06,10.6,6.92,1,635.71,4955,4955,82.58,82.58,7.698,6/10/2024
-111.7085868,33.08174884,Azule 1,TaskName 6/10/2024,Wheat (Durum),2895,6/10/2024,0.996,On,1293.7,40,0,1.683,2.464,13.79,270.16,11.33,11.15,6.8,1,669.08,4908.6,4908.6,81.81,81.81,8.178,6/10/2024
-111.7085946,33.08174883,Azule 1,TaskName 6/10/2024,Wheat (Durum),2896,6/10/2024,1.004,On,1293.7,40,0,1.654,2.398,11.89,270.05,10.57,11.16,6.841,1,669.47,5086.4,5086.4,84.77,84.77,7.897,6/10/2024
-111.7086023,33.08174867,Azule 1,TaskName 6/10/2024,Wheat (Durum),2897,6/10/2024,1,On,1293.8,40,0,1.588,2.356,11.52,269.79,11.62,10.71,6.94,1,642.61,4950.9,4950.9,82.51,82.51,7.788,6/10/2024
-111.70861,33.08174856,Azule 1,TaskName 6/10/2024,Wheat (Durum),2898,6/10/2024,1,On,1293.8,40,0,1.614,2.366,11.51,269.69,10.91,11.53,7.04,1,691.75,5307.3,5307.3,88.46,88.46,7.82,6/10/2024
-111.7086177,33.08174846,Azule 1,TaskName 6/10/2024,Wheat (Durum),2899,6/10/2024,1.001,On,1293.8,40,0,1.599,2.359,12.22,269.6,11.05,10.95,7.14,1,656.78,5058.1,5058.1,84.3,84.3,7.791,6/10/2024
-111.7086253,33.08174848,Azule 1,TaskName 6/10/2024,Wheat (Durum),2900,6/10/2024,0.999,On,1293.8,40,0,1.567,2.346,12.85,269.66,10.52,11,7.24,1,659.9,5100.3,5100.3,85.01,85.01,7.763,6/10/2024
-111.708633,33.08174846,Azule 1,TaskName 6/10/2024,Wheat (Durum),2901,6/10/2024,1,On,1293.9,40,0,1.59,2.369,11.39,269.53,10.42,10.52,7.34,1,631.21,4836.1,4836.1,80.6,80.6,7.831,6/10/2024
-111.7086407,33.08174829,Azule 1,TaskName 6/10/2024,Wheat (Durum),2902,6/10/2024,0.995,On,1293.9,40,0,1.569,2.349,11.8,269.33,10.27,10.39,7.318,1,623.34,4791.7,4791.7,79.86,79.86,7.805,6/10/2024
-111.7086483,33.08174829,Azule 1,TaskName 6/10/2024,Wheat (Durum),2903,6/10/2024,1,On,1293.8,40,0,1.644,2.336,12.26,269.39,10.54,10.35,7.084,1,620.72,4822.5,4822.5,80.38,80.38,7.723,6/10/2024
-111.7086561,33.0817482,Azule 1,TaskName 6/10/2024,Wheat (Durum),2904,6/10/2024,1.005,On,1293.8,40,0,1.623,2.405,12.77,269.39,10.42,10.45,6.9,1,626.84,4754.2,4754.2,79.24,79.24,7.911,6/10/2024
-111.7086637,33.0817482,Azule 1,TaskName 6/10/2024,Wheat (Durum),2905,6/10/2024,1.001,On,1293.8,40,0,1.603,2.336,11.93,269.59,11.44,10.46,6.9,1,627.39,4879.2,4879.2,81.32,81.32,7.715,6/10/2024
-111.7086714,33.08174838,Azule 1,TaskName 6/10/2024,Wheat (Durum),2906,6/10/2024,0.999,On,1293.8,40,0,1.6,2.356,11.74,270.08,12.33,11.53,6.9,1,692.02,5326.3,5326.3,88.77,88.77,7.796,6/10/2024
-111.7086793,33.08174867,Azule 1,TaskName 6/10/2024,Wheat (Durum),2907,6/10/2024,1,On,1293.8,40,0,1.61,2.431,12.51,270.42,12.08,12.31,6.9,1,738.66,5514.3,5514.3,91.9,91.9,8.037,6/10/2024
-111.7086878,33.08174892,Azule 1,TaskName 6/10/2024,Wheat (Durum),2908,6/10/2024,1,On,1293.8,40,0,1.75,2.595,11.21,270.66,11.68,12.07,6.9,1,724.1,5063.9,5063.9,84.4,84.4,8.58,6/10/2024
-111.7086961,33.08174888,Azule 1,TaskName 6/10/2024,Wheat (Durum),2909,6/10/2024,1,On,1293.8,40,0,1.737,2.563,12.31,270.48,11.49,11.61,6.942,1,696.65,4934.3,4934.3,82.24,82.24,8.471,6/10/2024
-111.7087049,33.08174871,Azule 1,TaskName 6/10/2024,Wheat (Durum),2910,6/10/2024,0.996,On,1293.7,40,0,1.795,2.694,13.18,270.15,12.23,11.56,6.959,1,693.7,4655.8,4655.8,77.6,77.6,8.94,6/10/2024
-111.7087135,33.08174868,Azule 1,TaskName 6/10/2024,Wheat (Durum),2911,6/10/2024,0.999,On,1293.6,40,0,1.886,2.614,12.86,270.01,13,12.26,6.86,1,735.42,5102.1,5102.1,85.03,85.03,8.648,6/10/2024
-111.7087221,33.08174863,Azule 1,TaskName 6/10/2024,Wheat (Durum),2912,6/10/2024,1,On,1293.6,40,0,1.796,2.65,12.79,269.88,14.01,13.18,6.841,1,790.58,5415.5,5415.5,90.26,90.26,8.759,6/10/2024
-111.7087307,33.08174856,Azule 1,TaskName 6/10/2024,Wheat (Durum),2913,6/10/2024,1.005,On,1293.6,40,0,1.777,2.623,12.39,269.88,13.5,13.88,6.9,1,833.06,5792.4,5792.4,96.54,96.54,8.629,6/10/2024
-111.7087396,33.08174869,Azule 1,TaskName 6/10/2024,Wheat (Durum),2914,6/10/2024,1,On,1293.7,40,0,1.835,2.715,13.92,269.95,13.37,13.51,6.939,1,810.86,5420.2,5420.2,90.34,90.34,8.976,6/10/2024
-111.7087486,33.08174857,Azule 1,TaskName 6/10/2024,Wheat (Durum),2915,6/10/2024,1,On,1293.7,40,0,1.836,2.751,13.37,269.83,13.34,13.41,7.041,1,804.42,5306.6,5306.6,88.44,88.44,9.095,6/10/2024
-111.708758,33.08174865,Azule 1,TaskName 6/10/2024,Wheat (Durum),2916,6/10/2024,0.996,On,1293.7,40,0,1.895,2.866,13.3,269.95,13.08,13.36,7.142,1,801.62,5056,5056,84.27,84.27,9.513,6/10/2024
-111.7087674,33.08174834,Azule 1,TaskName 6/10/2024,Wheat (Durum),2917,6/10/2024,0.999,On,1293.7,40,0,1.974,2.883,12.73,269.6,12.64,12.96,7.2,1,777.37,4889.8,4889.8,81.5,81.5,9.539,6/10/2024
-111.7087768,33.0817484,Azule 1,TaskName 6/10/2024,Wheat (Durum),2918,6/10/2024,1.001,On,1293.7,40,0,1.949,2.883,14.94,269.79,13.67,12.76,7.118,1,765.67,4825.9,4825.9,80.43,80.43,9.52,6/10/2024
-111.7087861,33.08174851,Azule 1,TaskName 6/10/2024,Wheat (Durum),2919,6/10/2024,1,On,1293.6,40,0,1.972,2.83,13.85,269.95,13.54,13.66,6.961,1,819.39,5255,5255,87.58,87.58,9.356,6/10/2024
-111.7087954,33.08174867,Azule 1,TaskName 6/10/2024,Wheat (Durum),2920,6/10/2024,1,On,1293.7,40,0,1.912,2.86,14.8,270.11,13.36,13.61,6.858,1,816.59,5183,5183,86.38,86.38,9.453,6/10/2024
-111.7088045,33.08174868,Azule 1,TaskName 6/10/2024,Wheat (Durum),2921,6/10/2024,1,On,1293.7,40,0,1.933,2.781,14.19,270.05,12.79,13.32,6.8,1,799.13,5215.7,5215.7,86.93,86.93,9.193,6/10/2024
-111.7088139,33.08174847,Azule 1,TaskName 6/10/2024,Wheat (Durum),2922,6/10/2024,0.999,On,1293.8,40,0,1.905,2.886,14.56,269.84,12.39,12.81,6.8,1,768.35,4827.6,4827.6,80.46,80.46,9.55,6/10/2024
-111.7088234,33.08174845,Azule 1,TaskName 6/10/2024,Wheat (Durum),2923,6/10/2024,1.001,On,1293.7,40,0,1.963,2.879,12.52,269.85,10.97,12.28,6.8,1,736.61,4648,4648,77.47,77.47,9.509,6/10/2024
-111.7088326,33.08174824,Azule 1,TaskName 6/10/2024,Wheat (Durum),2924,6/10/2024,1,On,1293.7,40,0,1.976,2.83,14.83,269.56,11.02,10.91,6.8,1,654.4,4196.9,4196.9,69.95,69.95,9.356,6/10/2024
-111.708842,33.08174828,Azule 1,TaskName 6/10/2024,Wheat (Durum),2925,6/10/2024,0.999,On,1293.7,40,0,1.95,2.869,13.47,269.74,12.66,11.14,6.759,1,668.53,4224.4,4224.4,70.41,70.41,9.495,6/10/2024
-111.7088511,33.08174855,Azule 1,TaskName 6/10/2024,Wheat (Durum),2926,6/10/2024,1,On,1293.7,40,0,1.985,2.778,15.06,270.13,13.36,12.74,6.661,1,764.52,4995.7,4995.7,83.26,83.26,9.182,6/10/2024
-111.7088606,33.08174856,Azule 1,TaskName 6/10/2024,Wheat (Durum),2927,6/10/2024,0.996,On,1293.7,40,0,1.921,2.902,13.37,269.98,12.7,13.3,6.641,1,797.89,4969.9,4969.9,82.83,82.83,9.633,6/10/2024
-111.7088698,33.08174868,Azule 1,TaskName 6/10/2024,Wheat (Durum),2928,6/10/2024,1.005,On,1293.7,40,0,1.901,2.814,13.72,270.16,12.63,12.68,6.7,1,760.91,4932.9,4932.9,82.22,82.22,9.255,6/10/2024
-111.7088791,33.08174879,Azule 1,TaskName 6/10/2024,Wheat (Durum),2929,6/10/2024,0.999,On,1293.7,40,0,1.925,2.853,14.14,270.11,12.58,12.67,6.7,1,760.13,4830.9,4830.9,80.51,80.51,9.441,6/10/2024
-111.7088884,33.08174859,Azule 1,TaskName 6/10/2024,Wheat (Durum),2930,6/10/2024,0.996,On,1293.8,40,0,1.924,2.846,14.31,269.83,12.07,12.49,6.74,1,749.38,4759.2,4759.2,79.32,79.32,9.448,6/10/2024
-111.7088977,33.08174851,Azule 1,TaskName 6/10/2024,Wheat (Durum),2931,6/10/2024,1.004,On,1293.8,40,0,1.941,2.84,13.36,269.81,12.83,12.13,6.84,1,727.77,4669.8,4669.8,77.83,77.83,9.351,6/10/2024
-111.7089071,33.08174832,Azule 1,TaskName 6/10/2024,Wheat (Durum),2932,6/10/2024,1.001,On,1293.8,40,0,1.961,2.863,13.53,269.63,13.25,12.85,6.941,1,771.03,4893,4893,81.55,81.55,9.455,6/10/2024
-111.7089163,33.0817484,Azule 1,TaskName 6/10/2024,Wheat (Durum),2933,6/10/2024,1.004,On,1293.7,40,0,1.963,2.84,14.97,269.7,13.71,13.31,7,1,798.3,5122.4,5122.4,85.37,85.37,9.351,6/10/2024
-111.7089257,33.08174858,Azule 1,TaskName 6/10/2024,Wheat (Durum),2934,6/10/2024,0.991,On,1293.7,40,0,1.947,2.846,12.56,269.96,13.67,13.71,6.96,1,822.51,5197.4,5197.4,86.62,86.62,9.495,6/10/2024
-111.7089349,33.08174865,Azule 1,TaskName 6/10/2024,Wheat (Durum),2935,6/10/2024,1.005,On,1293.8,40,0,1.89,2.824,13.83,270.09,13.11,13.67,6.9,1,820.12,5298.2,5298.2,88.3,88.3,9.287,6/10/2024
-111.7089443,33.08174881,Azule 1,TaskName 6/10/2024,Wheat (Durum),2936,6/10/2024,0.994,On,1293.8,40,0,1.943,2.866,13.3,270.21,12.5,13.01,6.9,1,780.69,4914.1,4914.1,81.9,81.9,9.532,6/10/2024
-111.7089536,33.08174893,Azule 1,TaskName 6/10/2024,Wheat (Durum),2937,6/10/2024,1.005,On,1293.8,40,0,1.979,2.853,14.63,270.31,12.89,12.59,6.9,1,755.15,4828,4828,80.47,80.47,9.385,6/10/2024
-111.7089629,33.08174876,Azule 1,TaskName 6/10/2024,Wheat (Durum),2938,6/10/2024,1,On,1293.8,40,0,1.954,2.85,15.41,269.97,11.91,12.77,6.94,1,766.47,4881.6,4881.6,81.36,81.36,9.421,6/10/2024
-111.7089724,33.08174862,Azule 1,TaskName 6/10/2024,Wheat (Durum),2939,6/10/2024,1,On,1293.8,40,0,1.979,2.899,12.82,269.75,11.89,11.94,7,1,716.47,4485.7,4485.7,74.76,74.76,9.583,6/10/2024
-111.7089816,33.0817486,Azule 1,TaskName 6/10/2024,Wheat (Durum),2940,6/10/2024,1,On,1293.8,40,0,1.924,2.828,13.45,269.78,11.55,11.82,7.041,1,709.42,4553.8,4553.8,75.9,75.9,9.347,6/10/2024
-111.7089909,33.08174856,Azule 1,TaskName 6/10/2024,Wheat (Durum),2941,6/10/2024,1,On,1293.8,40,0,1.894,2.859,13.32,269.74,12.25,11.59,7.06,1,695.68,4417,4417,73.62,73.62,9.45,6/10/2024
-111.7090001,33.08174859,Azule 1,TaskName 6/10/2024,Wheat (Durum),2942,6/10/2024,1,On,1293.8,40,0,1.909,2.819,12.75,269.81,12.88,12.29,6.96,1,737.23,4746.2,4746.2,79.1,79.1,9.32,6/10/2024
-111.7090094,33.08174862,Azule 1,TaskName 6/10/2024,Wheat (Durum),2943,6/10/2024,1,On,1293.8,40,0,1.937,2.846,13.89,269.97,13.43,12.94,6.9,1,776.19,4950.9,4950.9,82.51,82.51,9.407,6/10/2024
-111.7090188,33.08174869,Azule 1,TaskName 6/10/2024,Wheat (Durum),2944,6/10/2024,1,On,1293.8,40,0,1.979,2.888,12.18,270.09,13.21,13.43,6.86,1,806.09,5065.6,5065.6,84.43,84.43,9.548,6/10/2024
-111.7090281,33.08174851,Azule 1,TaskName 6/10/2024,Wheat (Durum),2945,6/10/2024,1,On,1293.7,40,0,1.989,2.852,16.44,269.85,12.37,13.16,6.8,1,789.57,5024.7,5024.7,83.74,83.74,9.428,6/10/2024
-111.7090376,33.08174835,Azule 1,TaskName 6/10/2024,Wheat (Durum),2946,6/10/2024,1,On,1293.7,40,0,1.972,2.901,13.47,269.67,12.25,12.32,6.8,1,739.22,4624.4,4624.4,77.07,77.07,9.591,6/10/2024
-111.7090469,33.0817483,Azule 1,TaskName 6/10/2024,Wheat (Durum),2947,6/10/2024,1,On,1293.7,40,0,1.958,2.885,12.56,269.7,12.82,12.32,6.8,1,739.24,4650.9,4650.9,77.51,77.51,9.537,6/10/2024
-111.7090562,33.0817484,Azule 1,TaskName 6/10/2024,Wheat (Durum),2948,6/10/2024,0.995,On,1293.6,40,0,1.945,2.839,12.82,269.83,12.67,12.87,6.8,1,772.05,4911.2,4911.2,81.85,81.85,9.432,6/10/2024
-111.7090655,33.08174839,Azule 1,TaskName 6/10/2024,Wheat (Durum),2949,6/10/2024,1.005,On,1293.7,40,0,1.891,2.849,15.48,270.04,12.71,12.6,6.8,1,756.07,4841.1,4841.1,80.68,80.68,9.371,6/10/2024
-111.7090747,33.08174854,Azule 1,TaskName 6/10/2024,Wheat (Durum),2950,6/10/2024,0.996,On,1293.7,40,0,1.907,2.832,14.44,270.27,12.92,12.82,6.761,1,769.39,4910.5,4910.5,81.84,81.84,9.401,6/10/2024
-111.709084,33.08174862,Azule 1,TaskName 6/10/2024,Wheat (Durum),2951,6/10/2024,1.004,On,1293.8,40,0,1.894,2.846,12.86,270.24,12.27,12.83,6.7,1,769.98,4930.9,4930.9,82.18,82.18,9.369,6/10/2024
-111.7090933,33.08174858,Azule 1,TaskName 6/10/2024,Wheat (Durum),2952,6/10/2024,1,On,1293.8,40,0,1.919,2.865,13.7,270.05,11.97,12.22,6.7,1,733.03,4643.4,4643.4,77.39,77.39,9.472,6/10/2024
-111.7091026,33.08174853,Azule 1,TaskName 6/10/2024,Wheat (Durum),2953,6/10/2024,0.996,On,1293.8,40,0,1.98,2.855,12.52,269.85,11.62,11.92,6.7,1,715.47,4529.7,4529.7,75.49,75.49,9.477,6/10/2024
-111.7091119,33.08174854,Azule 1,TaskName 6/10/2024,Wheat (Durum),2954,6/10/2024,0.999,On,1293.7,40,0,1.983,2.865,14.06,269.85,12.45,11.74,6.7,1,704.23,4456.6,4456.6,74.28,74.28,9.481,6/10/2024
-111.7091212,33.08174873,Azule 1,TaskName 6/10/2024,Wheat (Durum),2955,6/10/2024,1,On,1293.7,40,0,1.98,2.849,14.57,270.08,12.54,12.4,6.74,1,744.21,4741.5,4741.5,79.02,79.02,9.418,6/10/2024
-111.7091306,33.08174882,Azule 1,TaskName 6/10/2024,Wheat (Durum),2956,6/10/2024,1.001,On,1293.7,40,0,1.977,2.882,13.41,270.06,12.29,12.54,6.8,1,752.66,4745.4,4745.4,79.09,79.09,9.516,6/10/2024
-111.70914,33.0817488,Azule 1,TaskName 6/10/2024,Wheat (Durum),2957,6/10/2024,1.004,On,1293.7,40,0,1.922,2.875,12.38,270.05,12.42,12.29,6.76,1,737.43,4674,4674,77.9,77.9,9.466,6/10/2024
-111.7091493,33.08174883,Azule 1,TaskName 6/10/2024,Wheat (Durum),2958,6/10/2024,0.996,On,1293.8,40,0,1.927,2.868,12.93,269.91,13.67,12.57,6.66,1,754.16,4752.7,4752.7,79.21,79.21,9.521,6/10/2024
-111.7091586,33.08174876,Azule 1,TaskName 6/10/2024,Wheat (Durum),2959,6/10/2024,0.999,On,1293.8,40,0,1.914,2.862,12.09,269.73,13.38,13.55,6.6,1,812.85,5149.9,5149.9,85.83,85.83,9.47,6/10/2024
-111.7091678,33.08174844,Azule 1,TaskName 6/10/2024,Wheat (Durum),2960,6/10/2024,1,On,1293.9,40,0,1.916,2.809,14.31,269.39,14.03,13.5,6.6,1,810.07,5233.4,5233.4,87.22,87.22,9.287,6/10/2024
-111.7091771,33.08174826,Azule 1,TaskName 6/10/2024,Wheat (Durum),2961,6/10/2024,1.001,On,1293.9,40,0,1.934,2.855,13.46,269.27,14.01,14.09,6.639,1,845.25,5378.2,5378.2,89.64,89.64,9.43,6/10/2024
-111.7091864,33.08174828,Azule 1,TaskName 6/10/2024,Wheat (Durum),2962,6/10/2024,0.999,On,1293.8,40,0,1.974,2.868,14.43,269.56,13.4,13.93,6.74,1,835.67,5282.3,5282.3,88.04,88.04,9.492,6/10/2024
-111.7091957,33.08174836,Azule 1,TaskName 6/10/2024,Wheat (Durum),2963,6/10/2024,1.001,On,1293.7,40,0,1.966,2.859,15.54,269.59,12.82,13.33,6.8,1,799.78,5083,5083,84.72,84.72,9.441,6/10/2024
-111.709205,33.08174832,Azule 1,TaskName 6/10/2024,Wheat (Durum),2964,6/10/2024,0.999,On,1293.7,40,0,1.99,2.849,13.93,269.59,13.07,12.88,6.8,1,772.68,4917.9,4917.9,81.97,81.97,9.427,6/10/2024
-111.7092144,33.08174829,Azule 1,TaskName 6/10/2024,Wheat (Durum),2965,6/10/2024,1,On,1293.7,40,0,1.959,2.888,11.92,269.56,12.96,13.03,6.8,1,781.7,4912.4,4912.4,81.87,81.87,9.548,6/10/2024
-111.7092237,33.08174828,Azule 1,TaskName 6/10/2024,Wheat (Durum),2966,6/10/2024,1,On,1293.7,40,0,1.912,2.852,15.27,269.61,12.74,12.99,6.8,1,779.18,4958.5,4958.5,82.64,82.64,9.428,6/10/2024
-111.709233,33.08174836,Azule 1,TaskName 6/10/2024,Wheat (Durum),2967,6/10/2024,1,On,1293.8,40,0,1.896,2.855,15.82,269.96,12.69,12.72,6.759,1,763.35,4852.2,4852.2,80.87,80.87,9.439,6/10/2024
-111.7092424,33.08174859,Azule 1,TaskName 6/10/2024,Wheat (Durum),2968,6/10/2024,1.001,On,1293.7,40,0,1.968,2.872,13.22,270.27,12.76,12.71,6.7,1,762.55,4824.3,4824.3,80.4,80.4,9.484,6/10/2024
-111.7092518,33.0817487,Azule 1,TaskName 6/10/2024,Wheat (Durum),2969,6/10/2024,1.005,On,1293.8,40,0,1.937,2.891,14.4,270.47,12.45,12.65,6.7,1,759.05,4788.5,4788.5,79.81,79.81,9.511,6/10/2024
-111.7092609,33.08174875,Azule 1,TaskName 6/10/2024,Wheat (Durum),2970,6/10/2024,0.995,On,1293.8,40,0,1.909,2.808,14.91,270.4,13.43,12.58,6.7,1,754.5,4853.1,4853.1,80.89,80.89,9.328,6/10/2024
-111.7092703,33.08174853,Azule 1,TaskName 6/10/2024,Wheat (Durum),2971,6/10/2024,0.999,On,1293.8,40,0,1.972,2.85,12.79,269.97,14.01,13.48,6.7,1,809,5146.6,5146.6,85.78,85.78,9.431,6/10/2024
-111.7092797,33.08174853,Azule 1,TaskName 6/10/2024,Wheat (Durum),2972,6/10/2024,0.996,On,1293.8,40,0,1.939,2.886,12.68,269.98,13.86,13.92,6.7,1,835.25,5231.4,5231.4,87.19,87.19,9.58,6/10/2024
-111.709289,33.08174852,Azule 1,TaskName 6/10/2024,Wheat (Durum),2973,6/10/2024,1.004,On,1293.8,40,0,1.942,2.84,16.41,270.03,13.95,13.9,6.7,1,834.2,5352,5352,89.2,89.2,9.352,6/10/2024
-111.7092983,33.08174862,Azule 1,TaskName 6/10/2024,Wheat (Durum),2974,6/10/2024,1.001,On,1293.7,40,0,1.989,2.86,13.48,270.17,13.34,13.89,6.7,1,833.38,5294,5294,88.23,88.23,9.445,6/10/2024
-111.7093077,33.08174861,Azule 1,TaskName 6/10/2024,Wheat (Durum),2975,6/10/2024,0.999,On,1293.8,40,0,1.917,2.86,12.94,269.97,13.02,13.35,6.74,1,801.13,5079,5079,84.65,84.65,9.464,6/10/2024
-111.709317,33.08174863,Azule 1,TaskName 6/10/2024,Wheat (Durum),2976,6/10/2024,1,On,1293.8,40,0,1.921,2.853,13.56,270.06,12.57,12.98,6.8,1,779.05,4955.3,4955.3,82.59,82.59,9.433,6/10/2024
-111.7093262,33.08174855,Azule 1,TaskName 6/10/2024,Wheat (Durum),2977,6/10/2024,0.996,On,1293.8,40,0,1.933,2.817,14.44,269.82,12.87,12.57,6.8,1,754.3,4839.9,4839.9,80.67,80.67,9.351,6/10/2024
-111.7093355,33.08174836,Azule 1,TaskName 6/10/2024,Wheat (Durum),2978,6/10/2024,1.004,On,1293.8,40,0,1.933,2.85,15.79,269.72,13.05,12.84,6.8,1,770.45,4925.9,4925.9,82.1,82.1,9.384,6/10/2024
-111.7093447,33.08174844,Azule 1,TaskName 6/10/2024,Wheat (Durum),2979,6/10/2024,1,On,1293.8,40,0,1.923,2.824,14.93,270.09,13.65,13.16,6.84,1,789.59,5074.9,5074.9,84.58,84.58,9.335,6/10/2024
-111.709354,33.08174851,Azule 1,TaskName 6/10/2024,Wheat (Durum),2980,6/10/2024,1,On,1293.9,40,0,1.898,2.83,13.83,270.23,13.24,13.56,6.9,1,813.78,5218.2,5218.2,86.97,86.97,9.357,6/10/2024
-111.7093634,33.08174874,Azule 1,TaskName 6/10/2024,Wheat (Durum),2981,6/10/2024,1,On,1293.9,40,0,1.969,2.876,13.79,270.46,14.01,13.32,6.9,1,799.17,5042.7,5042.7,84.05,84.05,9.509,6/10/2024
-111.7093728,33.08174873,Azule 1,TaskName 6/10/2024,Wheat (Durum),2982,6/10/2024,1,On,1293.8,40,0,2.006,2.886,13.96,270.25,13.52,13.98,6.9,1,838.84,5275,5275,87.92,87.92,9.541,6/10/2024
-111.7093822,33.08174852,Azule 1,TaskName 6/10/2024,Wheat (Durum),2983,6/10/2024,1,On,1293.8,40,0,1.973,2.873,13.67,270.08,13.17,13.48,6.9,1,809.02,5110.7,5110.7,85.18,85.18,9.498,6/10/2024
-111.7093914,33.08174865,Azule 1,TaskName 6/10/2024,Wheat (Durum),2984,6/10/2024,1,On,1293.7,40,0,1.993,2.814,13.18,270.47,13.32,13.17,6.939,1,789.98,5095.2,5095.2,84.92,84.92,9.303,6/10/2024
-111.7094008,33.08174874,Azule 1,TaskName 6/10/2024,Wheat (Durum),2985,6/10/2024,1,On,1293.8,40,0,1.913,2.87,14.05,270.51,13.86,13.37,7.041,1,801.93,5071.7,5071.7,84.53,84.53,9.487,6/10/2024
-111.7094102,33.08174881,Azule 1,TaskName 6/10/2024,Wheat (Durum),2986,6/10/2024,1,On,1293.8,40,0,1.94,2.893,12.8,270.52,14.11,13.97,7.14,1,837.94,5257.4,5257.4,87.62,87.62,9.563,6/10/2024
-111.7094193,33.08174867,Azule 1,TaskName 6/10/2024,Wheat (Durum),2987,6/10/2024,1,On,1293.8,40,0,1.944,2.785,13.67,270.16,13.31,14,7.2,1,839.75,5473.6,5473.6,91.23,91.23,9.205,6/10/2024
-111.7094287,33.08174848,Azule 1,TaskName 6/10/2024,Wheat (Durum),2988,6/10/2024,1,On,1293.8,40,0,1.924,2.883,15.33,269.91,13.26,13.28,7.16,1,797.1,5018.2,5018.2,83.64,83.64,9.53,6/10/2024
-111.709438,33.08174854,Azule 1,TaskName 6/10/2024,Wheat (Durum),2989,6/10/2024,0.995,On,1293.8,40,0,1.96,2.844,12.99,270.08,13.34,13.28,7.14,1,796.64,5059.4,5059.4,84.32,84.32,9.448,6/10/2024
-111.7094473,33.08174861,Azule 1,TaskName 6/10/2024,Wheat (Durum),2990,6/10/2024,1,On,1293.7,40,0,1.951,2.834,14.98,270.19,12.94,13.31,7.2,1,798.62,5115.1,5115.1,85.25,85.25,9.368,6/10/2024
-111.7094565,33.08174868,Azule 1,TaskName 6/10/2024,Wheat (Durum),2991,6/10/2024,1.005,On,1293.7,40,0,1.903,2.834,13.52,270.3,13.27,13.01,7.2,1,780.44,5023.7,5023.7,83.73,83.73,9.321,6/10/2024
-111.7094658,33.08174875,Azule 1,TaskName 6/10/2024,Wheat (Durum),2992,6/10/2024,0.995,On,1293.7,40,0,1.948,2.827,13.16,270.44,13.2,13.23,7.2,1,793.57,5069.1,5069.1,84.48,84.48,9.393,6/10/2024
-111.709475,33.08174865,Azule 1,TaskName 6/10/2024,Wheat (Durum),2993,6/10/2024,1,On,1293.8,40,0,1.884,2.817,14.23,270.21,12.83,13.16,7.159,1,789.68,5087.3,5087.3,84.79,84.79,9.314,6/10/2024
-111.7094842,33.08174866,Azule 1,TaskName 6/10/2024,Wheat (Durum),2994,6/10/2024,1,On,1293.9,40,0,1.884,2.834,14.59,270.19,12.98,12.88,7.06,1,773.03,4951.2,4951.2,82.52,82.52,9.368,6/10/2024
-111.7094936,33.08174865,Azule 1,TaskName 6/10/2024,Wheat (Durum),2995,6/10/2024,1.005,On,1293.9,40,0,1.954,2.863,12.99,270.15,13.46,13.01,6.921,1,780.61,4973,4973,82.88,82.88,9.418,6/10/2024
-111.709503,33.08174865,Azule 1,TaskName 6/10/2024,Wheat (Durum),2996,6/10/2024,0.995,On,1293.9,40,0,1.943,2.873,12.77,270.12,13.37,13.49,6.76,1,809.61,5088.9,5088.9,84.81,84.81,9.546,6/10/2024
-111.7095123,33.08174858,Azule 1,TaskName 6/10/2024,Wheat (Durum),2997,6/10/2024,1,On,1293.8,40,0,1.997,2.857,14.6,270.11,12.54,13.27,6.7,1,796.47,5060.3,5060.3,84.34,84.34,9.444,6/10/2024
-111.7095216,33.08174882,Azule 1,TaskName 6/10/2024,Wheat (Durum),2998,6/10/2024,1,On,1293.9,40,0,1.93,2.84,13.46,270.47,12.57,12.62,6.741,1,757.31,4839.3,4839.3,80.66,80.66,9.389,6/10/2024
-111.709531,33.0817489,Azule 1,TaskName 6/10/2024,Wheat (Durum),2999,6/10/2024,1.001,On,1293.9,40,0,1.948,2.886,14.14,270.39,11.93,12.45,6.839,1,746.96,4701.9,4701.9,78.37,78.37,9.532,6/10/2024
-111.7095403,33.08174896,Azule 1,TaskName 6/10/2024,Wheat (Durum),3000,6/10/2024,0.999,On,1293.9,40,0,1.953,2.843,14.48,270.37,12.8,12.05,6.94,1,722.98,4610.2,4610.2,76.84,76.84,9.409,6/10/2024
-111.7095497,33.08174878,Azule 1,TaskName 6/10/2024,Wheat (Durum),3001,6/10/2024,1,On,1293.9,40,0,1.933,2.882,13.32,270.02,12.41,12.74,7.04,1,764.69,4816.4,4816.4,80.27,80.27,9.526,6/10/2024
-111.709559,33.08174872,Azule 1,TaskName 6/10/2024,Wheat (Durum),3002,6/10/2024,1.001,On,1293.9,40,0,1.957,2.836,13.73,269.97,12.87,12.48,7.1,1,748.55,4795.9,4795.9,79.93,79.93,9.365,6/10/2024
-111.7095682,33.08174867,Azule 1,TaskName 6/10/2024,Wheat (Durum),3003,6/10/2024,0.999,On,1293.8,40,0,1.98,2.839,13.05,269.78,12.75,12.86,7.1,1,771.4,4926.7,4926.7,82.11,82.11,9.394,6/10/2024
-111.7095776,33.0817487,Azule 1,TaskName 6/10/2024,Wheat (Durum),3004,6/10/2024,1,On,1293.8,40,0,1.906,2.872,13.81,269.85,12.86,12.77,7.1,1,766.43,4843.9,4843.9,80.73,80.73,9.494,6/10/2024
-111.7095868,33.08174873,Azule 1,TaskName 6/10/2024,Wheat (Durum),3005,6/10/2024,1,On,1293.8,40,0,1.95,2.806,12.57,269.95,12.92,12.85,7.061,1,770.87,4985.9,4985.9,83.1,83.1,9.277,6/10/2024
-111.7095961,33.08174861,Azule 1,TaskName 6/10/2024,Wheat (Durum),3006,6/10/2024,1,On,1293.8,40,0,1.931,2.875,13.72,269.74,13.48,12.95,7,1,776.94,4904.7,4904.7,81.74,81.74,9.504,6/10/2024
-111.7096053,33.08174868,Azule 1,TaskName 6/10/2024,Wheat (Durum),3007,6/10/2024,0.996,On,1293.8,40,0,1.94,2.813,13.83,269.83,13.96,13.58,7,1,814.8,5236.7,5236.7,87.28,87.28,9.336,6/10/2024
-111.7096147,33.08174833,Azule 1,TaskName 6/10/2024,Wheat (Durum),3008,6/10/2024,1.004,On,1293.7,40,0,1.988,2.888,15.26,269.4,13.57,13.89,7,1,833.14,5256.5,5256.5,87.61,87.61,9.51,6/10/2024
-111.7096241,33.08174831,Azule 1,TaskName 6/10/2024,Wheat (Durum),3009,6/10/2024,0.996,On,1293.7,40,0,1.943,2.872,14.73,269.53,13.39,13.53,7,1,811.94,5111,5111,85.18,85.18,9.532,6/10/2024
-111.7096335,33.08174833,Azule 1,TaskName 6/10/2024,Wheat (Durum),3010,6/10/2024,1,On,1293.8,40,0,1.962,2.898,14.55,269.6,13.63,13.41,7,1,804.68,5039.6,5039.6,83.99,83.99,9.58,6/10/2024
-111.7096428,33.08174843,Azule 1,TaskName 6/10/2024,Wheat (Durum),3011,6/10/2024,0.999,On,1293.8,40,0,1.929,2.849,13.37,269.8,13.83,13.7,6.959,1,821.79,5230.4,5230.4,87.17,87.17,9.427,6/10/2024
-111.7096522,33.08174852,Azule 1,TaskName 6/10/2024,Wheat (Durum),3012,6/10/2024,1.001,On,1293.8,40,0,1.911,2.865,12.69,270.01,13.59,13.76,6.86,1,825.38,5233.6,5233.6,87.23,87.23,9.462,6/10/2024
-111.7096613,33.08174855,Azule 1,TaskName 6/10/2024,Wheat (Durum),3013,6/10/2024,1,On,1293.8,40,0,1.932,2.806,15.21,270.12,13.38,13.6,6.761,1,815.75,5276.2,5276.2,87.94,87.94,9.277,6/10/2024
-111.7096706,33.08174854,Azule 1,TaskName 6/10/2024,Wheat (Durum),3014,6/10/2024,1,On,1293.8,40,0,1.923,2.862,14.21,270.16,13.49,13.43,6.7,1,805.83,5110.4,5110.4,85.17,85.17,9.461,6/10/2024
-111.7096799,33.08174864,Azule 1,TaskName 6/10/2024,Wheat (Durum),3015,6/10/2024,1.004,On,1293.8,40,0,1.921,2.846,13.96,270.12,13.18,13.44,6.7,1,806.43,5164.3,5164.3,86.07,86.07,9.369,6/10/2024
-111.709689,33.08174858,Azule 1,TaskName 6/10/2024,Wheat (Durum),3016,6/10/2024,1,On,1293.8,40,0,1.941,2.796,13.63,270.02,12.93,13.19,6.7,1,791.38,5136.5,5136.5,85.61,85.61,9.244,6/10/2024
-111.7096984,33.0817486,Azule 1,TaskName 6/10/2024,Wheat (Durum),3017,6/10/2024,0.996,On,1293.8,40,0,1.938,2.878,14.35,270.14,12.39,12.9,6.7,1,774.27,4862.8,4862.8,81.05,81.05,9.553,6/10/2024
-111.7097077,33.08174859,Azule 1,TaskName 6/10/2024,Wheat (Durum),3018,6/10/2024,0.999,On,1293.8,40,0,1.96,2.855,13.47,270.1,11.29,12.23,6.7,1,733.51,4657.8,4657.8,77.63,77.63,9.449,6/10/2024
-111.709717,33.08174862,Azule 1,TaskName 6/10/2024,Wheat (Durum),3019,6/10/2024,1.001,On,1293.8,40,0,1.952,2.836,13.93,270.03,12.2,11.38,6.7,1,682.61,4373.4,4373.4,72.89,72.89,9.365,6/10/2024
-111.7097263,33.0817487,Azule 1,TaskName 6/10/2024,Wheat (Durum),3020,6/10/2024,1,On,1293.9,40,0,1.935,2.852,13.33,270.05,12.58,12.19,6.7,1,731.53,4655.2,4655.2,77.59,77.59,9.428,6/10/2024
-111.7097356,33.08174857,Azule 1,TaskName 6/10/2024,Wheat (Durum),3021,6/10/2024,1,On,1293.8,40,0,1.954,2.846,13.6,269.83,12.93,12.67,6.74,1,760.08,4848.1,4848.1,80.8,80.8,9.407,6/10/2024
-111.7097449,33.0817484,Azule 1,TaskName 6/10/2024,Wheat (Durum),3022,6/10/2024,0.999,On,1293.9,40,0,1.938,2.865,13.67,269.71,12.48,12.89,6.84,1,773.35,4893.9,4893.9,81.57,81.57,9.481,6/10/2024
-111.7097542,33.08174832,Azule 1,TaskName 6/10/2024,Wheat (Durum),3023,6/10/2024,1.001,On,1293.8,40,0,1.964,2.855,13.17,269.77,13.15,12.49,6.939,1,749.33,4767.8,4767.8,79.46,79.46,9.43,6/10/2024
-111.7097635,33.08174842,Azule 1,TaskName 6/10/2024,Wheat (Durum),3024,6/10/2024,1,On,1293.9,40,0,1.935,2.846,13.48,269.99,13.01,13.13,7.04,1,787.81,5024.9,5024.9,83.75,83.75,9.407,6/10/2024
-111.709773,33.08174846,Azule 1,TaskName 6/10/2024,Wheat (Durum),3025,6/10/2024,1,On,1293.8,40,0,1.948,2.891,13.12,270.02,12.91,13.02,7.14,1,781.47,4905.4,4905.4,81.76,81.76,9.559,6/10/2024
-111.7097821,33.08174832,Azule 1,TaskName 6/10/2024,Wheat (Durum),3026,6/10/2024,1,On,1293.8,40,0,1.953,2.806,14.38,269.84,12.79,12.92,7.2,1,775.32,5014.7,5014.7,83.58,83.58,9.277,6/10/2024
-111.7097914,33.08174845,Azule 1,TaskName 6/10/2024,Wheat (Durum),3027,6/10/2024,0.999,On,1293.9,40,0,1.9,2.865,14.72,270.12,13.75,12.86,7.117,1,771.53,4882.4,4882.4,81.37,81.37,9.481,6/10/2024
-111.7098005,33.08174851,Azule 1,TaskName 6/10/2024,Wheat (Durum),3028,6/10/2024,1.001,On,1293.9,40,0,1.907,2.767,15.01,270.2,14.15,13.74,7,1,824.7,5415.3,5415.3,90.26,90.26,9.137,6/10/2024
-111.7098098,33.08174873,Azule 1,TaskName 6/10/2024,Wheat (Durum),3029,6/10/2024,1,On,1293.9,40,0,1.919,2.849,17.58,270.66,13.3,14.09,6.959,1,845.52,5386.9,5386.9,89.78,89.78,9.418,6/10/2024
-111.7098191,33.08174904,Azule 1,TaskName 6/10/2024,Wheat (Durum),3030,6/10/2024,0.999,On,1293.9,40,0,1.915,2.856,12.71,270.78,12.55,13.24,6.9,1,794.23,5042.5,5042.5,84.04,84.04,9.45,6/10/2024
-111.7098282,33.08174904,Azule 1,TaskName 6/10/2024,Wheat (Durum),3031,6/10/2024,1.001,On,1294,40,0,1.937,2.814,13.15,270.49,12.57,12.54,6.9,1,752.29,4857.8,4857.8,80.96,80.96,9.292,6/10/2024
-111.7098375,33.08174887,Azule 1,TaskName 6/10/2024,Wheat (Durum),3032,6/10/2024,0.999,On,1294,40,0,1.926,2.843,15.04,270.02,12.65,12.61,6.9,1,756.85,4826.8,4826.8,80.45,80.45,9.408,6/10/2024
-111.709847,33.08174846,Azule 1,TaskName 6/10/2024,Wheat (Durum),3033,6/10/2024,1.001,On,1294,40,0,1.971,2.902,13.77,269.5,12.35,12.67,6.9,1,759.95,4757.4,4757.4,79.29,79.29,9.584,6/10/2024
-111.7098563,33.08174846,Azule 1,TaskName 6/10/2024,Wheat (Durum),3034,6/10/2024,1,On,1294,40,0,1.948,2.856,15.53,269.6,12.74,12.36,6.9,1,741.54,4712.1,4712.1,78.54,78.54,9.442,6/10/2024
-111.7098655,33.08174855,Azule 1,TaskName 6/10/2024,Wheat (Durum),3035,6/10/2024,1,On,1294,40,0,1.941,2.833,13.56,269.91,13.56,12.8,6.86,1,767.85,4918.8,4918.8,81.98,81.98,9.366,6/10/2024
-111.7098748,33.08174856,Azule 1,TaskName 6/10/2024,Wheat (Durum),3036,6/10/2024,0.999,On,1294,40,0,1.948,2.853,14.52,269.87,13.65,13.53,6.8,1,811.66,5158.4,5158.4,85.97,85.97,9.441,6/10/2024
-111.7098842,33.08174835,Azule 1,TaskName 6/10/2024,Wheat (Durum),3037,6/10/2024,1.001,On,1294,40,0,1.935,2.869,14.79,269.43,13.41,13.65,6.84,1,819.19,5186.9,5186.9,86.45,86.45,9.476,6/10/2024
-111.7098936,33.08174828,Azule 1,TaskName 6/10/2024,Wheat (Durum),3038,6/10/2024,0.999,On,1294,40,0,1.93,2.873,12.87,269.32,13.07,13.45,6.941,1,807,5093.7,5093.7,84.9,84.9,9.506,6/10/2024
-111.7099027,33.08174823,Azule 1,TaskName 6/10/2024,Wheat (Durum),3039,6/10/2024,1,On,1293.9,40,0,1.959,2.791,13.61,269.46,12.23,12.99,7.038,1,779.12,5067.3,5067.3,84.46,84.46,9.225,6/10/2024
-111.7099121,33.08174823,Azule 1,TaskName 6/10/2024,Wheat (Durum),3040,6/10/2024,1,On,1293.9,40,0,1.939,2.882,14.02,269.58,12.62,12.26,7.141,1,735.8,4633.1,4633.1,77.22,77.22,9.529,6/10/2024
-111.7099212,33.08174849,Azule 1,TaskName 6/10/2024,Wheat (Durum),3041,6/10/2024,1,On,1293.8,40,0,1.946,2.804,17.14,270.09,12.3,12.6,7.2,1,756.04,4894.2,4894.2,81.57,81.57,9.269,6/10/2024
-111.7099306,33.08174869,Azule 1,TaskName 6/10/2024,Wheat (Durum),3042,6/10/2024,0.995,On,1293.8,40,0,1.974,2.886,13.39,270.27,12.87,12.38,7.161,1,742.91,4649.1,4649.1,77.49,77.49,9.588,6/10/2024
-111.7099399,33.08174868,Azule 1,TaskName 6/10/2024,Wheat (Durum),3043,6/10/2024,1.006,On,1293.9,40,0,1.922,2.853,14.56,270.08,12.14,12.76,7.059,1,765.73,4900.7,4900.7,81.68,81.68,9.375,6/10/2024
-111.7099491,33.08174861,Azule 1,TaskName 6/10/2024,Wheat (Durum),3044,6/10/2024,0.999,On,1293.9,40,0,1.936,2.833,14.88,270.04,12.49,12.19,6.92,1,731.2,4679.4,4679.4,77.99,77.99,9.376,6/10/2024
-111.7099585,33.08174865,Azule 1,TaskName 6/10/2024,Wheat (Durum),3045,6/10/2024,1.001,On,1293.9,40,0,1.916,2.882,14.46,270.16,12.4,12.5,6.759,1,749.78,4725.8,4725.8,78.76,78.76,9.519,6/10/2024
-111.7099678,33.08174874,Azule 1,TaskName 6/10/2024,Wheat (Durum),3046,6/10/2024,0.999,On,1293.9,40,0,1.938,2.856,12.58,270.37,11.52,12.37,6.7,1,742.46,4713.3,4713.3,78.55,78.55,9.452,6/10/2024
-111.7099771,33.08174889,Azule 1,TaskName 6/10/2024,Wheat (Durum),3047,6/10/2024,1.001,On,1293.9,40,0,1.939,2.84,13.55,270.51,10.53,11.4,6.7,1,683.98,4375.8,4375.8,72.93,72.93,9.379,6/10/2024
-111.7099864,33.08174888,Azule 1,TaskName 6/10/2024,Wheat (Durum),3048,6/10/2024,1,On,1294,40,0,1.899,2.846,14.1,270.42,11.16,10.59,6.7,1,635.57,4052.7,4052.7,67.54,67.54,9.41,6/10/2024
-111.7099956,33.08174885,Azule 1,TaskName 6/10/2024,Wheat (Durum),3049,6/10/2024,0.999,On,1293.9,40,0,1.963,2.84,13.12,270.28,11.59,11.24,6.7,1,674.33,4305.5,4305.5,71.76,71.76,9.397,6/10/2024
-111.7100049,33.08174876,Azule 1,TaskName 6/10/2024,Wheat (Durum),3050,6/10/2024,0.995,On,1293.9,40,0,1.939,2.846,12.99,270.02,11.72,11.53,6.66,1,692.06,4390.8,4390.8,73.18,73.18,9.457,6/10/2024
-111.7100143,33.08174868,Azule 1,TaskName 6/10/2024,Wheat (Durum),3051,6/10/2024,1.001,On,1293.9,40,0,1.955,2.882,12.89,269.98,12.2,11.74,6.6,1,704.68,4441.6,4441.6,74.03,74.03,9.519,6/10/2024
-111.7100236,33.08174859,Azule 1,TaskName 6/10/2024,Wheat (Durum),3052,6/10/2024,1.004,On,1294,40,0,1.922,2.86,13.82,269.94,12.87,12.25,6.642,1,735.2,4685.1,4685.1,78.09,78.09,9.415,6/10/2024
-111.710033,33.08174865,Azule 1,TaskName 6/10/2024,Wheat (Durum),3053,6/10/2024,1.001,On,1294,40,0,1.959,2.866,12.67,270.14,12.94,12.91,6.739,1,774.47,4909.4,4909.4,81.82,81.82,9.465,6/10/2024
-111.7100424,33.08174877,Azule 1,TaskName 6/10/2024,Wheat (Durum),3054,6/10/2024,0.994,On,1294,40,0,1.929,2.886,12.31,270.27,12.43,12.89,6.84,1,773.66,4836.7,4836.7,80.61,80.61,9.597,6/10/2024
-111.7100516,33.08174867,Azule 1,TaskName 6/10/2024,Wheat (Durum),3055,6/10/2024,1.006,On,1294,40,0,1.954,2.843,14.29,270.19,12.17,12.42,6.939,1,745.32,4786.6,4786.6,79.78,79.78,9.343,6/10/2024
-111.710061,33.08174865,Azule 1,TaskName 6/10/2024,Wheat (Durum),3056,6/10/2024,0.999,On,1294,40,0,1.949,2.863,13.03,270.16,12.47,12.14,7.041,1,728.46,4613.8,4613.8,76.9,76.9,9.473,6/10/2024
-111.7100701,33.08174858,Azule 1,TaskName 6/10/2024,Wheat (Durum),3057,6/10/2024,1.001,On,1293.9,40,0,1.975,2.81,14.66,269.97,13.41,12.55,7.1,1,753.26,4869.7,4869.7,81.16,81.16,9.281,6/10/2024
-111.7100794,33.08174827,Azule 1,TaskName 6/10/2024,Wheat (Durum),3058,6/10/2024,1,On,1293.9,40,0,1.956,2.86,13.69,269.68,13.65,13.4,7.021,1,804.04,5103.4,5103.4,85.06,85.06,9.453,6/10/2024
-111.7100887,33.08174822,Azule 1,TaskName 6/10/2024,Wheat (Durum),3059,6/10/2024,0.999,On,1293.8,40,0,1.948,2.84,13.35,269.82,14.15,13.73,6.9,1,823.93,5260.7,5260.7,87.68,87.68,9.397,6/10/2024
-111.7100979,33.08174834,Azule 1,TaskName 6/10/2024,Wheat (Durum),3060,6/10/2024,0.995,On,1293.8,40,0,1.929,2.825,16.44,270.09,13.12,14.06,6.9,1,843.44,5391.1,5391.1,89.85,89.85,9.387,6/10/2024
-111.7101072,33.08174857,Azule 1,TaskName 6/10/2024,Wheat (Durum),3061,6/10/2024,1.005,On,1293.8,40,0,1.927,2.86,14.29,270.4,12.48,13.1,6.939,1,785.91,5013.3,5013.3,83.56,83.56,9.406,6/10/2024
-111.7101165,33.08174865,Azule 1,TaskName 6/10/2024,Wheat (Durum),3062,6/10/2024,1,On,1293.8,40,0,1.909,2.856,14,270.35,12.35,12.4,7.04,1,743.97,4727.6,4727.6,78.79,78.79,9.442,6/10/2024
-111.7101258,33.08174869,Azule 1,TaskName 6/10/2024,Wheat (Durum),3063,6/10/2024,1.001,On,1293.8,40,0,1.926,2.843,14.9,270.38,13.55,12.49,7.14,1,749.27,4788,4788,79.8,79.8,9.389,6/10/2024
-111.7101351,33.0817488,Azule 1,TaskName 6/10/2024,Wheat (Durum),3064,6/10/2024,0.994,On,1293.8,40,0,1.963,2.869,13.64,270.45,13.31,13.5,7.2,1,810.28,5094.7,5094.7,84.91,84.91,9.543,6/10/2024
-111.7101444,33.08174873,Azule 1,TaskName 6/10/2024,Wheat (Durum),3065,6/10/2024,1.005,On,1293.8,40,0,1.951,2.843,14.76,270.34,13.58,13.35,7.119,1,801.25,5140.7,5140.7,85.68,85.68,9.352,6/10/2024
-111.7101537,33.08174882,Azule 1,TaskName 6/10/2024,Wheat (Durum),3066,6/10/2024,0.996,On,1293.8,40,0,1.928,2.856,13.96,270.4,13.58,13.58,6.919,1,814.54,5155.3,5155.3,85.92,85.92,9.48,6/10/2024
-111.710163,33.08174886,Azule 1,TaskName 6/10/2024,Wheat (Durum),3067,6/10/2024,1,On,1293.8,40,0,1.955,2.863,13.79,270.36,13.34,13.59,6.84,1,815.33,5169.2,5169.2,86.15,86.15,9.464,6/10/2024
-111.7101724,33.08174882,Azule 1,TaskName 6/10/2024,Wheat (Durum),3068,6/10/2024,1,On,1293.7,40,0,1.932,2.889,12.88,270.23,12.88,13.28,6.9,1,796.93,5006.6,5006.6,83.44,83.44,9.55,6/10/2024
-111.7101816,33.08174865,Azule 1,TaskName 6/10/2024,Wheat (Durum),3069,6/10/2024,1.005,On,1293.7,40,0,1.927,2.807,12.74,270,13.38,12.92,6.94,1,775.05,5036.5,5036.5,83.94,83.94,9.233,6/10/2024
-111.7101907,33.08174851,Azule 1,TaskName 6/10/2024,Wheat (Durum),3070,6/10/2024,0.994,On,1293.7,40,0,1.945,2.794,14.5,269.77,13.36,13.39,7,1,803.41,5187.9,5187.9,86.47,86.47,9.292,6/10/2024
-111.7102001,33.08174835,Azule 1,TaskName 6/10/2024,Wheat (Durum),3071,6/10/2024,1,On,1293.6,40,0,1.967,2.882,13.71,269.71,12.87,13.34,7.039,1,800.24,5038.9,5038.9,83.98,83.98,9.529,6/10/2024
-111.7102093,33.08174845,Azule 1,TaskName 6/10/2024,Wheat (Durum),3072,6/10/2024,1,On,1293.7,40,0,1.903,2.83,15.54,269.81,12.97,12.86,7.1,1,771.84,4950.2,4950.2,82.5,82.5,9.355,6/10/2024
-111.7102186,33.08174855,Azule 1,TaskName 6/10/2024,Wheat (Durum),3073,6/10/2024,1,On,1293.7,40,0,1.936,2.846,14.43,269.98,13.52,13.08,7.061,1,784.57,5002.8,5002.8,83.38,83.38,9.409,6/10/2024
-111.710228,33.08174875,Azule 1,TaskName 6/10/2024,Wheat (Durum),3074,6/10/2024,1,On,1293.8,40,0,1.924,2.896,13.4,270.1,13.11,13.5,6.959,1,810.03,5077.4,5077.4,84.62,84.62,9.572,6/10/2024
-111.7102373,33.08174859,Azule 1,TaskName 6/10/2024,Wheat (Durum),3075,6/10/2024,1.001,On,1293.9,40,0,1.921,2.853,13.79,269.84,12.31,13.05,6.9,1,783.29,4988.2,4988.2,83.14,83.14,9.422,6/10/2024
-111.7102466,33.08174843,Azule 1,TaskName 6/10/2024,Wheat (Durum),3076,6/10/2024,1,On,1293.8,40,0,1.964,2.863,14.46,269.86,12.26,12.28,6.9,1,736.61,4670.1,4670.1,77.84,77.84,9.464,6/10/2024
-111.7102559,33.08174842,Azule 1,TaskName 6/10/2024,Wheat (Durum),3077,6/10/2024,0.995,On,1293.8,40,0,1.935,2.856,13.44,269.91,12.83,12.29,6.9,1,737.58,4663.6,4663.6,77.73,77.73,9.489,6/10/2024
-111.7102651,33.08174855,Azule 1,TaskName 6/10/2024,Wheat (Durum),3078,6/10/2024,1.004,On,1293.9,40,0,1.92,2.83,13.37,270.12,12.6,12.86,6.9,1,771.41,4967.2,4967.2,82.79,82.79,9.318,6/10/2024
-111.7102743,33.08174858,Azule 1,TaskName 6/10/2024,Wheat (Durum),3079,6/10/2024,1.001,On,1293.8,40,0,1.922,2.827,13.26,270.21,12.19,12.53,6.9,1,751.91,4832.8,4832.8,80.55,80.55,9.335,6/10/2024
-111.7102836,33.08174874,Azule 1,TaskName 6/10/2024,Wheat (Durum),3080,6/10/2024,0.999,On,1293.8,40,0,1.926,2.863,13.43,270.4,12.66,12.3,6.9,1,737.93,4673.8,4673.8,77.9,77.9,9.473,6/10/2024
-111.7102929,33.0817488,Azule 1,TaskName 6/10/2024,Wheat (Durum),3081,6/10/2024,1,On,1293.8,40,0,1.946,2.856,14.21,270.33,12.01,12.53,6.941,1,751.86,4777.7,4777.7,79.63,79.63,9.442,6/10/2024
-111.7103023,33.08174861,Azule 1,TaskName 6/10/2024,Wheat (Durum),3082,6/10/2024,1,On,1293.8,40,0,1.955,2.873,12.7,270.07,12.96,12.09,6.92,1,725.53,4584.1,4584.1,76.4,76.4,9.496,6/10/2024
-111.7103116,33.0817486,Azule 1,TaskName 6/10/2024,Wheat (Durum),3083,6/10/2024,1.001,On,1293.9,40,0,1.956,2.866,13.95,270.09,12.92,12.97,6.8,1,778.32,4933.8,4933.8,82.23,82.23,9.465,6/10/2024
-111.710321,33.08174862,Azule 1,TaskName 6/10/2024,Wheat (Durum),3084,6/10/2024,0.999,On,1293.8,40,0,1.939,2.889,13.6,270.23,12.5,12.92,6.841,1,775.15,4864.9,4864.9,81.08,81.08,9.56,6/10/2024
-111.7103303,33.08174888,Azule 1,TaskName 6/10/2024,Wheat (Durum),3085,6/10/2024,1,On,1293.9,40,0,1.945,2.866,14.28,270.5,11.92,12.42,6.94,1,745.04,4718.1,4718.1,78.64,78.64,9.475,6/10/2024
-111.7103395,33.08174883,Azule 1,TaskName 6/10/2024,Wheat (Durum),3086,6/10/2024,1,On,1293.9,40,0,1.908,2.827,13.98,270.19,12.55,11.98,7,1,718.65,4614.4,4614.4,76.91,76.91,9.344,6/10/2024
-111.7103489,33.08174857,Azule 1,TaskName 6/10/2024,Wheat (Durum),3087,6/10/2024,1,On,1293.9,40,0,1.943,2.869,13,269.76,12.72,12.57,7,1,754.32,4771.4,4771.4,79.52,79.52,9.485,6/10/2024
-111.7103582,33.08174846,Azule 1,TaskName 6/10/2024,Wheat (Durum),3088,6/10/2024,1,On,1293.9,40,0,1.976,2.876,13.07,269.57,12.65,12.71,7,1,762.48,4812.1,4812.1,80.2,80.2,9.507,6/10/2024
-111.7103674,33.08174828,Azule 1,TaskName 6/10/2024,Wheat (Durum),3089,6/10/2024,1,On,1293.9,40,0,1.95,2.823,14.7,269.55,13,12.67,7,1,759.94,4885.2,4885.2,81.42,81.42,9.334,6/10/2024
-111.7103769,33.08174849,Azule 1,TaskName 6/10/2024,Wheat (Durum),3090,6/10/2024,1,On,1293.9,40,0,1.952,2.899,13.37,269.9,13.39,13.04,6.96,1,782.43,4899,4899,81.65,81.65,9.583,6/10/2024
-111.7103862,33.08174846,Azule 1,TaskName 6/10/2024,Wheat (Durum),3091,6/10/2024,1,On,1293.8,40,0,1.968,2.842,13.45,269.87,12.72,13.38,6.861,1,802.98,5128.4,5128.4,85.47,85.47,9.394,6/10/2024
-111.7103955,33.08174855,Azule 1,TaskName 6/10/2024,Wheat (Durum),3092,6/10/2024,0.996,On,1293.9,40,0,1.909,2.842,14.3,270.02,11.9,12.59,6.8,1,755.23,4804.2,4804.2,80.07,80.07,9.432,6/10/2024
-111.7104047,33.08174843,Azule 1,TaskName 6/10/2024,Wheat (Durum),3093,6/10/2024,1,On,1293.9,40,0,1.916,2.829,12.86,269.88,12.87,11.97,6.8,1,718.01,4607,4607,76.78,76.78,9.351,6/10/2024
-111.7104141,33.08174839,Azule 1,TaskName 6/10/2024,Wheat (Durum),3094,6/10/2024,1.005,On,1293.9,40,0,2,2.884,12.38,269.81,13.2,12.91,6.8,1,774.63,4898.6,4898.6,81.64,81.64,9.488,6/10/2024
-111.7104234,33.08174842,Azule 1,TaskName 6/10/2024,Wheat (Durum),3095,6/10/2024,0.995,On,1293.9,40,0,1.893,2.819,15.35,269.97,12.85,13.16,6.8,1,789.76,5059.7,5059.7,84.33,84.33,9.365,6/10/2024
-111.7104327,33.08174853,Azule 1,TaskName 6/10/2024,Wheat (Durum),3096,6/10/2024,1.004,On,1293.9,40,0,1.949,2.845,13.26,270.09,12.98,12.83,6.8,1,770.03,4931.9,4931.9,82.2,82.2,9.368,6/10/2024
-111.7104421,33.08174867,Azule 1,TaskName 6/10/2024,Wheat (Durum),3097,6/10/2024,0.996,On,1293.8,40,0,1.99,2.881,13.69,270.16,13.35,13.03,6.8,1,781.73,4904.8,4904.8,81.75,81.75,9.563,6/10/2024
-111.7104514,33.08174878,Azule 1,TaskName 6/10/2024,Wheat (Durum),3098,6/10/2024,1,On,1293.8,40,0,1.948,2.855,13.25,270.34,13.15,13.32,6.76,1,799.31,5081.5,5081.5,84.69,84.69,9.438,6/10/2024
-111.7104606,33.081749,Azule 1,TaskName 6/10/2024,Wheat (Durum),3099,6/10/2024,1.004,On,1293.8,40,0,1.918,2.806,13.79,270.61,12.87,13.18,6.7,1,790.92,5136.8,5136.8,85.61,85.61,9.238,6/10/2024
-111.7104699,33.08174905,Azule 1,TaskName 6/10/2024,Wheat (Durum),3100,6/10/2024,1,On,1293.8,40,0,1.969,2.835,15.14,270.6,12.22,12.77,6.7,1,766.17,4904.7,4904.7,81.74,81.74,9.373,6/10/2024
-111.7104793,33.0817489,Azule 1,TaskName 6/10/2024,Wheat (Durum),3101,6/10/2024,1,On,1293.8,40,0,1.946,2.871,12.78,270.32,12.66,12.37,6.7,1,742.47,4693.2,4693.2,78.22,78.22,9.492,6/10/2024
-111.7104884,33.08174882,Azule 1,TaskName 6/10/2024,Wheat (Durum),3102,6/10/2024,1,On,1293.8,40,0,1.915,2.796,13.56,270.24,12.06,12.55,6.7,1,753.17,4889.3,4889.3,81.49,81.49,9.243,6/10/2024
-111.7104977,33.08174875,Azule 1,TaskName 6/10/2024,Wheat (Durum),3103,6/10/2024,1.001,On,1293.9,40,0,1.901,2.835,13.62,270.09,12.31,12.1,6.7,1,726.23,4653.6,4653.6,77.56,77.56,9.363,6/10/2024
-111.710507,33.08174851,Azule 1,TaskName 6/10/2024,Wheat (Durum),3104,6/10/2024,0.994,On,1293.9,40,0,1.95,2.858,12.64,269.84,11.73,12.26,6.7,1,735.42,4641.9,4641.9,77.37,77.37,9.506,6/10/2024
-111.7105164,33.08174839,Azule 1,TaskName 6/10/2024,Wheat (Durum),3105,6/10/2024,1.001,On,1293.9,40,0,1.927,2.862,13.26,269.87,12.44,11.85,6.659,1,711.22,4515.7,4515.7,75.26,75.26,9.45,6/10/2024
-111.7105257,33.08174856,Azule 1,TaskName 6/10/2024,Wheat (Durum),3106,6/10/2024,1,On,1294,40,0,1.928,2.855,13.5,270.13,12.35,12.45,6.6,1,746.78,4747.6,4747.6,79.13,79.13,9.438,6/10/2024
-111.7105349,33.08174854,Azule 1,TaskName 6/10/2024,Wheat (Durum),3107,6/10/2024,1.004,On,1294,40,0,1.943,2.812,13.19,270.09,12.52,12.32,6.64,1,739.34,4790.6,4790.6,79.84,79.84,9.26,6/10/2024
-111.7105443,33.08174861,Azule 1,TaskName 6/10/2024,Wheat (Durum),3108,6/10/2024,0.995,On,1293.9,40,0,1.966,2.875,12.61,270.34,12.46,12.5,6.74,1,749.75,4710.1,4710.1,78.5,78.5,9.551,6/10/2024
-111.7105536,33.08174889,Azule 1,TaskName 6/10/2024,Wheat (Durum),3109,6/10/2024,1.005,On,1293.9,40,0,1.975,2.832,14.4,270.52,12.67,12.52,6.84,1,750.95,4836.8,4836.8,80.61,80.61,9.315,6/10/2024
-111.7105629,33.08174864,Azule 1,TaskName 6/10/2024,Wheat (Durum),3110,6/10/2024,0.995,On,1293.9,40,0,1.954,2.871,12.91,270.12,12.37,12.62,6.941,1,757.17,4762.2,4762.2,79.37,79.37,9.54,6/10/2024
-111.7105723,33.08174859,Azule 1,TaskName 6/10/2024,Wheat (Durum),3111,6/10/2024,1.001,On,1293.9,40,0,1.972,2.845,12.97,270.09,12.58,12.4,7.039,1,744.24,4752.5,4752.5,79.21,79.21,9.396,6/10/2024
-111.7105817,33.08174834,Azule 1,TaskName 6/10/2024,Wheat (Durum),3112,6/10/2024,0.999,On,1293.9,40,0,1.983,2.875,14.43,269.63,12.64,12.56,7.1,1,753.45,4752.4,4752.4,79.21,79.21,9.512,6/10/2024
-111.7105909,33.08174822,Azule 1,TaskName 6/10/2024,Wheat (Durum),3113,6/10/2024,1,On,1293.8,40,0,1.949,2.839,12.85,269.72,13.07,12.71,7.1,1,762.47,4875.3,4875.3,81.26,81.26,9.384,6/10/2024
-111.7106002,33.08174849,Azule 1,TaskName 6/10/2024,Wheat (Durum),3114,6/10/2024,1,On,1293.8,40,0,1.937,2.822,13.9,270.16,12.55,13.03,7.1,1,781.55,5026.4,5026.4,83.77,83.77,9.329,6/10/2024
-111.7106094,33.08174854,Azule 1,TaskName 6/10/2024,Wheat (Durum),3115,6/10/2024,1,On,1293.8,40,0,1.947,2.832,13.58,270.22,12.14,12.52,7.06,1,751.45,4816,4816,80.27,80.27,9.362,6/10/2024
-111.7106187,33.08174856,Azule 1,TaskName 6/10/2024,Wheat (Durum),3116,6/10/2024,1,On,1293.9,40,0,1.879,2.835,12.94,270.16,12.02,12.12,6.96,1,726.93,4653.4,4653.4,77.56,77.56,9.373,6/10/2024
-111.7106281,33.08174855,Azule 1,TaskName 6/10/2024,Wheat (Durum),3117,6/10/2024,1,On,1293.9,40,0,1.935,2.888,13.98,270.27,12.62,12.09,6.9,1,725.65,4560.8,4560.8,76.01,76.01,9.546,6/10/2024
-111.7106375,33.08174859,Azule 1,TaskName 6/10/2024,Wheat (Durum),3118,6/10/2024,1.001,On,1293.9,40,0,1.943,2.855,13.94,270.23,12.74,12.61,6.9,1,756.76,4815.8,4815.8,80.26,80.26,9.428,6/10/2024
-111.7106469,33.08174858,Azule 1,TaskName 6/10/2024,Wheat (Durum),3119,6/10/2024,0.999,On,1293.9,40,0,1.945,2.891,12.63,270.21,12.39,12.7,6.9,1,762.1,4779.7,4779.7,79.66,79.66,9.567,6/10/2024
-111.7106561,33.08174868,Azule 1,TaskName 6/10/2024,Wheat (Durum),3120,6/10/2024,1,On,1293.9,40,0,1.988,2.812,14.03,270.41,12.77,12.46,6.9,1,747.42,4823.8,4823.8,80.4,80.4,9.297,6/10/2024
-111.7106655,33.08174868,Azule 1,TaskName 6/10/2024,Wheat (Durum),3121,6/10/2024,1,On,1293.9,40,0,1.906,2.891,13.94,270.34,13.1,12.74,6.858,1,764.59,4800.3,4800.3,80,80,9.557,6/10/2024
-111.7106748,33.08174891,Azule 1,TaskName 6/10/2024,Wheat (Durum),3122,6/10/2024,1,On,1293.9,40,0,1.935,2.829,13.58,270.58,12.68,13.12,6.839,1,787.36,5052.2,5052.2,84.2,84.2,9.351,6/10/2024
-111.7106841,33.081749,Azule 1,TaskName 6/10/2024,Wheat (Durum),3123,6/10/2024,1,On,1293.9,40,0,1.962,2.835,12.08,270.51,11.78,12.57,6.939,1,753.98,4826.8,4826.8,80.45,80.45,9.372,6/10/2024
-111.7106934,33.08174911,Azule 1,TaskName 6/10/2024,Wheat (Durum),3124,6/10/2024,1,On,1293.9,40,0,1.934,2.855,14.09,270.64,12.89,11.9,7.04,1,713.95,4539,4539,75.65,75.65,9.437,6/10/2024
-111.7107026,33.08174906,Azule 1,TaskName 6/10/2024,Wheat (Durum),3125,6/10/2024,1,On,1293.9,40,0,1.959,2.819,14.41,270.44,12.99,12.87,7.1,1,772.17,4972,4972,82.87,82.87,9.318,6/10/2024
-111.710712,33.0817489,Azule 1,TaskName 6/10/2024,Wheat (Durum),3126,6/10/2024,1,On,1293.9,40,0,1.935,2.868,12.89,270.1,13.17,13.07,7.141,1,784.22,4963,4963,82.72,82.72,9.481,6/10/2024
-111.7107212,33.08174874,Azule 1,TaskName 6/10/2024,Wheat (Durum),3127,6/10/2024,1,On,1294,40,0,1.918,2.819,13.49,269.89,12.42,13.07,7.24,1,784.38,5050.7,5050.7,84.18,84.18,9.318,6/10/2024
-111.7107305,33.08174857,Azule 1,TaskName 6/10/2024,Wheat (Durum),3128,6/10/2024,1,On,1293.9,40,0,1.958,2.855,12.56,269.68,12.81,12.47,7.3,1,747.96,4755.3,4755.3,79.25,79.25,9.437,6/10/2024
-111.7107399,33.08174839,Azule 1,TaskName 6/10/2024,Wheat (Durum),3129,6/10/2024,0.996,On,1293.9,40,0,1.931,2.858,13.62,269.58,12.75,12.79,7.259,1,767.64,4855.3,4855.3,80.92,80.92,9.486,6/10/2024
-111.7107491,33.08174824,Azule 1,TaskName 6/10/2024,Wheat (Durum),3130,6/10/2024,0.999,On,1293.9,40,0,1.969,2.835,12.48,269.57,13.05,12.76,7.16,1,765.82,4897.7,4897.7,81.63,81.63,9.382,6/10/2024
-111.7107584,33.08174841,Azule 1,TaskName 6/10/2024,Wheat (Durum),3131,6/10/2024,1.005,On,1293.9,40,0,1.932,2.822,13.81,269.79,13.4,13.08,7.059,1,785.08,5074.5,5074.5,84.57,84.57,9.283,6/10/2024
-111.7107678,33.08174841,Azule 1,TaskName 6/10/2024,Wheat (Durum),3132,6/10/2024,1,On,1293.8,40,0,1.96,2.884,13.71,269.95,13.15,13.41,7,1,804.83,5064.4,5064.4,84.41,84.41,9.535,6/10/2024
-111.7107769,33.08174847,Azule 1,TaskName 6/10/2024,Wheat (Durum),3133,6/10/2024,1,On,1293.8,40,0,1.937,2.789,14.07,269.96,12.27,13.09,7,1,785.23,5109.6,5109.6,85.16,85.16,9.221,6/10/2024
-111.7107864,33.08174861,Azule 1,TaskName 6/10/2024,Wheat (Durum),3134,6/10/2024,0.995,On,1293.9,40,0,1.926,2.904,14.25,270.03,12.21,12.3,7,1,738.29,4591.1,4591.1,76.52,76.52,9.648,6/10/2024
-111.7107956,33.08174873,Azule 1,TaskName 6/10/2024,Wheat (Durum),3135,6/10/2024,1.006,On,1293.9,40,0,1.915,2.825,12.66,270.1,12.67,12.16,7,1,729.74,4716,4716,78.6,78.6,9.284,6/10/2024
-111.7108049,33.08174868,Azule 1,TaskName 6/10/2024,Wheat (Durum),3136,6/10/2024,0.994,On,1293.9,40,0,1.948,2.819,13.82,269.94,13.8,12.8,7,1,767.87,4914.7,4914.7,81.91,81.91,9.374,6/10/2024
-111.7108143,33.08174868,Azule 1,TaskName 6/10/2024,Wheat (Durum),3137,6/10/2024,1.005,On,1293.9,40,0,1.917,2.875,13.97,270.08,13.67,13.77,7,1,826.38,5243.9,5243.9,87.4,87.4,9.455,6/10/2024
-111.7108235,33.08174865,Azule 1,TaskName 6/10/2024,Wheat (Durum),3138,6/10/2024,1,On,1293.9,40,0,1.981,2.832,13.67,269.98,13.05,13.7,7,1,821.98,5268.2,5268.2,87.8,87.8,9.362,6/10/2024
-111.710833,33.08174871,Azule 1,TaskName 6/10/2024,Wheat (Durum),3139,6/10/2024,1,On,1293.9,40,0,1.927,2.897,14.53,270.02,12.36,12.94,7,1,776.28,4862.7,4862.7,81.04,81.04,9.578,6/10/2024
-111.7108423,33.08174877,Azule 1,TaskName 6/10/2024,Wheat (Durum),3140,6/10/2024,0.995,On,1293.9,40,0,1.947,2.848,13.76,269.99,12.32,12.37,7,1,742.18,4705.7,4705.7,78.43,78.43,9.463,6/10/2024
-111.7108516,33.08174846,Azule 1,TaskName 6/10/2024,Wheat (Durum),3141,6/10/2024,1,On,1294,40,0,1.938,2.838,13.03,269.58,12.84,12.4,7,1,744.14,4758.3,4758.3,79.31,79.31,9.383,6/10/2024
-111.7108609,33.08174842,Azule 1,TaskName 6/10/2024,Wheat (Durum),3142,6/10/2024,1,On,1293.9,40,0,1.945,2.858,12.69,269.76,13.17,12.82,7,1,769.23,4884.9,4884.9,81.41,81.41,9.448,6/10/2024
-111.7108702,33.08174848,Azule 1,TaskName 6/10/2024,Wheat (Durum),3143,6/10/2024,1,On,1293.9,40,0,1.982,2.822,15.2,270.03,13.89,13.26,7,1,795.31,5115.1,5115.1,85.25,85.25,9.329,6/10/2024
-111.7108795,33.08174851,Azule 1,TaskName 6/10/2024,Wheat (Durum),3144,6/10/2024,1.001,On,1294,40,0,1.897,2.855,15.73,270.05,13.61,13.8,6.958,1,828.19,5270.6,5270.6,87.84,87.84,9.428,6/10/2024
-111.7108887,33.08174847,Azule 1,TaskName 6/10/2024,Wheat (Durum),3145,6/10/2024,0.999,On,1294,40,0,1.92,2.819,12.69,269.95,13.99,13.71,6.9,1,822.66,5291.9,5291.9,88.2,88.2,9.327,6/10/2024
-111.7108981,33.08174833,Azule 1,TaskName 6/10/2024,Wheat (Durum),3146,6/10/2024,1.001,On,1293.9,40,0,1.961,2.871,13.19,269.93,13.1,13.92,6.939,1,835.21,5284.9,5284.9,88.08,88.08,9.482,6/10/2024
-111.7109074,33.08174838,Azule 1,TaskName 6/10/2024,Wheat (Durum),3147,6/10/2024,1.004,On,1293.9,40,0,1.89,2.858,12.47,270.03,12.67,13.1,7,1,785.73,5009.6,5009.6,83.49,83.49,9.411,6/10/2024
-111.7109166,33.08174832,Azule 1,TaskName 6/10/2024,Wheat (Durum),3148,6/10/2024,0.995,On,1293.9,40,0,1.952,2.809,14.37,270.12,11.96,12.59,7.04,1,755.13,4854.9,4854.9,80.92,80.92,9.332,6/10/2024
-111.7109258,33.08174844,Azule 1,TaskName 6/10/2024,Wheat (Durum),3149,6/10/2024,1,On,1293.9,40,0,1.993,2.809,16.07,270.25,12.52,11.97,7.1,1,718.39,4642,4642,77.37,77.37,9.286,6/10/2024
-111.7109353,33.08174864,Azule 1,TaskName 6/10/2024,Wheat (Durum),3150,6/10/2024,1.001,On,1293.9,40,0,1.946,2.902,14.07,270.41,13.39,12.58,7.1,1,754.56,4724.3,4724.3,78.74,78.74,9.583,6/10/2024
-111.7109445,33.08174879,Azule 1,TaskName 6/10/2024,Wheat (Durum),3151,6/10/2024,0.999,On,1293.9,40,0,1.942,2.814,14.06,270.45,13.68,13.46,7.06,1,807.6,5203.9,5203.9,86.73,86.73,9.311,6/10/2024
-111.7109538,33.08174879,Azule 1,TaskName 6/10/2024,Wheat (Durum),3152,6/10/2024,1,On,1293.9,40,0,1.927,2.853,13.5,270.5,13.28,13.62,6.96,1,817.43,5199.7,5199.7,86.66,86.66,9.432,6/10/2024
-111.7109631,33.08174885,Azule 1,TaskName 6/10/2024,Wheat (Durum),3153,6/10/2024,1,On,1293.9,40,0,1.926,2.847,13.47,270.53,13.46,13.32,6.9,1,799.35,5096.5,5096.5,84.94,84.94,9.411,6/10/2024
-111.7109725,33.08174896,Azule 1,TaskName 6/10/2024,Wheat (Durum),3154,6/10/2024,1,On,1293.9,40,0,1.969,2.889,13.31,270.56,13.18,13.49,6.86,1,809.47,5084.8,5084.8,84.75,84.75,9.552,6/10/2024
-111.7109819,33.08174879,Azule 1,TaskName 6/10/2024,Wheat (Durum),3155,6/10/2024,1,On,1294,40,0,1.922,2.853,12.75,270.33,12.81,13.08,6.8,1,784.6,4990.9,4990.9,83.18,83.18,9.432,6/10/2024
-111.7109911,33.08174873,Azule 1,TaskName 6/10/2024,Wheat (Durum),3156,6/10/2024,1,On,1293.9,40,0,1.949,2.83,14.08,270.33,13.04,12.8,6.8,1,768.02,4925.1,4925.1,82.09,82.09,9.356,6/10/2024
-111.7110004,33.08174876,Azule 1,TaskName 6/10/2024,Wheat (Durum),3157,6/10/2024,1.001,On,1293.9,40,0,1.971,2.843,14.75,270.16,13.96,13.11,6.8,1,786.64,5026.2,5026.2,83.77,83.77,9.39,6/10/2024
-111.7110098,33.08174866,Azule 1,TaskName 6/10/2024,Wheat (Durum),3158,6/10/2024,0.999,On,1294,40,0,1.904,2.88,13.44,270.01,14.26,14.01,6.8,1,840.4,5291.9,5291.9,88.2,88.2,9.529,6/10/2024
-111.711019,33.08174853,Azule 1,TaskName 6/10/2024,Wheat (Durum),3159,6/10/2024,1,On,1294,40,0,1.917,2.811,13.52,269.94,13.85,14.22,6.8,1,853.5,5511.6,5511.6,91.86,91.86,9.291,6/10/2024
-111.7110283,33.08174849,Azule 1,TaskName 6/10/2024,Wheat (Durum),3160,6/10/2024,1,On,1294.1,40,0,1.905,2.866,13.62,269.98,13.57,13.91,6.8,1,834.41,5283.5,5283.5,88.06,88.06,9.476,6/10/2024
-111.7110376,33.08174851,Azule 1,TaskName 6/10/2024,Wheat (Durum),3161,6/10/2024,1,On,1294.1,40,0,1.914,2.834,13.14,270.12,12.74,13.43,6.8,1,805.9,5162.1,5162.1,86.03,86.03,9.367,6/10/2024
-111.7110469,33.08174857,Azule 1,TaskName 6/10/2024,Wheat (Durum),3162,6/10/2024,0.995,On,1294,40,0,1.988,2.834,14.16,270.21,13.26,12.83,6.8,1,769.96,4907.2,4907.2,81.79,81.79,9.414,6/10/2024
-111.7110562,33.08174885,Azule 1,TaskName 6/10/2024,Wheat (Durum),3163,6/10/2024,1,On,1294,40,0,1.953,2.866,15.69,270.48,14.32,13.22,6.8,1,793.12,5022,5022,83.7,83.7,9.476,6/10/2024
-111.7110655,33.08174881,Azule 1,TaskName 6/10/2024,Wheat (Durum),3164,6/10/2024,1.005,On,1293.9,40,0,1.97,2.837,14.24,270.43,15.45,14.57,6.839,1,874.16,5620.7,5620.7,93.68,93.68,9.331,6/10/2024
-111.7110748,33.0817487,Azule 1,TaskName 6/10/2024,Wheat (Durum),3165,6/10/2024,1.001,On,1294,40,0,1.93,2.847,14.45,270.19,13.39,15.16,6.941,1,909.74,5806.1,5806.1,96.77,96.77,9.401,6/10/2024
-111.7110841,33.08174861,Azule 1,TaskName 6/10/2024,Wheat (Durum),3166,6/10/2024,0.995,On,1294,40,0,1.914,2.847,13.44,269.93,13.24,13.46,7.04,1,807.42,5122.2,5122.2,85.37,85.37,9.458,6/10/2024
-111.7110934,33.0817486,Azule 1,TaskName 6/10/2024,Wheat (Durum),3167,6/10/2024,1.004,On,1294,40,0,1.929,2.834,14.52,269.92,13.09,13.14,7.1,1,788.21,5068.9,5068.9,84.48,84.48,9.33,6/10/2024
-111.7111027,33.08174858,Azule 1,TaskName 6/10/2024,Wheat (Durum),3168,6/10/2024,1,On,1294,40,0,1.919,2.86,13.81,269.93,14,13.27,7.1,1,796.37,5054.2,5054.2,84.24,84.24,9.454,6/10/2024
-111.7111119,33.0817486,Azule 1,TaskName 6/10/2024,Wheat (Durum),3169,6/10/2024,1,On,1293.9,40,0,1.993,2.83,13.01,269.91,12.99,13.88,7.138,1,832.85,5340.8,5340.8,89.01,89.01,9.356,6/10/2024
-111.7111214,33.08174866,Azule 1,TaskName 6/10/2024,Wheat (Durum),3170,6/10/2024,0.996,On,1293.9,40,0,1.992,2.886,13.82,269.95,12.43,12.99,7.2,1,779.36,4881.6,4881.6,81.36,81.36,9.579,6/10/2024
-111.7111307,33.08174857,Azule 1,TaskName 6/10/2024,Wheat (Durum),3171,6/10/2024,1,On,1293.9,40,0,1.938,2.85,14.39,269.89,12.24,12.35,7.2,1,740.73,4717.3,4717.3,78.62,78.62,9.421,6/10/2024
-111.71114,33.0817485,Azule 1,TaskName 6/10/2024,Wheat (Durum),3172,6/10/2024,1,On,1293.9,40,0,1.95,2.863,13.49,269.84,12.64,12.33,7.24,1,739.95,4690.7,4690.7,78.18,78.18,9.465,6/10/2024
-111.7111494,33.08174857,Azule 1,TaskName 6/10/2024,Wheat (Durum),3173,6/10/2024,1,On,1294,40,0,1.944,2.866,12.9,269.95,12.77,12.57,7.3,1,753.97,4774.1,4774.1,79.57,79.57,9.476,6/10/2024
-111.7111587,33.0817485,Azule 1,TaskName 6/10/2024,Wheat (Durum),3174,6/10/2024,1,On,1294,40,0,1.918,2.857,13.65,270.02,13.53,12.83,7.3,1,769.95,4892.1,4892.1,81.54,81.54,9.443,6/10/2024
-111.7111681,33.08174864,Azule 1,TaskName 6/10/2024,Wheat (Durum),3175,6/10/2024,1.004,On,1294,40,0,1.953,2.857,12.76,270.23,14.08,13.63,7.26,1,817.81,5217,5217,86.95,86.95,9.406,6/10/2024
-111.7111773,33.08174871,Azule 1,TaskName 6/10/2024,Wheat (Durum),3176,6/10/2024,0.996,On,1294,40,0,1.916,2.83,15.21,270.27,13.61,14.01,7.16,1,840.81,5370.3,5370.3,89.51,89.51,9.394,6/10/2024
-111.7111867,33.08174887,Azule 1,TaskName 6/10/2024,Wheat (Durum),3177,6/10/2024,1.004,On,1294,40,0,1.926,2.883,13.75,270.43,13.41,13.63,7.06,1,817.85,5169.8,5169.8,86.16,86.16,9.492,6/10/2024
-111.7111959,33.08174897,Azule 1,TaskName 6/10/2024,Wheat (Durum),3178,6/10/2024,1,On,1294,40,0,1.947,2.817,12.6,270.38,13.87,13.45,6.96,1,807.3,5201.1,5201.1,86.68,86.68,9.313,6/10/2024
-111.7112053,33.08174881,Azule 1,TaskName 6/10/2024,Wheat (Durum),3179,6/10/2024,0.995,On,1294,40,0,1.948,2.876,12.3,270.01,13.59,13.8,6.9,1,827.8,5197.6,5197.6,86.63,86.63,9.556,6/10/2024
-111.7112145,33.08174867,Azule 1,TaskName 6/10/2024,Wheat (Durum),3180,6/10/2024,1,On,1294,40,0,1.945,2.805,12.97,269.88,13.37,13.61,6.9,1,816.62,5284.3,5284.3,88.07,88.07,9.272,6/10/2024
-111.7112238,33.08174859,Azule 1,TaskName 6/10/2024,Wheat (Durum),3181,6/10/2024,1.005,On,1294,40,0,1.944,2.858,17.71,269.74,13.17,13.42,6.9,1,805.07,5138.4,5138.4,85.64,85.64,9.401,6/10/2024
-111.7112332,33.08174853,Azule 1,TaskName 6/10/2024,Wheat (Durum),3182,6/10/2024,0.995,On,1294,40,0,1.955,2.868,13.78,269.79,12.47,13.06,6.86,1,783.35,4933.1,4933.1,82.22,82.22,9.528,6/10/2024
-111.7112426,33.08174849,Azule 1,TaskName 6/10/2024,Wheat (Durum),3183,6/10/2024,1,On,1294.1,40,0,1.95,2.878,13.72,269.74,12.78,12.55,6.8,1,752.82,4748.3,4748.3,79.14,79.14,9.513,6/10/2024
-111.7112519,33.08174832,Azule 1,TaskName 6/10/2024,Wheat (Durum),3184,6/10/2024,1,On,1294.1,40,0,1.931,2.841,13.51,269.56,11.91,12.67,6.761,1,759.96,4854.2,4854.2,80.9,80.9,9.393,6/10/2024
-111.7112612,33.08174826,Azule 1,TaskName 6/10/2024,Wheat (Durum),3185,6/10/2024,1.001,On,1294.1,40,0,1.931,2.861,13.7,269.55,12.08,11.99,6.74,1,719.38,4568,4568,76.13,76.13,9.449,6/10/2024
-111.7112705,33.08174835,Azule 1,TaskName 6/10/2024,Wheat (Durum),3186,6/10/2024,0.999,On,1294,40,0,1.994,2.848,13.51,269.82,11.93,11.98,6.839,1,718.86,4576.6,4576.6,76.28,76.28,9.424,6/10/2024
-111.71128,33.08174839,Azule 1,TaskName 6/10/2024,Wheat (Durum),3187,6/10/2024,1,On,1294,40,0,1.937,2.897,13.35,270.05,13.51,12.07,6.941,1,724.08,4536.1,4536.1,75.6,75.6,9.578,6/10/2024
-111.7112893,33.08174875,Azule 1,TaskName 6/10/2024,Wheat (Durum),3188,6/10/2024,1,On,1294,40,0,1.967,2.841,13.2,270.37,13.43,13.5,7.039,1,810.14,5174.8,5174.8,86.25,86.25,9.393,6/10/2024
-111.7112985,33.08174854,Azule 1,TaskName 6/10/2024,Wheat (Durum),3189,6/10/2024,1,On,1294,40,0,1.935,2.822,14.06,269.91,13.44,13.51,7.14,1,810.35,5212.2,5212.2,86.87,86.87,9.328,6/10/2024
-111.711308,33.08174838,Azule 1,TaskName 6/10/2024,Wheat (Durum),3190,6/10/2024,1,On,1294,40,0,1.965,2.904,12.24,269.77,13.43,13.42,7.2,1,805,5031.6,5031.6,83.86,83.86,9.599,6/10/2024
-111.7113172,33.08174828,Azule 1,TaskName 6/10/2024,Wheat (Durum),3191,6/10/2024,1,On,1293.9,40,0,1.944,2.832,13.06,269.77,14.37,13.52,7.2,1,811.02,5198.4,5198.4,86.64,86.64,9.361,6/10/2024
-111.7113265,33.08174842,Azule 1,TaskName 6/10/2024,Wheat (Durum),3192,6/10/2024,1,On,1293.9,40,0,1.955,2.851,13.08,270.05,14.66,14.41,7.161,1,864.44,5502.6,5502.6,91.71,91.71,9.426,6/10/2024
-111.7113358,33.08174871,Azule 1,TaskName 6/10/2024,Wheat (Durum),3193,6/10/2024,1,On,1293.9,40,0,1.957,2.838,13.11,270.39,14.18,14.59,7.1,1,875.15,5596.5,5596.5,93.27,93.27,9.382,6/10/2024
-111.711345,33.08174869,Azule 1,TaskName 6/10/2024,Wheat (Durum),3194,6/10/2024,1,On,1293.9,40,0,1.946,2.825,14.73,270.3,13.65,14.19,7.14,1,851.32,5469.4,5469.4,91.16,91.16,9.339,6/10/2024
-111.7113543,33.08174883,Azule 1,TaskName 6/10/2024,Wheat (Durum),3195,6/10/2024,1,On,1294,40,0,1.903,2.845,17.05,270.26,13.67,13.66,7.2,1,819.35,5227.6,5227.6,87.13,87.13,9.404,6/10/2024
-111.7113636,33.08174871,Azule 1,TaskName 6/10/2024,Wheat (Durum),3196,6/10/2024,1,On,1294.1,40,0,1.937,2.828,14.31,270.08,13.34,13.66,7.239,1,819.44,5258.4,5258.4,87.64,87.64,9.35,6/10/2024
-111.711373,33.08174869,Azule 1,TaskName 6/10/2024,Wheat (Durum),3197,6/10/2024,1,On,1294.1,40,0,1.886,2.887,12.72,270.18,12.92,13.28,7.341,1,796.54,5007,5007,83.45,83.45,9.545,6/10/2024
-111.711382,33.08174875,Azule 1,TaskName 6/10/2024,Wheat (Durum),3198,6/10/2024,1,On,1294.2,40,0,1.901,2.766,18.59,270.19,13.49,13,7.361,1,780.07,5118.6,5118.6,85.31,85.31,9.144,6/10/2024
-111.7113914,33.08174871,Azule 1,TaskName 6/10/2024,Wheat (Durum),3199,6/10/2024,1,On,1294.1,40,0,1.938,2.881,14.74,270.11,14.02,13.49,7.3,1,809.61,5100.7,5100.7,85.01,85.01,9.523,6/10/2024
-111.7114007,33.0817488,Azule 1,TaskName 6/10/2024,Wheat (Durum),3200,6/10/2024,0.996,On,1294.1,40,0,1.967,2.845,14.92,270.19,14.08,14.09,7.259,1,845.34,5371.8,5371.8,89.53,89.53,9.442,6/10/2024
-111.7114099,33.08174871,Azule 1,TaskName 6/10/2024,Wheat (Durum),3201,6/10/2024,1.004,On,1294,40,0,1.95,2.819,13.42,269.94,13.8,13.99,7.159,1,839.22,5425.8,5425.8,90.43,90.43,9.28,6/10/2024
-111.7114191,33.08174851,Azule 1,TaskName 6/10/2024,Wheat (Durum),3202,6/10/2024,1,On,1294.1,40,0,1.918,2.815,13.29,269.77,14.04,13.89,7.06,1,833.51,5373.7,5373.7,89.56,89.56,9.307,6/10/2024
-111.7114285,33.08174852,Azule 1,TaskName 6/10/2024,Wheat (Durum),3203,6/10/2024,0.996,On,1294.1,40,0,1.95,2.887,12.42,269.7,13.7,14,7,1,839.97,5258.9,5258.9,87.65,87.65,9.584,6/10/2024
-111.7114378,33.08174835,Azule 1,TaskName 6/10/2024,Wheat (Durum),3204,6/10/2024,1.004,On,1294,40,0,1.932,2.838,13.03,269.66,13.5,13.66,7,1,819.32,5260.4,5260.4,87.67,87.67,9.345,6/10/2024
-111.7114472,33.08174848,Azule 1,TaskName 6/10/2024,Wheat (Durum),3205,6/10/2024,1,On,1294,40,0,1.967,2.881,13.64,269.88,13.46,13.52,7,1,811.44,5112.2,5112.2,85.2,85.2,9.523,6/10/2024
-111.7114564,33.0817485,Azule 1,TaskName 6/10/2024,Wheat (Durum),3206,6/10/2024,0.995,On,1293.9,40,0,1.981,2.825,15.67,269.85,13.65,13.52,7,1,811.04,5184.6,5184.6,86.41,86.41,9.386,6/10/2024
-111.7114658,33.08174867,Azule 1,TaskName 6/10/2024,Wheat (Durum),3207,6/10/2024,1.006,On,1293.9,40,0,1.969,2.864,14.17,270.08,13.43,13.59,7,1,815.26,5196.8,5196.8,86.61,86.61,9.413,6/10/2024
-111.7114752,33.08174868,Azule 1,TaskName 6/10/2024,Wheat (Durum),3208,6/10/2024,0.999,On,1293.9,40,0,1.918,2.868,14.05,270.03,14.11,13.46,7.041,1,807.57,5106.1,5106.1,85.1,85.1,9.49,6/10/2024
-111.7114845,33.0817487,Azule 1,TaskName 6/10/2024,Wheat (Durum),3209,6/10/2024,0.996,On,1294,40,0,1.937,2.864,13.31,270.07,14.35,14.17,7.1,1,850.27,5366,5366,89.43,89.43,9.507,6/10/2024
-111.7114939,33.08174879,Azule 1,TaskName 6/10/2024,Wheat (Durum),3210,6/10/2024,1.004,On,1294,40,0,1.918,2.863,14.36,270.03,14.19,14.32,7.1,1,858.93,5467.6,5467.6,91.13,91.13,9.426,6/10/2024
-111.7115031,33.08174856,Azule 1,TaskName 6/10/2024,Wheat (Durum),3211,6/10/2024,0.995,On,1294.1,40,0,1.939,2.816,13.95,269.73,13.62,14.14,7.1,1,848.32,5441.2,5441.2,90.69,90.69,9.354,6/10/2024
-111.7115124,33.08174848,Azule 1,TaskName 6/10/2024,Wheat (Durum),3212,6/10/2024,1,On,1294.1,40,0,1.923,2.861,13.63,269.73,13.73,13.7,7.1,1,822.06,5214.3,5214.3,86.9,86.9,9.459,6/10/2024
-111.7115217,33.08174848,Azule 1,TaskName 6/10/2024,Wheat (Durum),3213,6/10/2024,1.005,On,1294.1,40,0,1.949,2.855,14.39,269.88,13.48,13.7,7.1,1,821.72,5250.2,5250.2,87.5,87.5,9.391,6/10/2024
-111.7115311,33.08174852,Azule 1,TaskName 6/10/2024,Wheat (Durum),3214,6/10/2024,1,On,1294,40,0,1.94,2.848,13.19,270.02,13.54,13.42,7.06,1,805.03,5129.8,5129.8,85.5,85.5,9.416,6/10/2024
-111.7115402,33.08174853,Azule 1,TaskName 6/10/2024,Wheat (Durum),3215,6/10/2024,0.995,On,1294.1,40,0,1.873,2.802,16.16,270.02,14.38,13.66,6.959,1,819.49,5281,5281,88.02,88.02,9.311,6/10/2024
-111.7115495,33.08174837,Azule 1,TaskName 6/10/2024,Wheat (Durum),3216,6/10/2024,1.005,On,1294.1,40,0,1.962,2.858,13.87,269.69,14.63,14.36,6.861,1,861.52,5498.2,5498.2,91.64,91.64,9.402,6/10/2024
-111.7115588,33.08174825,Azule 1,TaskName 6/10/2024,Wheat (Durum),3217,6/10/2024,1,On,1294,40,0,1.945,2.835,15.12,269.7,14.37,14.68,6.8,1,880.63,5637.5,5637.5,93.96,93.96,9.373,6/10/2024
-111.7115682,33.08174841,Azule 1,TaskName 6/10/2024,Wheat (Durum),3218,6/10/2024,0.995,On,1294,40,0,1.951,2.875,14.86,270.06,14,14.32,6.8,1,859.33,5398.6,5398.6,89.98,89.98,9.55,6/10/2024
-111.7115775,33.08174868,Azule 1,TaskName 6/10/2024,Wheat (Durum),3219,6/10/2024,1,On,1294,40,0,1.972,2.835,13.48,270.16,14.55,14.01,6.8,1,840.43,5380.2,5380.2,89.67,89.67,9.373,6/10/2024
-111.7115869,33.08174872,Azule 1,TaskName 6/10/2024,Wheat (Durum),3220,6/10/2024,1.001,On,1294.1,40,0,1.936,2.878,14.82,270.09,15.42,14.68,6.841,1,880.59,5559.2,5559.2,92.65,92.65,9.504,6/10/2024
-111.7115961,33.08174847,Azule 1,TaskName 6/10/2024,Wheat (Durum),3221,6/10/2024,0.999,On,1294.1,40,0,1.965,2.832,12.85,269.81,15.36,15.32,6.861,1,918.93,5883.6,5883.6,98.06,98.06,9.371,6/10/2024
-111.7116054,33.08174844,Azule 1,TaskName 6/10/2024,Wheat (Durum),3222,6/10/2024,1.005,On,1294.1,40,0,1.924,2.839,14.83,269.82,15.62,15.44,6.8,1,926.51,5953.9,5953.9,99.23,99.23,9.337,6/10/2024
-111.7116147,33.08174846,Azule 1,TaskName 6/10/2024,Wheat (Durum),3223,6/10/2024,0.995,On,1294.1,40,0,1.914,2.829,14,269.92,13.38,15.54,6.8,1,932.29,5952.1,5952.1,99.2,99.2,9.398,6/10/2024
-111.711624,33.08174854,Azule 1,TaskName 6/10/2024,Wheat (Durum),3224,6/10/2024,1,On,1294.1,40,0,1.929,2.855,14.1,270.09,11.72,13.15,6.8,1,789.07,5016.5,5016.5,83.61,83.61,9.438,6/10/2024
-111.7116332,33.08174861,Azule 1,TaskName 6/10/2024,Wheat (Durum),3225,6/10/2024,1,On,1294.2,40,0,1.873,2.822,13.84,270.09,13.69,11.99,6.8,1,719.55,4627.7,4627.7,77.13,77.13,9.329,6/10/2024
-111.7116426,33.0817486,Azule 1,TaskName 6/10/2024,Wheat (Durum),3226,6/10/2024,1,On,1294.1,40,0,1.975,2.865,14.19,270.09,13.26,13.68,6.8,1,820.78,5200.2,5200.2,86.67,86.67,9.47,6/10/2024
-111.7116519,33.08174861,Azule 1,TaskName 6/10/2024,Wheat (Durum),3227,6/10/2024,1,On,1294.1,40,0,1.96,2.832,13.75,270.09,10.74,13.19,6.8,1,791.67,5073.9,5073.9,84.56,84.56,9.362,6/10/2024
-111.7116611,33.08174851,Azule 1,TaskName 6/10/2024,Wheat (Durum),3228,6/10/2024,1,On,1294.1,40,0,1.936,2.816,16.37,270.02,6.63,10.32,6.8,1,619.22,3991.8,3991.8,66.53,66.53,9.308,6/10/2024
-111.7116798,33.08174872,Azule 1,TaskName 6/10/2024,Wheat (Durum),3230,6/10/2024,1.001,On,1294.1,13.51,8.27,1.916,2.891,13.75,270.12,3.415,5.235,6.8,1,314.1,5845.5,5845.5,97.43,97.43,3.224,6/10/2024
-111.7116734,33.08216005,Azule 1,TaskName 6/10/2024,Wheat (Durum),3232,6/10/2024,1.004,On,1293.8,25.52,7.26,0.767,1.127,7.763,75.64,4.865,4.085,7.8,2,245.1,6213.5,6213.5,103.56,103.56,2.367,6/10/2024
-111.7116704,33.0821613,Azule 1,TaskName 6/10/2024,Wheat (Durum),3233,6/10/2024,0.996,On,1293.9,29.03,5.505,0.672,1.028,7.927,74.44,5.507,4.881,7.8,2,292.86,7095.1,7095.1,118.25,118.25,2.477,6/10/2024
-111.7116671,33.08216214,Azule 1,TaskName 6/10/2024,Wheat (Durum),3234,6/10/2024,1.004,On,1293.9,33.02,3.502,0.675,1.041,8.013,74.2,6.208,5.584,7.8,2,335.03,7102.6,7102.6,118.38,118.38,2.83,6/10/2024
-111.7116639,33.0821631,Azule 1,TaskName 6/10/2024,Wheat (Durum),3235,6/10/2024,0.996,On,1293.9,36.51,1.75,0.73,1.041,8.107,73.83,6.461,6.241,7.721,2,374.43,7121.8,7121.8,118.7,118.7,3.155,6/10/2024
-111.7116607,33.08216438,Azule 1,TaskName 6/10/2024,Wheat (Durum),3236,6/10/2024,1.004,On,1294,38.01,1,0.708,1.074,8.998,72.7,7.046,6.443,7.7,2,386.57,6902.4,6902.4,115.04,115.04,3.36,6/10/2024
-111.7116571,33.08216572,Azule 1,TaskName 6/10/2024,Wheat (Durum),3237,6/10/2024,0.996,On,1293.9,38.5,0.75,0.75,1.186,8.418,71.89,6.522,7.132,7.7,2,427.92,6778,6778,112.97,112.97,3.788,6/10/2024
-111.7116536,33.08216719,Azule 1,TaskName 6/10/2024,Wheat (Durum),3238,6/10/2024,1.004,On,1294,38.01,1,0.761,1.182,8.433,71.08,6.908,6.413,7.7,2,384.78,6241.4,6241.4,104.02,104.02,3.699,6/10/2024
-111.7116501,33.08216857,Azule 1,TaskName 6/10/2024,Wheat (Durum),3239,6/10/2024,0.996,On,1294,37.51,1.25,0.767,1.173,9.311,70.41,7.052,6.98,7.7,2,418.78,6885.8,6885.8,114.76,114.76,3.649,6/10/2024
-111.7116466,33.08216986,Azule 1,TaskName 6/10/2024,Wheat (Durum),3240,6/10/2024,1.004,On,1294,37.51,1.25,0.77,1.175,9.293,69.81,7.982,7.042,7.541,2,422.52,6986.5,6986.5,116.44,116.44,3.629,6/10/2024
-111.7116432,33.08217108,Azule 1,TaskName 6/10/2024,Wheat (Durum),3241,6/10/2024,0.996,On,1294,37.01,1.5,0.758,1.133,8.742,69.44,7.864,8.109,7.339,2,486.54,8393,8393,139.88,139.88,3.478,6/10/2024
-111.7116396,33.0821728,Azule 1,TaskName 6/10/2024,Wheat (Durum),3242,6/10/2024,1,On,1294,36.01,2.001,0.841,1.261,10.16,68.61,7.629,7.764,7.136,2,465.86,7450.3,7450.3,124.17,124.17,3.752,6/10/2024
-111.7116359,33.08217404,Azule 1,TaskName 6/10/2024,Wheat (Durum),3243,6/10/2024,1,On,1294,35.51,2.251,0.849,1.225,9.78,68.46,7.476,7.663,6.942,2,459.77,7675.9,7675.9,127.93,127.93,3.594,6/10/2024
-111.711632,33.08217549,Azule 1,TaskName 6/10/2024,Wheat (Durum),3244,6/10/2024,1.004,On,1294,35.01,2.501,0.869,1.297,9.218,68.34,7.461,7.427,6.821,2,445.64,7154.6,7154.6,119.24,119.24,3.737,6/10/2024
-111.7116282,33.08217673,Azule 1,TaskName 6/10/2024,Wheat (Durum),3245,6/10/2024,1,On,1294,35.01,2.501,0.895,1.261,9.713,68.53,6.773,7.468,6.721,2,448.07,7370.1,7370.1,122.83,122.83,3.648,6/10/2024
-111.7116238,33.08217812,Azule 1,TaskName 6/10/2024,Wheat (Durum),3246,6/10/2024,1,On,1294,34.51,2.751,0.954,1.461,10.41,68.82,6.729,6.688,6.7,2,401.29,5778.6,5778.6,96.31,96.31,4.167,6/10/2024
-111.7116189,33.08217972,Azule 1,TaskName 6/10/2024,Wheat (Durum),3247,6/10/2024,0.996,On,1293.9,33.52,3.252,1.072,1.608,10.02,68.86,6.525,6.786,6.7,2,407.16,5461.4,5461.4,91.02,91.02,4.473,6/10/2024
-111.7116139,33.08218122,Azule 1,TaskName 6/10/2024,Wheat (Durum),3248,6/10/2024,1.004,On,1293.9,33.02,3.502,1.136,1.638,10.75,69.08,7.068,6.468,6.7,2,388.1,5230.8,5230.8,87.18,87.18,4.452,6/10/2024
-111.7116089,33.08218221,Azule 1,TaskName 6/10/2024,Wheat (Durum),3249,6/10/2024,0.996,On,1293.9,32.52,3.752,1.065,1.559,11.14,70,6.14,7.128,6.62,2,427.69,6099.3,6099.3,101.66,101.66,4.207,6/10/2024
-111.7116038,33.08218269,Azule 1,TaskName 6/10/2024,Wheat (Durum),3250,6/10/2024,1.004,On,1293.9,32.02,4.002,1.073,1.553,11.94,71.64,5.679,6.068,6.6,2,364.07,5337.7,5337.7,88.96,88.96,4.092,6/10/2024
-111.7115987,33.08218248,Azule 1,TaskName 6/10/2024,Wheat (Durum),3251,6/10/2024,0.996,On,1293.9,32.02,4.002,1.104,1.5,10.81,73.86,5.812,5.667,6.6,2,340,5118.2,5118.2,85.3,85.3,3.986,6/10/2024
-111.7115936,33.08218258,Azule 1,TaskName 6/10/2024,Wheat (Durum),3252,6/10/2024,1.004,On,1293.9,32.02,4.002,1.058,1.517,11.37,75.5,5.915,5.802,6.6,2,348.12,5225.3,5225.3,87.09,87.09,3.997,6/10/2024
-111.7115883,33.0821822,Azule 1,TaskName 6/10/2024,Wheat (Durum),3253,6/10/2024,0.996,On,1293.9,32.02,4.002,1.07,1.562,10.58,77.71,6.16,5.947,6.521,2,356.81,5156.9,5156.9,85.95,85.95,4.151,6/10/2024
-111.7115833,33.08218198,Azule 1,TaskName 6/10/2024,Wheat (Durum),3254,6/10/2024,1,On,1293.9,32.02,4.002,0.991,1.513,10.1,79.31,5.961,6.152,6.5,2,369.12,5530.5,5530.5,92.17,92.17,4.005,6/10/2024
-111.7115782,33.08218124,Azule 1,TaskName 6/10/2024,Wheat (Durum),3255,6/10/2024,1,On,1293.9,32.02,4.002,1.019,1.523,10.08,81.45,5.779,5.966,6.5,2,357.94,5328.3,5328.3,88.81,88.81,4.031,6/10/2024
-111.711573,33.08218043,Azule 1,TaskName 6/10/2024,Wheat (Durum),3256,6/10/2024,1,On,1293.9,32.52,3.752,1.067,1.549,9.634,83.63,5.829,5.77,6.5,2,346.23,4988.9,4988.9,83.15,83.15,4.164,6/10/2024
-111.7115679,33.08217939,Azule 1,TaskName 6/10/2024,Wheat (Durum),3257,6/10/2024,1,On,1293.9,32.52,3.752,1.046,1.562,10,85.86,6.035,5.839,6.419,2,350.33,5005.6,5005.6,83.43,83.43,4.199,6/10/2024
-111.7115627,33.08217827,Azule 1,TaskName 6/10/2024,Wheat (Durum),3258,6/10/2024,0.999,On,1293.9,33.02,3.502,1.056,1.576,9.303,87.95,5.823,6.059,6.4,2,363.53,5068.2,5068.2,84.47,84.47,4.304,6/10/2024
-111.7115577,33.08217736,Azule 1,TaskName 6/10/2024,Wheat (Durum),3259,6/10/2024,1.001,On,1293.9,33.52,3.252,1.038,1.536,9.43,89.54,6.358,5.79,6.32,2,347.37,4902.8,4902.8,81.71,81.71,4.251,6/10/2024
-111.7115528,33.0821763,Azule 1,TaskName 6/10/2024,Wheat (Durum),3260,6/10/2024,0.999,On,1293.9,34.02,3.001,1.048,1.53,9.654,91.22,6.153,6.452,6.3,2,387.09,5395.7,5395.7,89.93,89.93,4.304,6/10/2024
-111.7115478,33.08217532,Azule 1,TaskName 6/10/2024,Wheat (Durum),3261,6/10/2024,1,On,1293.8,34.51,2.751,1.056,1.549,10.2,92.53,6.493,6.074,6.22,2,364.42,4947.6,4947.6,82.46,82.46,4.419,6/10/2024
-111.7115429,33.08217422,Azule 1,TaskName 6/10/2024,Wheat (Durum),3262,6/10/2024,1,On,1293.8,35.01,2.501,1.058,1.536,9.461,93.82,6.554,6.584,6.12,2,395.06,5332.4,5332.4,88.87,88.87,4.445,6/10/2024
-111.711538,33.08217345,Azule 1,TaskName 6/10/2024,Wheat (Durum),3263,6/10/2024,1,On,1293.8,35.51,2.251,1.036,1.526,9.615,94.41,6.93,6.498,6.1,2,389.91,5222.3,5222.3,87.04,87.04,4.48,6/10/2024
-111.7115329,33.0821728,Azule 1,TaskName 6/10/2024,Wheat (Durum),3264,6/10/2024,1,On,1293.9,35.51,2.251,1.029,1.576,9.661,94.9,6.74,6.985,6.1,2,419.07,5437.7,5437.7,90.63,90.63,4.624,6/10/2024
-111.7115279,33.08217231,Azule 1,TaskName 6/10/2024,Wheat (Durum),3265,6/10/2024,1.001,On,1293.8,36.01,2.001,1.035,1.562,9.859,95.02,7.443,6.735,6.1,2,404.07,5219.1,5219.1,86.98,86.98,4.645,6/10/2024
-111.711523,33.08217281,Azule 1,TaskName 6/10/2024,Wheat (Durum),3266,6/10/2024,0.999,On,1293.8,35.51,2.251,1.026,1.49,9.56,93.65,7.606,7.476,6.1,2,448.53,6146.9,6146.9,102.45,102.45,4.378,6/10/2024
-111.711518,33.08217385,Azule 1,TaskName 6/10/2024,Wheat (Durum),3267,6/10/2024,0.995,On,1293.8,35.01,2.501,1.042,1.523,10.02,91.75,8.013,7.605,6.18,2,456.33,6181.3,6181.3,103.02,103.02,4.429,6/10/2024
-111.711513,33.08217452,Azule 1,TaskName 6/10/2024,Wheat (Durum),3268,6/10/2024,1.005,On,1293.8,35.01,2.501,1.042,1.539,10.86,90.51,7.995,8.044,6.36,2,482.62,6532.8,6532.8,108.88,108.88,4.433,6/10/2024
-111.7115078,33.0821752,Azule 1,TaskName 6/10/2024,Wheat (Durum),3269,6/10/2024,1,On,1293.8,34.51,2.751,1.057,1.589,9.66,89.46,8.364,7.98,6.48,2,478.82,6339.6,6339.6,105.66,105.66,4.532,6/10/2024
-111.711501,33.08217609,Azule 1,TaskName 6/10/2024,Wheat (Durum),3270,6/10/2024,1,On,1293.8,34.51,2.751,1.346,2.115,11.49,88.22,8.08,8.452,6.581,2,507.15,5044.4,5044.4,84.07,84.07,6.032,6/10/2024
-111.7114939,33.08217747,Azule 1,TaskName 6/10/2024,Wheat (Durum),3271,6/10/2024,1,On,1293.8,34.02,3.001,1.501,2.207,10.49,86.52,7.844,8.028,6.68,2,481.69,4659.1,4659.1,77.65,77.65,6.203,6/10/2024
-111.711487,33.08217881,Azule 1,TaskName 6/10/2024,Wheat (Durum),3272,6/10/2024,0.996,On,1293.9,33.52,3.252,1.377,2.131,10.18,85.1,8.009,7.803,6.781,2,468.2,4739.6,4739.6,78.99,78.99,5.927,6/10/2024
-111.7114802,33.08218022,Azule 1,TaskName 6/10/2024,Wheat (Durum),3273,6/10/2024,1,On,1293.9,33.02,3.502,1.449,2.144,10.52,84,7.851,8.029,6.88,2,481.76,4940.1,4940.1,82.33,82.33,5.851,6/10/2024
-111.7114734,33.08217959,Azule 1,TaskName 6/10/2024,Wheat (Durum),3274,6/10/2024,0.999,On,1293.9,33.02,3.502,1.406,2.062,10.92,85.82,8.086,7.861,6.9,2,471.67,5023.9,5023.9,83.73,83.73,5.633,6/10/2024
-111.7114664,33.08217816,Azule 1,TaskName 6/10/2024,Wheat (Durum),3275,6/10/2024,1.005,On,1293.9,33.52,3.252,1.447,2.115,10.87,88.44,7.66,8.068,6.9,2,484.06,4982.8,4982.8,83.05,83.05,5.829,6/10/2024
-111.7114596,33.08217723,Azule 1,TaskName 6/10/2024,Wheat (Durum),3276,6/10/2024,1,On,1293.9,34.02,3.001,1.455,2.111,10.41,89.95,8.29,7.624,6.9,2,457.46,4624.1,4624.1,77.07,77.07,5.936,6/10/2024
-111.7114529,33.08217597,Azule 1,TaskName 6/10/2024,Wheat (Durum),3277,6/10/2024,1,On,1293.8,34.51,2.751,1.423,2.059,11.25,91.74,8.463,8.367,6.9,2,502.01,5128.6,5128.6,85.48,85.48,5.873,6/10/2024
-111.711446,33.0821744,Azule 1,TaskName 6/10/2024,Wheat (Durum),3278,6/10/2024,1.001,On,1293.8,35.51,2.251,1.52,2.161,11.46,93.69,9.605,8.453,6.9,2,507.18,4803.6,4803.6,80.06,80.06,6.335,6/10/2024
-111.7114392,33.08217294,Azule 1,TaskName 6/10/2024,Wheat (Durum),3279,6/10/2024,0.999,On,1293.8,36.01,2.001,1.439,2.118,10.43,95.26,7.989,9.726,6.9,2,583.54,5548.9,5548.9,92.48,92.48,6.31,6/10/2024
-111.7114324,33.08217159,Azule 1,TaskName 6/10/2024,Wheat (Durum),3280,6/10/2024,1,On,1293.8,36.51,1.75,1.463,2.125,10.69,96.31,8.272,7.839,6.9,2,470.33,4402.1,4402.1,73.37,73.37,6.41,6/10/2024
-111.7114253,33.08217246,Azule 1,TaskName 6/10/2024,Wheat (Durum),3281,6/10/2024,1,On,1293.8,36.01,2.001,1.434,2.161,10.69,94.14,8.724,8.42,6.9,2,505.19,4713.8,4713.8,78.56,78.56,6.43,6/10/2024
-111.7114183,33.08217401,Azule 1,TaskName 6/10/2024,Wheat (Durum),3282,6/10/2024,1,On,1293.7,35.51,2.251,1.474,2.115,11.2,91.32,9.498,8.726,6.9,2,523.55,5061.3,5061.3,84.36,84.36,6.206,6/10/2024
-111.7114114,33.08217494,Azule 1,TaskName 6/10/2024,Wheat (Durum),3283,6/10/2024,1,On,1293.8,35.01,2.501,1.444,2.144,10.85,89.84,8.612,9.526,6.9,2,571.55,5526.9,5526.9,92.11,92.11,6.205,6/10/2024
-111.7114046,33.08217594,Azule 1,TaskName 6/10/2024,Wheat (Durum),3284,6/10/2024,1,On,1293.8,34.51,2.751,1.438,2.092,11.37,88.5,8.866,8.515,6.979,2,510.9,5137.5,5137.5,85.63,85.63,5.967,6/10/2024
-111.7113976,33.08217697,Azule 1,TaskName 6/10/2024,Wheat (Durum),3285,6/10/2024,1,On,1293.8,34.02,3.001,1.445,2.148,11.16,87.21,9.283,8.921,7.08,2,535.24,5319.4,5319.4,88.66,88.66,6.037,6/10/2024
-111.7113908,33.08217797,Azule 1,TaskName 6/10/2024,Wheat (Durum),3286,6/10/2024,1,On,1293.8,34.02,3.001,1.404,2.118,10.79,86.1,9.056,9.3,7.18,2,558,5622.9,5622.9,93.72,93.72,5.954,6/10/2024
-111.711384,33.08217909,Azule 1,TaskName 6/10/2024,Wheat (Durum),3287,6/10/2024,0.996,On,1293.8,33.52,3.252,1.44,2.098,10.82,85.12,7.752,9.034,7.279,2,542.02,5572.7,5572.7,92.88,92.88,5.836,6/10/2024
-111.7113772,33.08218043,Azule 1,TaskName 6/10/2024,Wheat (Durum),3288,6/10/2024,1.004,On,1293.7,33.02,3.502,1.439,2.125,10.61,83.83,8.323,7.636,7.381,2,458.13,4760.3,4760.3,79.34,79.34,5.774,6/10/2024
-111.7113706,33.08218197,Azule 1,TaskName 6/10/2024,Wheat (Durum),3289,6/10/2024,0.995,On,1293.8,32.52,3.752,1.455,2.108,11.02,82.62,8.257,8.406,7.4,2,504.39,5314.6,5314.6,88.58,88.58,5.694,6/10/2024
-111.7113638,33.08218332,Azule 1,TaskName 6/10/2024,Wheat (Durum),3290,6/10/2024,1,On,1293.8,32.02,4.002,1.45,2.121,11.87,81.88,8.344,8.262,7.4,2,495.74,5298.4,5298.4,88.31,88.31,5.614,6/10/2024
-111.7113568,33.08218314,Azule 1,TaskName 6/10/2024,Wheat (Durum),3291,6/10/2024,1.005,On,1293.8,32.02,4.002,1.425,2.134,10.45,83.29,8.082,8.317,7.319,2,499.02,5327.2,5327.2,88.79,88.79,5.62,6/10/2024
-111.7113498,33.0821834,Azule 1,TaskName 6/10/2024,Wheat (Durum),3292,6/10/2024,0.995,On,1293.8,32.02,4.002,1.447,2.125,10.8,84,8.053,8.056,7.22,2,483.38,5132.6,5132.6,85.54,85.54,5.651,6/10/2024
-111.7113427,33.08218326,Azule 1,TaskName 6/10/2024,Wheat (Durum),3293,6/10/2024,1.005,On,1293.8,32.02,4.002,1.439,2.167,10.89,85,7.861,8.105,7.119,2,486.32,5113,5113,85.22,85.22,5.707,6/10/2024
-111.711336,33.08218296,Azule 1,TaskName 6/10/2024,Wheat (Durum),3294,6/10/2024,0.995,On,1293.8,32.02,4.002,1.432,2.062,12,86.33,7.538,7.835,7.1,2,470.11,5142.6,5142.6,85.71,85.71,5.485,6/10/2024
-111.7113289,33.08218194,Azule 1,TaskName 6/10/2024,Wheat (Durum),3295,6/10/2024,1.001,On,1293.7,32.52,3.752,1.491,2.167,11.97,88.32,7.378,7.475,7.1,2,448.51,4624.7,4624.7,77.08,77.08,5.819,6/10/2024
-111.7113221,33.08218088,Azule 1,TaskName 6/10/2024,Wheat (Durum),3296,6/10/2024,0.999,On,1293.7,33.02,3.502,1.46,2.072,10.59,90.19,7.53,7.408,7.1,2,444.45,4711.5,4711.5,78.53,78.53,5.66,6/10/2024
-111.7113151,33.08217988,Azule 1,TaskName 6/10/2024,Wheat (Durum),3297,6/10/2024,1,On,1293.8,33.52,3.252,1.435,2.154,11.26,91.58,7.986,7.549,7.1,2,452.96,4554.7,4554.7,75.91,75.91,5.967,6/10/2024
-111.7113082,33.08217917,Azule 1,TaskName 6/10/2024,Wheat (Durum),3298,6/10/2024,1,On,1293.8,33.52,3.252,1.445,2.118,10.8,92.36,7.652,8.026,7.1,2,481.57,4924.9,4924.9,82.08,82.08,5.867,6/10/2024
-111.7113012,33.08217835,Azule 1,TaskName 6/10/2024,Wheat (Durum),3299,6/10/2024,1,On,1293.8,34.02,3.001,1.445,2.154,10.34,93.23,9.224,7.608,7.1,2,456.49,4522.9,4522.9,75.38,75.38,6.056,6/10/2024
-111.7112944,33.0821781,Azule 1,TaskName 6/10/2024,Wheat (Durum),3300,6/10/2024,1,On,1293.8,34.02,3.001,1.456,2.111,10.76,92.96,7.898,9.385,7.02,2,563.11,5692.1,5692.1,94.87,94.87,5.936,6/10/2024
-111.7112876,33.08217774,Azule 1,TaskName 6/10/2024,Wheat (Durum),3301,6/10/2024,1,On,1293.8,34.02,3.001,1.421,2.092,10.42,93.11,8.848,7.734,7,2,464.05,4734.9,4734.9,78.92,78.92,5.88,6/10/2024
-111.7112805,33.0821774,Azule 1,TaskName 6/10/2024,Wheat (Durum),3302,6/10/2024,0.995,On,1293.8,34.02,3.001,1.449,2.17,10.52,93.21,8.53,9.029,7,2,541.73,5300.4,5300.4,88.34,88.34,6.132,6/10/2024
-111.7112736,33.08217711,Azule 1,TaskName 6/10/2024,Wheat (Durum),3303,6/10/2024,1.005,On,1293.7,34.02,3.001,1.514,2.141,10.42,93.13,8.226,8.444,7,2,506.64,5076,5076,84.6,84.6,5.989,6/10/2024
-111.7112666,33.08217652,Azule 1,TaskName 6/10/2024,Wheat (Durum),3304,6/10/2024,1,On,1293.7,34.51,2.751,1.497,2.164,10.79,93.57,8.355,8.267,7,2,496,4821.5,4821.5,80.36,80.36,6.172,6/10/2024
-111.7112596,33.08217594,Azule 1,TaskName 6/10/2024,Wheat (Durum),3305,6/10/2024,1,On,1293.7,34.51,2.751,1.426,2.134,10.49,93.83,8.511,8.325,7,2,499.5,4922.6,4922.6,82.04,82.04,6.088,6/10/2024
-111.7112529,33.0821754,Azule 1,TaskName 6/10/2024,Wheat (Durum),3306,6/10/2024,1,On,1293.7,35.01,2.501,1.427,2.092,10.21,93.97,8.785,8.526,7,2,511.55,5070.9,5070.9,84.52,84.52,6.053,6/10/2024
-111.711246,33.08217477,Azule 1,TaskName 6/10/2024,Wheat (Durum),3307,6/10/2024,1,On,1293.7,35.01,2.501,1.425,2.108,10.5,94.22,8.991,8.806,7,2,528.39,5197.1,5197.1,86.62,86.62,6.1,6/10/2024
-111.711239,33.0821743,Azule 1,TaskName 6/10/2024,Wheat (Durum),3308,6/10/2024,1,On,1293.7,35.01,2.501,1.457,2.174,11.03,94.21,9.457,9.003,6.84,2,540.2,5152.9,5152.9,85.88,85.88,6.29,6/10/2024
-111.7112321,33.082175,Azule 1,TaskName 6/10/2024,Wheat (Durum),3309,6/10/2024,1,On,1293.7,35.01,2.501,1.414,2.095,10.64,92.61,9.934,9.498,6.88,2,569.89,5640.4,5640.4,94.01,94.01,6.062,6/10/2024
-111.7112252,33.08217568,Azule 1,TaskName 6/10/2024,Wheat (Durum),3310,6/10/2024,1,On,1293.7,34.51,2.751,1.427,2.138,11.44,91.16,10.29,9.964,6.9,2,597.83,5882.7,5882.7,98.04,98.04,6.098,6/10/2024
-111.7112182,33.08217637,Azule 1,TaskName 6/10/2024,Wheat (Durum),3311,6/10/2024,1,On,1293.7,34.51,2.751,1.438,2.138,10.56,90.01,10.4,10.32,6.9,2,619.1,6092,6092,101.53,101.53,6.098,6/10/2024
-111.711211,33.08217698,Azule 1,TaskName 6/10/2024,Wheat (Durum),3312,6/10/2024,1,On,1293.6,34.02,3.001,1.474,2.207,11.9,89.09,10.49,10.4,6.9,2,624.1,6036.7,6036.7,100.61,100.61,6.203,6/10/2024
-111.7112029,33.08217752,Azule 1,TaskName 6/10/2024,Wheat (Durum),3313,6/10/2024,1,On,1293.6,34.02,3.001,1.737,2.495,12.5,88.54,11.26,10.49,6.9,2,629.55,5384.8,5384.8,89.75,89.75,7.015,6/10/2024
-111.7111945,33.08217775,Azule 1,TaskName 6/10/2024,Wheat (Durum),3314,6/10/2024,1,On,1293.6,34.02,3.001,1.673,2.574,12.09,88.51,11.77,11.33,6.9,2,680.03,5638.6,5638.6,93.98,93.98,7.236,6/10/2024
-111.7111849,33.08217789,Azule 1,TaskName 6/10/2024,Wheat (Durum),3315,6/10/2024,1,On,1293.6,34.02,3.001,1.932,2.945,11.62,88.61,11.68,11.79,6.98,2,707.7,5129.3,5129.3,85.49,85.49,8.278,6/10/2024
-111.711175,33.08217775,Azule 1,TaskName 6/10/2024,Wheat (Durum),3316,6/10/2024,1,On,1293.6,34.02,3.001,2.008,3.053,12.22,89.07,12.1,11.67,6.92,2,699.99,4893.5,4893.5,81.56,81.56,8.583,6/10/2024
-111.711165,33.08217757,Azule 1,TaskName 6/10/2024,Wheat (Durum),3317,6/10/2024,1,On,1293.7,34.02,3.001,2.025,3.063,12.52,89.52,10.52,12.15,6.98,2,728.88,5079.1,5079.1,84.65,84.65,8.61,6/10/2024
-111.7111551,33.08217761,Azule 1,TaskName 6/10/2024,Wheat (Durum),3318,6/10/2024,1,On,1293.7,33.52,3.252,2.059,3.03,11.43,89.42,10.81,10.38,7.079,2,622.56,4450.5,4450.5,74.17,74.17,8.393,6/10/2024
-111.7111453,33.08217778,Azule 1,TaskName 6/10/2024,Wheat (Durum),3319,6/10/2024,0.996,On,1293.7,33.52,3.252,2.07,3.007,12.66,89.46,10.8,10.9,7.18,2,654.18,4693.3,4693.3,78.22,78.22,8.363,6/10/2024
-111.7111355,33.08217771,Azule 1,TaskName 6/10/2024,Wheat (Durum),3320,6/10/2024,1.004,On,1293.7,33.52,3.252,2.07,3.014,13.04,89.71,12.7,10.76,7.2,2,645.89,4660.9,4660.9,77.68,77.68,8.315,6/10/2024
-111.7111258,33.08217716,Azule 1,TaskName 6/10/2024,Wheat (Durum),3321,6/10/2024,1,On,1293.7,34.02,3.001,2.033,2.984,12.7,90.51,11.65,12.9,7.2,2,773.92,5535.3,5535.3,92.25,92.25,8.389,6/10/2024
-111.7111162,33.08217713,Azule 1,TaskName 6/10/2024,Wheat (Durum),3322,6/10/2024,1,On,1293.6,34.02,3.001,2.032,2.971,12.88,90.25,11.84,11.47,7.12,2,688.34,4944.9,4944.9,82.41,82.41,8.352,6/10/2024
-111.7111065,33.08217664,Azule 1,TaskName 6/10/2024,Wheat (Durum),3323,6/10/2024,1,On,1293.6,34.51,2.751,2.02,2.981,12.93,90.91,12.52,11.98,6.861,2,718.79,5072.3,5072.3,84.54,84.54,8.503,6/10/2024
-111.7110967,33.08217619,Azule 1,TaskName 6/10/2024,Wheat (Durum),3324,6/10/2024,1,On,1293.6,34.51,2.751,2.057,3.004,13.67,91.49,12.52,12.54,6.8,2,752.11,5266.8,5266.8,87.78,87.78,8.568,6/10/2024
-111.7110869,33.08217549,Azule 1,TaskName 6/10/2024,Wheat (Durum),3325,6/10/2024,1,On,1293.7,34.51,2.751,2.075,3.017,12.36,92.26,12.34,12.52,6.8,2,751.33,5238.4,5238.4,87.31,87.31,8.606,6/10/2024
-111.7110772,33.08217503,Azule 1,TaskName 6/10/2024,Wheat (Durum),3326,6/10/2024,0.995,On,1293.7,35.01,2.501,2.029,2.971,13.92,92.41,12.3,12.25,6.88,2,735.25,5105.8,5105.8,85.1,85.1,8.64,6/10/2024
-111.7110674,33.08217459,Azule 1,TaskName 6/10/2024,Wheat (Durum),3327,6/10/2024,1,On,1293.6,35.01,2.501,2.049,3.027,11.77,92.39,13.27,12.37,6.98,2,742.11,5083.9,5083.9,84.73,84.73,8.758,6/10/2024
-111.7110578,33.08217459,Azule 1,TaskName 6/10/2024,Wheat (Durum),3328,6/10/2024,1,On,1293.7,35.01,2.501,1.995,2.948,12.5,91.84,12.57,13.3,7,2,797.76,5611.1,5611.1,93.52,93.52,8.531,6/10/2024
-111.711048,33.08217437,Azule 1,TaskName 6/10/2024,Wheat (Durum),3329,6/10/2024,1,On,1293.7,35.01,2.501,2.014,3.001,13.49,91.64,12.05,12.55,7,2,752.9,5202.9,5202.9,86.71,86.71,8.682,6/10/2024
-111.7110383,33.08217439,Azule 1,TaskName 6/10/2024,Wheat (Durum),3330,6/10/2024,1,On,1293.7,35.01,2.501,1.986,2.963,13.82,91.15,12.63,12.04,6.92,2,722.17,5053,5053,84.22,84.22,8.575,6/10/2024
-111.7110286,33.08217455,Azule 1,TaskName 6/10/2024,Wheat (Durum),3331,6/10/2024,1.005,On,1293.7,35.01,2.501,2.064,2.97,16.97,90.81,12.94,12.69,6.9,2,761.55,5343.3,5343.3,89.06,89.06,8.551,6/10/2024
-111.7110189,33.08217456,Azule 1,TaskName 6/10/2024,Wheat (Durum),3332,6/10/2024,0.995,On,1293.6,35.01,2.501,2.1,2.986,12.66,90.76,12.11,12.94,6.979,2,776.66,5365.6,5365.6,89.43,89.43,8.685,6/10/2024
-111.7110102,33.08217472,Azule 1,TaskName 6/10/2024,Wheat (Durum),3333,6/10/2024,1,On,1293.6,35.01,2.501,1.83,2.665,13.55,90.48,11.08,12,7.081,2,720.07,5602.8,5602.8,93.38,93.38,7.711,6/10/2024
-111.7110014,33.08217488,Azule 1,TaskName 6/10/2024,Wheat (Durum),3334,6/10/2024,1.001,On,1293.5,35.01,2.501,1.872,2.708,14.56,90.23,9.729,11.03,7.18,2,661.84,5073.6,5073.6,84.56,84.56,7.827,6/10/2024
-111.7109925,33.08217513,Azule 1,TaskName 6/10/2024,Wheat (Durum),3335,6/10/2024,1,On,1293.5,34.51,2.751,1.845,2.744,13.01,89.7,10.02,9.635,7.2,2,578.07,4432,4432,73.87,73.87,7.826,6/10/2024
-111.7109837,33.08217582,Azule 1,TaskName 6/10/2024,Wheat (Durum),3336,6/10/2024,1,On,1293.6,34.51,2.751,1.799,2.701,12.21,89,10.37,10.08,7.2,2,605.09,4712.4,4712.4,78.54,78.54,7.704,6/10/2024
-111.7109749,33.08217606,Azule 1,TaskName 6/10/2024,Wheat (Durum),3337,6/10/2024,1,On,1293.6,34.51,2.751,1.82,2.708,14.48,88.72,11.27,10.38,7.2,2,622.77,4838.3,4838.3,80.64,80.64,7.723,6/10/2024
-111.710966,33.0821763,Azule 1,TaskName 6/10/2024,Wheat (Durum),3338,6/10/2024,0.999,On,1293.6,34.51,2.751,1.856,2.727,12.94,88.75,11.52,11.36,7.12,2,681.44,5250.6,5250.6,87.51,87.51,7.787,6/10/2024
-111.7109572,33.08217628,Azule 1,TaskName 6/10/2024,Wheat (Durum),3339,6/10/2024,1,On,1293.7,34.02,3.001,1.876,2.708,12.87,89.26,11.83,11.51,7.02,2,690.51,5443.2,5443.2,90.72,90.72,7.611,6/10/2024
-111.7109484,33.08217633,Azule 1,TaskName 6/10/2024,Wheat (Durum),3340,6/10/2024,1,On,1293.7,34.02,3.001,1.822,2.714,13.04,89.42,10.58,11.86,7,2,711.47,5594.9,5594.9,93.25,93.25,7.63,6/10/2024
-111.7109394,33.08217606,Azule 1,TaskName 6/10/2024,Wheat (Durum),3341,6/10/2024,1.005,On,1293.7,34.02,3.001,1.871,2.77,12.04,89.88,10.78,10.43,7,2,626.07,4848.3,4848.3,80.8,80.8,7.748,6/10/2024
-111.7109306,33.08217597,Azule 1,TaskName 6/10/2024,Wheat (Durum),3342,6/10/2024,0.996,On,1293.6,34.02,3.001,1.873,2.681,11.29,89.99,10.24,10.86,7,2,651.39,5164.3,5164.3,86.07,86.07,7.568,6/10/2024
-111.7109216,33.08217569,Azule 1,TaskName 6/10/2024,Wheat (Durum),3343,6/10/2024,1,On,1293.6,34.51,2.751,1.834,2.757,12.83,90.28,10.81,10.14,7,2,608.66,4644.3,4644.3,77.4,77.4,7.863,6/10/2024
-111.7109129,33.08217549,Azule 1,TaskName 6/10/2024,Wheat (Durum),3344,6/10/2024,0.999,On,1293.6,34.51,2.751,1.848,2.685,11.93,90.59,10.92,10.89,7,2,653.43,5114.8,5114.8,85.25,85.25,7.665,6/10/2024
-111.7109041,33.08217522,Azule 1,TaskName 6/10/2024,Wheat (Durum),3345,6/10/2024,1,On,1293.6,34.51,2.751,1.856,2.708,15.25,90.85,11.41,10.96,7,2,657.42,5107.5,5107.5,85.12,85.12,7.723,6/10/2024
-111.7108952,33.08217507,Azule 1,TaskName 6/10/2024,Wheat (Durum),3346,6/10/2024,1,On,1293.6,34.51,2.751,1.861,2.744,12.78,90.78,11.64,11.46,7.08,2,687.65,5272,5272,87.87,87.87,7.826,6/10/2024
-111.7108864,33.08217508,Azule 1,TaskName 6/10/2024,Wheat (Durum),3347,6/10/2024,1,On,1293.6,34.51,2.751,1.827,2.708,12.33,90.62,12.42,11.6,7.019,2,695.78,5405.5,5405.5,90.09,90.09,7.723,6/10/2024
-111.7108775,33.08217518,Azule 1,TaskName 6/10/2024,Wheat (Durum),3348,6/10/2024,1,On,1293.6,34.51,2.751,1.851,2.73,12.41,90.3,12.43,12.5,7.08,2,749.96,5777.4,5777.4,96.29,96.29,7.789,6/10/2024
-111.7108685,33.08217515,Azule 1,TaskName 6/10/2024,Wheat (Durum),3349,6/10/2024,0.995,On,1293.6,35.01,2.501,1.84,2.753,12.41,90.33,12.24,12.4,7.1,2,744.16,5576,5576,92.93,92.93,8.008,6/10/2024
-111.7108596,33.08217515,Azule 1,TaskName 6/10/2024,Wheat (Durum),3350,6/10/2024,1.005,On,1293.6,35.01,2.501,1.907,2.73,12.96,90.26,12.57,12.24,7.1,2,734.17,5603.1,5603.1,93.38,93.38,7.862,6/10/2024
-111.7108508,33.08217522,Azule 1,TaskName 6/10/2024,Wheat (Durum),3351,6/10/2024,1,On,1293.5,35.01,2.501,1.841,2.721,13.08,90.1,12.57,12.6,7.1,2,756.24,5763.6,5763.6,96.06,96.06,7.873,6/10/2024
-111.7108418,33.08217528,Azule 1,TaskName 6/10/2024,Wheat (Durum),3352,6/10/2024,0.996,On,1293.6,35.01,2.501,1.853,2.734,12.63,90.1,11.98,12.56,7.1,2,753.47,5692,5692,94.87,94.87,7.942,6/10/2024
-111.7108331,33.08217542,Azule 1,TaskName 6/10/2024,Wheat (Durum),3353,6/10/2024,1.005,On,1293.6,35.01,2.501,1.845,2.665,13.81,89.81,12.95,11.92,7.1,2,715.05,5591.5,5591.5,93.19,93.19,7.673,6/10/2024
-111.7108242,33.08217538,Azule 1,TaskName 6/10/2024,Wheat (Durum),3354,6/10/2024,0.999,On,1293.6,35.01,2.501,1.825,2.737,12.92,89.8,13.33,13.05,7.1,2,783.03,5926.1,5926.1,98.77,98.77,7.928,6/10/2024
-111.7108152,33.08217538,Azule 1,TaskName 6/10/2024,Wheat (Durum),3355,6/10/2024,1.001,On,1293.6,35.01,2.501,1.832,2.76,13.98,89.79,11.94,13.31,7.02,2,798.67,6006.1,6006.1,100.1,100.1,7.979,6/10/2024
-111.7108064,33.08217561,Azule 1,TaskName 6/10/2024,Wheat (Durum),3356,6/10/2024,0.995,On,1293.7,35.01,2.501,1.841,2.721,12.23,89.56,10.85,11.83,7.08,2,709.8,5382.6,5382.6,89.71,89.71,7.912,6/10/2024
-111.7107974,33.08217564,Azule 1,TaskName 6/10/2024,Wheat (Durum),3357,6/10/2024,1.004,On,1293.7,35.01,2.501,1.843,2.744,12.66,89.58,10.44,10.79,7.18,2,647.49,4913,4913,81.88,81.88,7.907,6/10/2024
-111.7107886,33.08217575,Azule 1,TaskName 6/10/2024,Wheat (Durum),3358,6/10/2024,0.996,On,1293.6,34.51,2.751,1.885,2.708,13.19,89.58,12.67,10.47,7.2,2,628.09,4860.1,4860.1,81,81,7.754,6/10/2024
-111.7107798,33.08217577,Azule 1,TaskName 6/10/2024,Wheat (Durum),3359,6/10/2024,1.004,On,1293.6,34.51,2.751,1.922,2.721,13.81,89.57,13.19,12.9,7.2,2,774.21,6009.7,6009.7,100.16,100.16,7.73,6/10/2024
-111.7107708,33.08217579,Azule 1,TaskName 6/10/2024,Wheat (Durum),3360,6/10/2024,1,On,1293.6,34.51,2.751,1.862,2.754,12.7,89.71,13.97,13.08,7.12,2,784.69,5992.6,5992.6,99.88,99.88,7.857,6/10/2024
-111.7107618,33.08217531,Azule 1,TaskName 6/10/2024,Wheat (Durum),3361,6/10/2024,1,On,1293.6,35.01,2.501,1.876,2.735,12.97,90.25,14.51,14.15,7.02,2,848.71,6435.2,6435.2,107.25,107.25,7.913,6/10/2024
-111.710753,33.08217543,Azule 1,TaskName 6/10/2024,Wheat (Durum),3362,6/10/2024,1,On,1293.6,35.01,2.501,1.868,2.718,13.17,90.09,14.8,14.44,7,2,866.42,6609,6609,110.15,110.15,7.866,6/10/2024
-111.710744,33.08217537,Azule 1,TaskName 6/10/2024,Wheat (Durum),3363,6/10/2024,1,On,1293.6,35.01,2.501,1.829,2.738,12.18,90.14,14.39,14.9,7,2,893.91,6769.7,6769.7,112.83,112.83,7.923,6/10/2024
-111.7107352,33.08217531,Azule 1,TaskName 6/10/2024,Wheat (Durum),3364,6/10/2024,1,On,1293.6,35.01,2.501,1.864,2.699,11.12,90.05,14.26,14.35,6.92,2,860.78,6613.9,6613.9,110.23,110.23,7.809,6/10/2024
-111.7107262,33.08217546,Azule 1,TaskName 6/10/2024,Wheat (Durum),3365,6/10/2024,0.995,On,1293.6,35.01,2.501,1.867,2.748,11.69,89.82,13.98,14.19,6.82,2,851.61,6394.1,6394.1,106.57,106.57,7.991,6/10/2024
-111.7107175,33.08217554,Azule 1,TaskName 6/10/2024,Wheat (Durum),3366,6/10/2024,1.005,On,1293.6,35.01,2.501,1.844,2.679,13.51,89.77,14.03,14.04,6.72,2,842.36,6552.6,6552.6,109.21,109.21,7.713,6/10/2024
-111.7107087,33.0821756,Azule 1,TaskName 6/10/2024,Wheat (Durum),3367,6/10/2024,1,On,1293.6,34.51,2.751,1.846,2.699,15.96,89.67,14.07,14.03,6.7,2,842.08,6563.7,6563.7,109.4,109.4,7.698,6/10/2024
-111.7106997,33.08217573,Azule 1,TaskName 6/10/2024,Wheat (Durum),3368,6/10/2024,1,On,1293.7,34.51,2.751,1.84,2.751,14.9,89.52,14.01,14.13,6.7,2,847.94,6483.3,6483.3,108.05,108.05,7.847,6/10/2024
-111.7106907,33.08217556,Azule 1,TaskName 6/10/2024,Wheat (Durum),3369,6/10/2024,0.995,On,1293.6,34.51,2.751,1.867,2.741,12.9,89.81,14.11,13.93,6.7,2,835.53,6379.3,6379.3,106.32,106.32,7.859,6/10/2024
-111.7106818,33.08217555,Azule 1,TaskName 6/10/2024,Wheat (Durum),3370,6/10/2024,1.001,On,1293.6,34.51,2.751,1.842,2.731,13.11,89.72,13.8,14.15,6.7,2,848.88,6543.8,6543.8,109.06,109.06,7.783,6/10/2024
-111.710673,33.0821756,Azule 1,TaskName 6/10/2024,Wheat (Durum),3371,6/10/2024,1,On,1293.6,34.51,2.751,1.856,2.695,13.57,89.71,14.05,13.76,6.7,2,825.77,6444.4,6444.4,107.41,107.41,7.688,6/10/2024
-111.710664,33.08217556,Azule 1,TaskName 6/10/2024,Wheat (Durum),3372,6/10/2024,0.999,On,1293.6,34.51,2.751,1.895,2.768,12.54,89.83,13.59,14.09,6.78,2,845.26,6418.1,6418.1,106.97,106.97,7.902,6/10/2024
-111.7106554,33.08217563,Azule 1,TaskName 6/10/2024,Wheat (Durum),3373,6/10/2024,1,On,1293.6,34.51,2.751,1.852,2.64,15.09,89.85,13.38,13.53,6.88,2,811.69,6468.4,6468.4,107.81,107.81,7.529,6/10/2024
-111.7106464,33.08217562,Azule 1,TaskName 6/10/2024,Wheat (Durum),3374,6/10/2024,1,On,1293.6,34.51,2.751,1.854,2.741,12.4,89.77,13.86,13.38,6.98,2,802.66,6159.1,6159.1,102.65,102.65,7.819,6/10/2024
-111.7106376,33.08217569,Azule 1,TaskName 6/10/2024,Wheat (Durum),3375,6/10/2024,1,On,1293.6,34.51,2.751,1.823,2.712,13.67,89.74,14.06,13.92,7.081,2,834.9,6476.3,6476.3,107.94,107.94,7.735,6/10/2024
-111.7106287,33.08217551,Azule 1,TaskName 6/10/2024,Wheat (Durum),3376,6/10/2024,1,On,1293.6,34.51,2.751,1.838,2.712,12.86,89.93,13.53,14.06,7.18,2,843.66,6544.3,6544.3,109.07,109.07,7.735,6/10/2024
-111.7106198,33.08217554,Azule 1,TaskName 6/10/2024,Wheat (Durum),3377,6/10/2024,1.001,On,1293.6,34.51,2.751,1.853,2.735,13.36,89.95,13.51,13.48,7.12,2,808.89,6228.1,6228.1,103.8,103.8,7.793,6/10/2024
-111.710611,33.08217537,Azule 1,TaskName 6/10/2024,Wheat (Durum),3378,6/10/2024,0.999,On,1293.6,34.51,2.751,1.868,2.705,14.22,90.07,13.53,13.6,7.1,2,816.11,6339.6,6339.6,105.66,105.66,7.724,6/10/2024
-111.7106021,33.08217531,Azule 1,TaskName 6/10/2024,Wheat (Durum),3379,6/10/2024,1,On,1293.5,34.51,2.751,1.875,2.725,13.61,89.99,13.16,13.44,7.02,2,806.39,6225,6225,103.75,103.75,7.772,6/10/2024
-111.7105932,33.08217542,Azule 1,TaskName 6/10/2024,Wheat (Durum),3380,6/10/2024,1.001,On,1293.5,34.51,2.751,1.828,2.705,13.22,89.81,11.64,13.13,7,2,788.03,6133.7,6133.7,102.23,102.23,7.709,6/10/2024
-111.7105843,33.0821757,Azule 1,TaskName 6/10/2024,Wheat (Durum),3381,6/10/2024,0.994,On,1293.6,34.51,2.751,1.829,2.748,12.79,89.45,11.84,11.5,7,2,690.08,5250.9,5250.9,87.52,87.52,7.885,6/10/2024
-111.7105753,33.08217579,Azule 1,TaskName 6/10/2024,Wheat (Durum),3382,6/10/2024,1.005,On,1293.6,34.51,2.751,1.856,2.751,12.33,89.48,11.89,11.9,7,2,714.03,5486.7,5486.7,91.45,91.45,7.808,6/10/2024
-111.7105665,33.08217588,Azule 1,TaskName 6/10/2024,Wheat (Durum),3383,6/10/2024,1,On,1293.6,34.51,2.751,1.87,2.699,14.53,89.44,13.05,11.86,7,2,711.37,5544.9,5544.9,92.41,92.41,7.698,6/10/2024
-111.7105577,33.08217575,Azule 1,TaskName 6/10/2024,Wheat (Durum),3384,6/10/2024,0.996,On,1293.6,34.51,2.751,1.859,2.695,14.01,89.72,13.33,13.16,7,2,789.82,6139.3,6139.3,102.32,102.32,7.719,6/10/2024
-111.7105488,33.08217569,Azule 1,TaskName 6/10/2024,Wheat (Durum),3385,6/10/2024,1.005,On,1293.5,34.51,2.751,1.876,2.731,13.5,89.9,13.85,13.3,7,2,798.12,6177.1,6177.1,102.95,102.95,7.752,6/10/2024
-111.7105399,33.08217569,Azule 1,TaskName 6/10/2024,Wheat (Durum),3386,6/10/2024,0.999,On,1293.6,34.51,2.751,1.869,2.725,12.15,89.95,14.25,13.92,7,2,834.99,6439.4,6439.4,107.32,107.32,7.78,6/10/2024
-111.7105309,33.08217551,Azule 1,TaskName 6/10/2024,Wheat (Durum),3387,6/10/2024,1.001,On,1293.6,34.51,2.751,1.833,2.748,12.55,90.1,13.13,14.26,7,2,855.85,6558.2,6558.2,109.3,109.3,7.83,6/10/2024
-111.710522,33.08217549,Azule 1,TaskName 6/10/2024,Wheat (Durum),3388,6/10/2024,0.995,On,1293.5,34.51,2.751,1.858,2.718,12.82,90.26,12.12,13.03,7,2,781.79,6019.4,6019.4,100.32,100.32,7.793,6/10/2024
-111.7105133,33.08217525,Azule 1,TaskName 6/10/2024,Wheat (Durum),3389,6/10/2024,1.004,On,1293.5,34.51,2.751,1.875,2.685,13.26,90.46,12.21,12.06,7,2,723.87,5692.6,5692.6,94.88,94.88,7.63,6/10/2024
-111.7105043,33.08217519,Azule 1,TaskName 6/10/2024,Wheat (Durum),3390,6/10/2024,1,On,1293.5,34.51,2.751,1.891,2.743,13.54,90.47,13.3,12.24,7,2,734.28,5630.3,5630.3,93.84,93.84,7.825,6/10/2024
-111.7104954,33.0821752,Azule 1,TaskName 6/10/2024,Wheat (Durum),3391,6/10/2024,1,On,1293.5,34.51,2.751,1.845,2.727,13.33,90.33,13.59,13.46,7,2,807.75,6230.9,6230.9,103.85,103.85,7.778,6/10/2024
-111.7104865,33.08217559,Azule 1,TaskName 6/10/2024,Wheat (Durum),3392,6/10/2024,0.996,On,1293.5,34.51,2.751,1.864,2.727,12.51,89.74,13.69,13.58,7,2,814.58,6258.5,6258.5,104.31,104.31,7.809,6/10/2024
-111.7104776,33.08217574,Azule 1,TaskName 6/10/2024,Wheat (Durum),3393,6/10/2024,1.004,On,1293.6,34.51,2.751,1.833,2.743,14.24,89.65,13.68,13.64,7,2,818.52,6301.4,6301.4,105.02,105.02,7.794,6/10/2024
-111.7104687,33.08217602,Azule 1,TaskName 6/10/2024,Wheat (Durum),3394,6/10/2024,1,On,1293.6,34.51,2.751,1.825,2.72,14.54,89.54,13.7,13.67,7,2,820.12,6341.6,6341.6,105.69,105.69,7.759,6/10/2024
-111.7104596,33.08217582,Azule 1,TaskName 6/10/2024,Wheat (Durum),3395,6/10/2024,1,On,1293.6,34.51,2.751,1.855,2.776,12.6,90.04,12.56,13.72,7,2,823.32,6238.5,6238.5,103.97,103.97,7.919,6/10/2024
-111.710451,33.08217559,Azule 1,TaskName 6/10/2024,Wheat (Durum),3396,6/10/2024,1,On,1293.7,34.51,2.751,1.852,2.655,13.27,90.21,12.4,12.46,7,2,747.51,5923,5923,98.72,98.72,7.572,6/10/2024
-111.7104419,33.08217552,Azule 1,TaskName 6/10/2024,Wheat (Durum),3397,6/10/2024,1,On,1293.6,34.51,2.751,1.891,2.779,12.65,90.26,12.84,12.41,7,2,744.46,5634.2,5634.2,93.9,93.9,7.928,6/10/2024
-111.7104331,33.08217532,Azule 1,TaskName 6/10/2024,Wheat (Durum),3398,6/10/2024,1.001,On,1293.6,35.01,2.501,1.864,2.717,12.77,90.52,14.03,12.88,7,2,773.04,5905.4,5905.4,98.42,98.42,7.854,6/10/2024
-111.7104242,33.08217531,Azule 1,TaskName 6/10/2024,Wheat (Durum),3399,6/10/2024,0.999,On,1293.6,35.01,2.501,1.856,2.71,17.26,90.39,13.81,14.12,7,2,847.33,6475.7,6475.7,107.93,107.93,7.851,6/10/2024
-111.7104153,33.08217522,Azule 1,TaskName 6/10/2024,Wheat (Durum),3400,6/10/2024,1.001,On,1293.5,35.01,2.501,1.906,2.74,12.6,90.29,14.58,13.84,7,2,830.13,6288.4,6288.4,104.81,104.81,7.921,6/10/2024
-111.7104062,33.08217529,Azule 1,TaskName 6/10/2024,Wheat (Durum),3401,6/10/2024,0.999,On,1293.5,34.51,2.751,1.882,2.77,13.22,90.17,14.24,14.61,6.919,2,876.83,6653,6653,110.88,110.88,7.908,6/10/2024
-111.7103973,33.08217528,Azule 1,TaskName 6/10/2024,Wheat (Durum),3402,6/10/2024,0.996,On,1293.5,35.01,2.501,1.877,2.74,12.26,90.08,14.09,14.18,6.9,2,851.1,6415,6415,106.92,106.92,7.96,6/10/2024
-111.7103885,33.08217536,Azule 1,TaskName 6/10/2024,Wheat (Durum),3403,6/10/2024,1.004,On,1293.5,35.01,2.501,1.856,2.687,13.47,89.91,13.61,14.16,6.979,2,849.69,6582,6582,109.7,109.7,7.746,6/10/2024
-111.7103796,33.08217542,Azule 1,TaskName 6/10/2024,Wheat (Durum),3404,6/10/2024,1,On,1293.5,35.01,2.501,1.845,2.727,13.78,89.81,14.6,13.49,7.08,2,809.49,6155.4,6155.4,102.59,102.59,7.891,6/10/2024
-111.7103706,33.08217557,Azule 1,TaskName 6/10/2024,Wheat (Durum),3405,6/10/2024,1,On,1293.5,35.01,2.501,1.842,2.733,12.72,89.66,14.11,14.72,7.1,2,883.38,6701.2,6701.2,111.69,111.69,7.91,6/10/2024
-111.7103618,33.08217565,Azule 1,TaskName 6/10/2024,Wheat (Durum),3406,6/10/2024,0.995,On,1293.6,35.01,2.501,1.827,2.71,17.19,89.62,13.8,14.02,7.18,2,841.02,6401.7,6401.7,106.69,106.69,7.882,6/10/2024
-111.7103528,33.08217563,Azule 1,TaskName 6/10/2024,Wheat (Durum),3407,6/10/2024,1.005,On,1293.6,35.01,2.501,1.863,2.747,13.57,89.73,13.94,13.86,7.28,2,831.76,6310.8,6310.8,105.18,105.18,7.908,6/10/2024
-111.710344,33.08217558,Azule 1,TaskName 6/10/2024,Wheat (Durum),3408,6/10/2024,1,On,1293.6,35.01,2.501,1.859,2.707,14.3,89.81,14.41,13.94,7.3,2,836.51,6407.1,6407.1,106.78,106.78,7.834,6/10/2024
-111.7103351,33.08217562,Azule 1,TaskName 6/10/2024,Wheat (Durum),3409,6/10/2024,0.995,On,1293.6,35.01,2.501,1.853,2.727,12.96,89.63,13.75,14.45,7.219,2,867.16,6561,6561,109.35,109.35,7.93,6/10/2024
-111.7103262,33.08217563,Azule 1,TaskName 6/10/2024,Wheat (Durum),3410,6/10/2024,1.005,On,1293.6,34.51,2.751,1.865,2.71,13.65,89.75,12.79,13.7,7.2,2,822.02,6411.3,6411.3,106.85,106.85,7.693,6/10/2024
-111.7103172,33.08217568,Azule 1,TaskName 6/10/2024,Wheat (Durum),3411,6/10/2024,0.996,On,1293.6,35.01,2.501,1.84,2.756,14.05,89.63,11.67,12.71,7.281,2,762.4,5712.3,5712.3,95.2,95.2,8.008,6/10/2024
-111.7103084,33.0821757,Azule 1,TaskName 6/10/2024,Wheat (Durum),3412,6/10/2024,1,On,1293.6,34.51,2.751,1.862,2.707,12.76,89.67,10.98,11.59,7.38,2,695.2,5401.7,5401.7,90.03,90.03,7.722,6/10/2024
-111.7102995,33.08217575,Azule 1,TaskName 6/10/2024,Wheat (Durum),3413,6/10/2024,1,On,1293.7,34.51,2.751,1.855,2.717,14.27,89.59,12.22,10.95,7.48,2,656.96,5086.1,5086.1,84.77,84.77,7.75,6/10/2024
-111.7102906,33.08217573,Azule 1,TaskName 6/10/2024,Wheat (Durum),3414,6/10/2024,1,On,1293.6,34.51,2.751,1.862,2.737,13.88,89.66,14.27,12.34,7.5,2,740.54,5691.9,5691.9,94.87,94.87,7.806,6/10/2024
-111.7102816,33.08217564,Azule 1,TaskName 6/10/2024,Wheat (Durum),3415,6/10/2024,0.999,On,1293.6,34.51,2.751,1.854,2.753,13.04,89.81,15,14.42,7.5,2,865.5,6606.1,6606.1,110.1,110.1,7.861,6/10/2024
-111.7102728,33.08217567,Azule 1,TaskName 6/10/2024,Wheat (Durum),3416,6/10/2024,1.001,On,1293.5,34.51,2.751,1.943,2.704,15.08,89.95,14.75,15.01,7.5,2,900.72,7014.1,7014.1,116.9,116.9,7.705,6/10/2024
-111.7102638,33.08217538,Azule 1,TaskName 6/10/2024,Wheat (Durum),3417,6/10/2024,0.995,On,1293.5,34.51,2.751,1.873,2.74,13.58,90.08,14.87,14.74,7.42,2,884.42,6755.7,6755.7,112.6,112.6,7.855,6/10/2024
-111.710255,33.0821753,Azule 1,TaskName 6/10/2024,Wheat (Durum),3418,6/10/2024,1.005,On,1293.5,35.01,2.501,1.838,2.697,12.62,90.13,13.19,14.89,7.32,2,893.32,6901.5,6901.5,115.03,115.03,7.766,6/10/2024
-111.7102462,33.08217537,Azule 1,TaskName 6/10/2024,Wheat (Durum),3419,6/10/2024,0.999,On,1293.5,34.51,2.751,1.824,2.717,12.21,89.91,12.49,13.02,7.22,2,781.46,6043.9,6043.9,100.73,100.73,7.758,6/10/2024
-111.7102372,33.08217552,Azule 1,TaskName 6/10/2024,Wheat (Durum),3420,6/10/2024,1,On,1293.5,34.51,2.751,1.858,2.747,11.19,89.65,11.63,12.47,7.2,2,748.44,5731.6,5731.6,95.53,95.53,7.835,6/10/2024
-111.7102283,33.0821756,Azule 1,TaskName 6/10/2024,Wheat (Durum),3421,6/10/2024,1,On,1293.6,34.51,2.751,1.83,2.724,12.51,89.68,12.43,11.55,7.2,2,693.24,5353.6,5353.6,89.23,89.23,7.769,6/10/2024
-111.7102195,33.08217548,Azule 1,TaskName 6/10/2024,Wheat (Durum),3422,6/10/2024,1.001,On,1293.6,34.51,2.751,1.814,2.671,16.43,89.95,12.23,12.53,7.2,2,751.95,5927.1,5927.1,98.79,98.79,7.612,6/10/2024
-111.7102106,33.08217532,Azule 1,TaskName 6/10/2024,Wheat (Durum),3423,6/10/2024,1,On,1293.6,34.51,2.751,1.85,2.727,17.23,90.14,13.1,12.18,7.2,2,730.75,5636.5,5636.5,93.94,93.94,7.779,6/10/2024
-111.7102016,33.08217533,Azule 1,TaskName 6/10/2024,Wheat (Durum),3424,6/10/2024,0.999,On,1293.6,34.51,2.751,1.89,2.76,14.77,90.09,14.07,13.28,7.2,2,796.51,6064.7,6064.7,101.08,101.08,7.88,6/10/2024
-111.7101927,33.08217533,Azule 1,TaskName 6/10/2024,Wheat (Durum),3425,6/10/2024,1,On,1293.5,34.51,2.751,1.892,2.704,13.8,89.91,14.87,14.05,7.2,2,843.26,6559.6,6559.6,109.33,109.33,7.713,6/10/2024
-111.7101838,33.0821754,Azule 1,TaskName 6/10/2024,Wheat (Durum),3426,6/10/2024,1,On,1293.5,34.51,2.751,1.869,2.727,13.48,89.77,14.19,14.93,7.2,2,895.92,6910.6,6910.6,115.18,115.18,7.779,6/10/2024
-111.7101748,33.08217558,Azule 1,TaskName 6/10/2024,Wheat (Durum),3427,6/10/2024,1,On,1293.5,34.51,2.751,1.861,2.757,12.17,89.54,13.63,14.09,7.2,2,845.41,6451.1,6451.1,107.52,107.52,7.863,6/10/2024
-111.710166,33.08217571,Azule 1,TaskName 6/10/2024,Wheat (Durum),3428,6/10/2024,0.996,On,1293.5,34.51,2.751,1.863,2.668,11.68,89.36,13.87,13.67,7.2,2,820.16,6440.3,6440.3,107.34,107.34,7.641,6/10/2024
-111.7101572,33.08217589,Azule 1,TaskName 6/10/2024,Wheat (Durum),3429,6/10/2024,1.004,On,1293.6,34.51,2.751,1.83,2.714,13.38,89.29,13.74,13.84,7.2,2,830.22,6460.5,6460.5,107.67,107.67,7.71,6/10/2024
-111.7101483,33.08217589,Azule 1,TaskName 6/10/2024,Wheat (Durum),3430,6/10/2024,1.001,On,1293.6,34.51,2.751,1.816,2.711,14.03,89.34,11.72,13.71,7.2,2,822.71,6390.7,6390.7,106.51,106.51,7.724,6/10/2024
-111.7101394,33.08217595,Azule 1,TaskName 6/10/2024,Wheat (Durum),3431,6/10/2024,0.999,On,1293.6,34.51,2.751,1.868,2.727,12.75,89.44,11.69,11.55,7.2,2,693.1,5340.7,5340.7,89.01,89.01,7.787,6/10/2024
-111.7101305,33.08217591,Azule 1,TaskName 6/10/2024,Wheat (Durum),3432,6/10/2024,0.996,On,1293.7,34.51,2.751,1.858,2.704,14.86,89.68,13.5,11.81,7.12,2,708.85,5492,5492,91.53,91.53,7.744,6/10/2024
-111.7101216,33.08217563,Azule 1,TaskName 6/10/2024,Wheat (Durum),3433,6/10/2024,1.004,On,1293.6,34.51,2.751,1.879,2.724,14.63,90.02,13.54,13.56,7.1,2,813.61,6308.4,6308.4,105.14,105.14,7.738,6/10/2024
-111.7101128,33.08217545,Azule 1,TaskName 6/10/2024,Wheat (Durum),3434,6/10/2024,1.001,On,1293.6,34.51,2.751,1.883,2.704,14.4,90.3,13.26,13.51,7.1,2,810.87,6313.9,6313.9,105.23,105.23,7.705,6/10/2024
-111.7101038,33.08217542,Azule 1,TaskName 6/10/2024,Wheat (Durum),3435,6/10/2024,0.999,On,1293.5,34.51,2.751,1.876,2.724,13.79,90.24,13.77,13.23,7.18,2,793.73,6123.6,6123.6,102.06,102.06,7.777,6/10/2024
-111.7100949,33.0821755,Azule 1,TaskName 6/10/2024,Wheat (Durum),3436,6/10/2024,1,On,1293.5,34.51,2.751,1.851,2.724,12.98,89.94,14.11,13.91,7.2,2,834.73,6446.3,6446.3,107.44,107.44,7.769,6/10/2024
-111.710086,33.08217558,Azule 1,TaskName 6/10/2024,Wheat (Durum),3437,6/10/2024,1.001,On,1293.5,34.51,2.751,1.857,2.717,13.69,89.95,13.11,14.03,7.2,2,842.09,6525.4,6525.4,108.76,108.76,7.743,6/10/2024
-111.7100771,33.08217564,Azule 1,TaskName 6/10/2024,Wheat (Durum),3438,6/10/2024,0.999,On,1293.5,34.51,2.751,1.862,2.714,12.32,89.9,12.18,13.03,7.2,2,781.99,6054.9,6054.9,100.91,100.91,7.749,6/10/2024
-111.7100683,33.08217565,Azule 1,TaskName 6/10/2024,Wheat (Durum),3439,6/10/2024,1,On,1293.5,34.51,2.751,1.834,2.701,12.09,89.94,10.96,12.17,7.119,2,729.91,5684.8,5684.8,94.75,94.75,7.704,6/10/2024
-111.7100595,33.0821755,Azule 1,TaskName 6/10/2024,Wheat (Durum),3440,6/10/2024,0.996,On,1293.5,34.51,2.751,1.854,2.698,14.27,90.24,11.5,10.87,7.1,2,652.29,5066.1,5066.1,84.44,84.44,7.725,6/10/2024
-111.7100506,33.08217544,Azule 1,TaskName 6/10/2024,Wheat (Durum),3441,6/10/2024,1.004,On,1293.5,34.51,2.751,1.881,2.717,15.14,90.29,12.09,11.53,7.1,2,691.87,5377.4,5377.4,89.62,89.62,7.72,6/10/2024
-111.7100416,33.08217529,Azule 1,TaskName 6/10/2024,Wheat (Durum),3442,6/10/2024,1,On,1293.5,35.01,2.501,1.828,2.734,13.04,90.44,13.77,12.13,7.1,2,727.58,5518.8,5518.8,91.98,91.98,7.91,6/10/2024
-111.7100328,33.0821754,Azule 1,TaskName 6/10/2024,Wheat (Durum),3443,6/10/2024,1,On,1293.6,34.51,2.751,1.849,2.688,12.56,90.27,13.38,13.89,7.179,2,833.44,6522.8,6522.8,108.71,108.71,7.666,6/10/2024
-111.710024,33.08217547,Azule 1,TaskName 6/10/2024,Wheat (Durum),3444,6/10/2024,1,On,1293.6,34.51,2.751,1.851,2.694,12.76,90.17,13.71,13.36,7.2,2,801.67,6258.9,6258.9,104.31,104.31,7.685,6/10/2024
-111.7100152,33.0821755,Azule 1,TaskName 6/10/2024,Wheat (Durum),3445,6/10/2024,1.001,On,1293.6,34.51,2.751,1.84,2.701,13.37,90.12,13.23,13.77,7.2,2,826.18,6441,6441,107.35,107.35,7.696,6/10/2024
-111.7100063,33.08217544,Azule 1,TaskName 6/10/2024,Wheat (Durum),3446,6/10/2024,0.999,On,1293.6,34.51,2.751,1.871,2.717,12.67,90.26,13.44,13.15,7.2,2,789.11,6102.6,6102.6,101.71,101.71,7.758,6/10/2024
-111.7099973,33.08217532,Azule 1,TaskName 6/10/2024,Wheat (Durum),3447,6/10/2024,0.995,On,1293.6,34.51,2.751,1.899,2.734,12.72,90.33,12.92,13.49,7.12,2,809.57,6198.3,6198.3,103.31,103.31,7.837,6/10/2024
-111.7099883,33.08217528,Azule 1,TaskName 6/10/2024,Wheat (Durum),3448,6/10/2024,1.001,On,1293.6,34.51,2.751,1.875,2.743,11.11,90.33,13.38,12.84,7.019,2,770.62,5914.4,5914.4,98.57,98.57,7.818,6/10/2024
-111.7099795,33.0821753,Azule 1,TaskName 6/10/2024,Wheat (Durum),3449,6/10/2024,0.999,On,1293.6,34.51,2.751,1.814,2.681,13.62,90.18,13.66,13.43,7.08,2,805.86,6316.1,6316.1,105.27,105.27,7.655,6/10/2024
-111.7099706,33.08217541,Azule 1,TaskName 6/10/2024,Wheat (Durum),3450,6/10/2024,1,On,1293.6,34.51,2.751,1.843,2.754,17.47,89.88,12.4,13.68,7.18,2,820.66,6268.2,6268.2,104.47,104.47,7.855,6/10/2024
-111.7099617,33.08217554,Azule 1,TaskName 6/10/2024,Wheat (Durum),3451,6/10/2024,1,On,1293.6,34.51,2.751,1.854,2.711,15.02,89.66,11.2,12.28,7.28,2,736.68,5715.3,5715.3,95.25,95.25,7.734,6/10/2024
-111.7099528,33.08217575,Azule 1,TaskName 6/10/2024,Wheat (Durum),3452,6/10/2024,1,On,1293.6,34.51,2.751,1.858,2.734,12.67,89.45,11.72,11.12,7.38,2,667.07,5131.8,5131.8,85.53,85.53,7.799,6/10/2024
-111.7099439,33.08217549,Azule 1,TaskName 6/10/2024,Wheat (Durum),3453,6/10/2024,1.001,On,1293.7,34.51,2.751,1.85,2.708,13.35,89.98,13.36,11.79,7.48,2,707.49,5501,5501,91.68,91.68,7.717,6/10/2024
-111.7099351,33.08217536,Azule 1,TaskName 6/10/2024,Wheat (Durum),3454,6/10/2024,1,On,1293.6,34.51,2.751,1.889,2.724,14.03,90.2,13.9,13.5,7.58,2,810.15,6255,6255,104.25,104.25,7.771,6/10/2024
-111.7099261,33.08217541,Azule 1,TaskName 6/10/2024,Wheat (Durum),3455,6/10/2024,0.995,On,1293.7,34.51,2.751,1.858,2.728,13.13,90.05,13.64,13.9,7.6,2,834.14,6400.3,6400.3,106.67,106.67,7.82,6/10/2024
-111.7099172,33.08217536,Azule 1,TaskName 6/10/2024,Wheat (Durum),3456,6/10/2024,1.004,On,1293.6,34.51,2.751,1.872,2.751,12.27,90.13,13.77,13.61,7.52,2,816.76,6270.8,6270.8,104.51,104.51,7.815,6/10/2024
-111.7099084,33.08217541,Azule 1,TaskName 6/10/2024,Wheat (Durum),3457,6/10/2024,0.996,On,1293.6,34.51,2.751,1.866,2.695,13.68,89.94,13.76,13.85,7.42,2,831.25,6462.3,6462.3,107.7,107.7,7.718,6/10/2024
-111.7098995,33.0821755,Azule 1,TaskName 6/10/2024,Wheat (Durum),3458,6/10/2024,1.004,On,1293.6,34.51,2.751,1.834,2.731,13.1,89.7,13.04,13.67,7.4,2,820,6341.1,6341.1,105.68,105.68,7.759,6/10/2024
-111.7098907,33.08217544,Azule 1,TaskName 6/10/2024,Wheat (Durum),3459,6/10/2024,1,On,1293.6,34.51,2.751,1.85,2.665,12.36,89.75,13.37,13.06,7.4,2,783.5,6183.2,6183.2,103.05,103.05,7.603,6/10/2024
-111.7098818,33.0821755,Azule 1,TaskName 6/10/2024,Wheat (Durum),3460,6/10/2024,1.001,On,1293.5,34.51,2.751,1.884,2.754,13.02,89.63,13.18,13.36,7.32,2,801.7,6129.5,6129.5,102.16,102.16,7.848,6/10/2024
-111.7098728,33.08217544,Azule 1,TaskName 6/10/2024,Wheat (Durum),3461,6/10/2024,0.999,On,1293.6,34.51,2.751,1.863,2.731,15.14,89.74,12.68,13.21,7.22,2,792.44,6097.4,6097.4,101.62,101.62,7.798,6/10/2024
-111.7098639,33.08217541,Azule 1,TaskName 6/10/2024,Wheat (Durum),3462,6/10/2024,1,On,1293.5,34.51,2.751,1.835,2.721,14.15,89.73,11.48,12.57,7.119,2,754.18,5829.9,5829.9,97.17,97.17,7.762,6/10/2024
-111.7098552,33.08217558,Azule 1,TaskName 6/10/2024,Wheat (Durum),3463,6/10/2024,1,On,1293.5,34.51,2.751,1.844,2.669,13.52,89.6,12.77,11.4,7.1,2,684.26,5393.4,5393.4,89.89,89.89,7.612,6/10/2024
-111.7098461,33.0821757,Azule 1,TaskName 6/10/2024,Wheat (Durum),3464,6/10/2024,1,On,1293.5,34.51,2.751,1.865,2.8,13.01,89.53,12.47,12.95,7.019,2,776.76,5835.6,5835.6,97.26,97.26,7.986,6/10/2024
-111.7098372,33.08217569,Azule 1,TaskName 6/10/2024,Wheat (Durum),3465,6/10/2024,1,On,1293.5,34.51,2.751,1.852,2.724,11.86,89.63,13.04,12.39,6.92,2,743.61,5741.2,5741.2,95.69,95.69,7.771,6/10/2024
-111.7098285,33.08217582,Azule 1,TaskName 6/10/2024,Wheat (Durum),3466,6/10/2024,1,On,1293.6,34.51,2.751,1.829,2.675,14.25,89.47,12.76,13.11,6.9,2,786.84,6186.7,6186.7,103.11,103.11,7.631,6/10/2024
-111.7098195,33.08217584,Azule 1,TaskName 6/10/2024,Wheat (Durum),3467,6/10/2024,1,On,1293.6,34.51,2.751,1.841,2.754,13.01,89.56,13.57,12.69,6.9,2,761.18,5813.9,5813.9,96.9,96.9,7.855,6/10/2024
-111.7098106,33.08217566,Azule 1,TaskName 6/10/2024,Wheat (Durum),3468,6/10/2024,1.001,On,1293.7,34.51,2.751,1.875,2.738,12.6,89.9,12.27,13.67,6.9,2,820.49,6310.7,6310.7,105.18,105.18,7.801,6/10/2024
-111.7098017,33.08217569,Azule 1,TaskName 6/10/2024,Wheat (Durum),3469,6/10/2024,0.999,On,1293.7,34.51,2.751,1.82,2.718,12.81,89.9,11.51,12.1,6.9,2,726.26,5615.2,5615.2,93.59,93.59,7.76,6/10/2024
-111.7097929,33.08217547,Azule 1,TaskName 6/10/2024,Wheat (Durum),3470,6/10/2024,1,On,1293.7,34.51,2.751,1.9,2.688,13.29,90.19,11.75,11.55,6.9,2,693.2,5423.9,5423.9,90.4,90.4,7.668,6/10/2024
-111.7097839,33.08217562,Azule 1,TaskName 6/10/2024,Wheat (Durum),3471,6/10/2024,1,On,1293.7,34.51,2.751,1.88,2.757,12.83,89.9,13.09,11.73,6.82,2,703.51,5367,5367,89.45,89.45,7.865,6/10/2024
-111.709775,33.08217555,Azule 1,TaskName 6/10/2024,Wheat (Durum),3472,6/10/2024,1,On,1293.7,34.51,2.751,1.89,2.721,13.21,89.95,13.03,13.22,6.8,2,793.06,6130.4,6130.4,102.17,102.17,7.762,6/10/2024
-111.7097661,33.08217553,Azule 1,TaskName 6/10/2024,Wheat (Durum),3473,6/10/2024,1,On,1293.6,34.51,2.751,1.837,2.744,14.19,90.03,11.16,13.03,6.8,2,781.59,5991.2,5991.2,99.85,99.85,7.827,6/10/2024
-111.7097572,33.08217559,Azule 1,TaskName 6/10/2024,Wheat (Durum),3474,6/10/2024,0.995,On,1293.6,34.51,2.751,1.867,2.705,12.06,89.95,11.25,11.01,6.879,2,660.51,5111,5111,85.18,85.18,7.754,6/10/2024
-111.7097483,33.08217554,Azule 1,TaskName 6/10/2024,Wheat (Durum),3475,6/10/2024,1.005,On,1293.6,34.51,2.751,1.843,2.747,13.16,89.96,12.91,11.31,6.98,2,678.87,5223.6,5223.6,87.06,87.06,7.798,6/10/2024
-111.7097394,33.08217536,Azule 1,TaskName 6/10/2024,Wheat (Durum),3476,6/10/2024,1,On,1293.5,34.51,2.751,1.878,2.731,13.64,90.15,12.84,12.99,7.08,2,779.51,6004,6004,100.07,100.07,7.79,6/10/2024
-111.7097304,33.0821756,Azule 1,TaskName 6/10/2024,Wheat (Durum),3477,6/10/2024,0.996,On,1293.5,34.51,2.751,1.882,2.734,12.4,89.73,13.19,12.85,7.1,2,770.81,5906.1,5906.1,98.44,98.44,7.831,6/10/2024
-111.7097216,33.0821756,Azule 1,TaskName 6/10/2024,Wheat (Durum),3478,6/10/2024,1,On,1293.5,34.51,2.751,1.841,2.705,13.43,89.84,13.74,13.18,7.02,2,790.77,6149.8,6149.8,102.5,102.5,7.715,6/10/2024
-111.7097128,33.08217544,Azule 1,TaskName 6/10/2024,Wheat (Durum),3479,6/10/2024,1.004,On,1293.5,34.51,2.751,1.881,2.692,12.52,90.02,13.52,13.78,7,2,826.84,6487.5,6487.5,108.12,108.12,7.647,6/10/2024
-111.7097038,33.08217541,Azule 1,TaskName 6/10/2024,Wheat (Durum),3480,6/10/2024,0.995,On,1293.5,34.51,2.751,1.816,2.746,14.58,90.09,13.68,13.55,7,2,813.28,6197.9,6197.9,103.3,103.3,7.873,6/10/2024
-111.709695,33.08217542,Azule 1,TaskName 6/10/2024,Wheat (Durum),3481,6/10/2024,1,On,1293.5,34.51,2.751,1.855,2.7,13.02,89.98,13.04,13.7,7,2,821.89,6402.1,6402.1,106.7,106.7,7.703,6/10/2024
-111.7096862,33.08217568,Azule 1,TaskName 6/10/2024,Wheat (Durum),3482,6/10/2024,1,On,1293.6,34.51,2.751,1.822,2.704,12.04,89.63,13.34,12.96,7,2,777.62,6049.9,6049.9,100.83,100.83,7.712,6/10/2024
-111.7096773,33.08217576,Azule 1,TaskName 6/10/2024,Wheat (Durum),3483,6/10/2024,1,On,1293.6,34.51,2.751,1.863,2.74,12.99,89.7,13.32,13.4,7,2,803.9,6172,6172,102.87,102.87,7.815,6/10/2024
-111.7096685,33.08217573,Azule 1,TaskName 6/10/2024,Wheat (Durum),3484,6/10/2024,1,On,1293.6,34.51,2.751,1.835,2.684,13.37,89.77,13.79,13.29,7,2,797.58,6250.7,6250.7,104.18,104.18,7.656,6/10/2024
-111.7096596,33.08217569,Azule 1,TaskName 6/10/2024,Wheat (Durum),3485,6/10/2024,1,On,1293.6,34.51,2.751,1.876,2.737,14.05,89.9,13.15,13.84,7,2,830.56,6384.3,6384.3,106.4,106.4,7.806,6/10/2024
-111.7096507,33.08217551,Azule 1,TaskName 6/10/2024,Wheat (Durum),3486,6/10/2024,1,On,1293.6,34.51,2.751,1.832,2.717,13.77,90.13,13.72,13.05,7,2,782.89,6061.4,6061.4,101.02,101.02,7.75,6/10/2024
-111.7096418,33.08217558,Azule 1,TaskName 6/10/2024,Wheat (Durum),3487,6/10/2024,1,On,1293.6,34.51,2.751,1.873,2.73,13.39,90,13.3,13.81,7,2,828.67,6385.1,6385.1,106.42,106.42,7.787,6/10/2024
-111.709633,33.08217563,Azule 1,TaskName 6/10/2024,Wheat (Durum),3488,6/10/2024,1.005,On,1293.7,34.51,2.751,1.819,2.684,13.29,89.92,13.39,13.21,7.081,2,792.81,6244.4,6244.4,104.07,104.07,7.618,6/10/2024
-111.7096239,33.08217562,Azule 1,TaskName 6/10/2024,Wheat (Durum),3489,6/10/2024,0.995,On,1293.6,35.01,2.501,1.875,2.786,12.97,89.99,12.82,13.43,7.18,2,805.92,5968.8,5968.8,99.48,99.48,8.101,6/10/2024
-111.7096152,33.08217567,Azule 1,TaskName 6/10/2024,Wheat (Durum),3490,6/10/2024,1,On,1293.6,34.51,2.751,1.88,2.664,14.83,90.02,12.91,12.74,7.2,2,764.49,6035.6,6035.6,100.59,100.59,7.6,6/10/2024
-111.7096061,33.08217551,Azule 1,TaskName 6/10/2024,Wheat (Durum),3491,6/10/2024,1.001,On,1293.5,34.51,2.751,1.898,2.799,13.08,90.18,13.54,12.95,7.2,2,777.08,5846,5846,97.43,97.43,7.975,6/10/2024
-111.7095973,33.08217538,Azule 1,TaskName 6/10/2024,Wheat (Durum),3492,6/10/2024,0.999,On,1293.5,34.51,2.751,1.863,2.704,13.59,90.4,13.78,13.6,7.28,2,815.81,6340.6,6340.6,105.68,105.68,7.72,6/10/2024
-111.7095884,33.08217523,Azule 1,TaskName 6/10/2024,Wheat (Durum),3493,6/10/2024,1,On,1293.5,35.01,2.501,1.865,2.733,12.6,90.42,13.95,13.79,7.3,2,827.25,6275.8,6275.8,104.6,104.6,7.909,6/10/2024
-111.7095795,33.08217532,Azule 1,TaskName 6/10/2024,Wheat (Durum),3494,6/10/2024,1.001,On,1293.5,35.01,2.501,1.835,2.7,13.17,90.2,14.72,13.96,7.22,2,837.61,6438,6438,107.3,107.3,7.806,6/10/2024
-111.7095707,33.08217536,Azule 1,TaskName 6/10/2024,Wheat (Durum),3495,6/10/2024,0.999,On,1293.6,34.51,2.751,1.827,2.71,12.62,90.08,14.69,14.79,7.12,2,887.49,6881.1,6881.1,114.69,114.69,7.739,6/10/2024
-111.7095617,33.08217553,Azule 1,TaskName 6/10/2024,Wheat (Durum),3496,6/10/2024,1.001,On,1293.5,34.51,2.751,1.866,2.759,12.16,89.76,13.42,14.66,7.1,2,879.45,6710.5,6710.5,111.84,111.84,7.863,6/10/2024
-111.7095531,33.08217568,Azule 1,TaskName 6/10/2024,Wheat (Durum),3497,6/10/2024,0.999,On,1293.6,34.51,2.751,1.825,2.638,13.57,89.72,12.84,13.3,7.1,2,798,6356.5,6356.5,105.94,105.94,7.532,6/10/2024
-111.7095441,33.08217566,Azule 1,TaskName 6/10/2024,Wheat (Durum),3498,6/10/2024,1,On,1293.6,34.51,2.751,1.876,2.756,13.47,89.78,13.76,12.83,7.1,2,769.6,5873.4,5873.4,97.89,97.89,7.862,6/10/2024
-111.7095353,33.08217554,Azule 1,TaskName 6/10/2024,Wheat (Durum),3499,6/10/2024,1,On,1293.6,34.51,2.751,1.837,2.684,13.63,90.08,14.99,13.86,7.1,2,831.48,6516.4,6516.4,108.61,108.61,7.656,6/10/2024
-111.7095263,33.08217551,Azule 1,TaskName 6/10/2024,Wheat (Durum),3500,6/10/2024,1,On,1293.6,34.51,2.751,1.868,2.769,14.59,90.11,14.57,15.09,7.1,2,905.41,6877.2,6877.2,114.62,114.62,7.899,6/10/2024
-111.7095175,33.08217548,Azule 1,TaskName 6/10/2024,Wheat (Durum),3501,6/10/2024,1.001,On,1293.6,34.51,2.751,1.868,2.687,14.03,90.13,14.03,14.5,7.1,2,869.86,6815.7,6815.7,113.59,113.59,7.658,6/10/2024
-111.7095085,33.08217559,Azule 1,TaskName 6/10/2024,Wheat (Durum),3502,6/10/2024,1,On,1293.5,34.51,2.751,1.853,2.756,13.59,89.93,13.46,14,7.02,2,840.19,6412.2,6412.2,106.87,106.87,7.862,6/10/2024
-111.7094999,33.0821756,Azule 1,TaskName 6/10/2024,Wheat (Durum),3503,6/10/2024,0.995,On,1293.5,34.51,2.751,1.853,2.638,15.01,90,13.39,13.48,7,2,808.68,6415.8,6415.8,106.93,106.93,7.563,6/10/2024
-111.7094908,33.08217551,Azule 1,TaskName 6/10/2024,Wheat (Durum),3504,6/10/2024,1.004,On,1293.4,34.51,2.751,1.863,2.779,13.55,90.09,12.4,13.32,7.081,2,799.47,6075.2,6075.2,101.25,101.25,7.896,6/10/2024
-111.7094821,33.08217534,Azule 1,TaskName 6/10/2024,Wheat (Durum),3505,6/10/2024,1,On,1293.4,34.51,2.751,1.851,2.668,11.89,90.26,13.85,12.34,7.179,2,740.31,5837.6,5837.6,97.29,97.29,7.609,6/10/2024
-111.7094732,33.08217535,Azule 1,TaskName 6/10/2024,Wheat (Durum),3506,6/10/2024,1,On,1293.4,34.51,2.751,1.847,2.723,14.15,90.12,13.69,14.03,7.28,2,841.56,6500,6500,108.33,108.33,7.768,6/10/2024
-111.7094643,33.08217552,Azule 1,TaskName 6/10/2024,Wheat (Durum),3507,6/10/2024,1,On,1293.5,34.51,2.751,1.801,2.704,13.95,89.77,13.58,13.61,7.3,2,816.3,6350.8,6350.8,105.85,105.85,7.712,6/10/2024
-111.7094555,33.0821756,Azule 1,TaskName 6/10/2024,Wheat (Durum),3508,6/10/2024,0.995,On,1293.5,34.51,2.751,1.833,2.72,13.45,89.81,13.34,13.59,7.3,2,815.65,6275.9,6275.9,104.6,104.6,7.798,6/10/2024
-111.7094467,33.08217565,Azule 1,TaskName 6/10/2024,Wheat (Durum),3509,6/10/2024,1.005,On,1293.6,34.51,2.751,1.824,2.684,13.49,89.78,13.78,13.38,7.3,2,802.99,6324.6,6324.6,105.41,105.41,7.618,6/10/2024
-111.7094376,33.08217562,Azule 1,TaskName 6/10/2024,Wheat (Durum),3510,6/10/2024,1,On,1293.6,34.51,2.751,1.913,2.781,12.45,89.95,13.65,13.76,7.3,2,825.42,6243.1,6243.1,104.05,104.05,7.933,6/10/2024
-111.7094289,33.08217562,Azule 1,TaskName 6/10/2024,Wheat (Durum),3511,6/10/2024,0.996,On,1293.5,34.51,2.751,1.904,2.666,12.34,89.95,13.33,13.69,7.3,2,821.6,6456,6456,107.6,107.6,7.636,6/10/2024
-111.7094199,33.08217547,Azule 1,TaskName 6/10/2024,Wheat (Durum),3512,6/10/2024,1.004,On,1293.5,34.51,2.751,1.853,2.758,14.03,90.17,12.98,13.24,7.3,2,794.36,6082.5,6082.5,101.37,101.37,7.836,6/10/2024
-111.709411,33.08217531,Azule 1,TaskName 6/10/2024,Wheat (Durum),3513,6/10/2024,0.996,On,1293.5,34.51,2.751,1.869,2.719,13.69,90.36,13.5,12.96,7.3,2,777.8,5993.8,5993.8,99.9,99.9,7.786,6/10/2024
-111.709402,33.08217528,Azule 1,TaskName 6/10/2024,Wheat (Durum),3514,6/10/2024,1.004,On,1293.5,34.51,2.751,1.912,2.761,13.45,90.32,13.68,13.55,7.3,2,813.01,6217.9,6217.9,103.63,103.63,7.845,6/10/2024
-111.7093932,33.08217516,Azule 1,TaskName 6/10/2024,Wheat (Durum),3515,6/10/2024,1,On,1293.5,35.01,2.501,1.794,2.692,13.76,90.34,13.15,13.75,7.3,2,824.88,6352.6,6352.6,105.88,105.88,7.791,6/10/2024
-111.7093843,33.08217533,Azule 1,TaskName 6/10/2024,Wheat (Durum),3516,6/10/2024,1,On,1293.5,34.51,2.751,1.847,2.729,12.73,90.1,13.56,13.08,7.38,2,785.08,6052.3,6052.3,100.87,100.87,7.783,6/10/2024
-111.7093756,33.08217536,Azule 1,TaskName 6/10/2024,Wheat (Durum),3517,6/10/2024,0.995,On,1293.5,34.51,2.751,1.846,2.65,12.72,89.84,14.04,13.62,7.242,2,816.96,6452.8,6452.8,107.55,107.55,7.596,6/10/2024
-111.7093666,33.08217543,Azule 1,TaskName 6/10/2024,Wheat (Durum),3518,6/10/2024,1,On,1293.5,35.01,2.501,1.839,2.752,14.12,89.62,14,14.06,7.2,2,843.84,6359.1,6359.1,105.99,105.99,7.962,6/10/2024
-111.7093577,33.08217535,Azule 1,TaskName 6/10/2024,Wheat (Durum),3519,6/10/2024,1,On,1293.6,35.01,2.501,1.842,2.715,12.26,89.81,14.02,13.99,7.119,2,839.38,6409.5,6409.5,106.83,106.83,7.857,6/10/2024
-111.7093489,33.08217551,Azule 1,TaskName 6/10/2024,Wheat (Durum),3520,6/10/2024,1.001,On,1293.6,35.01,2.501,1.859,2.702,13.04,89.65,14.04,14.03,7.1,2,841.55,6463.8,6463.8,107.73,107.73,7.812,6/10/2024
-111.7093401,33.08217543,Azule 1,TaskName 6/10/2024,Wheat (Durum),3521,6/10/2024,1.004,On,1293.6,34.51,2.751,1.828,2.702,13.26,89.67,13.28,14.04,7.18,2,842.61,6585.1,6585.1,109.75,109.75,7.677,6/10/2024
-111.709331,33.0821755,Azule 1,TaskName 6/10/2024,Wheat (Durum),3522,6/10/2024,1,On,1293.6,34.51,2.751,1.887,2.768,12.26,89.8,13.55,13.2,7.359,2,792.08,6019.4,6019.4,100.32,100.32,7.895,6/10/2024
-111.7093224,33.08217554,Azule 1,TaskName 6/10/2024,Wheat (Durum),3523,6/10/2024,0.996,On,1293.5,35.01,2.501,1.841,2.656,13.94,89.63,13.71,13.62,7.48,2,817.3,6354.2,6354.2,105.9,105.9,7.717,6/10/2024
-111.7093134,33.08217567,Azule 1,TaskName 6/10/2024,Wheat (Durum),3524,6/10/2024,0.999,On,1293.5,35.01,2.501,1.867,2.748,14.63,89.43,14.38,13.71,7.42,2,822.52,6199.6,6199.6,103.33,103.33,7.96,6/10/2024
-111.7093046,33.08217586,Azule 1,TaskName 6/10/2024,Wheat (Durum),3525,6/10/2024,1.001,On,1293.5,34.51,2.751,1.864,2.692,12.05,89.25,13.84,14.45,7.241,2,866.72,6778,6778,112.97,112.97,7.672,6/10/2024
-111.7092958,33.08217593,Azule 1,TaskName 6/10/2024,Wheat (Durum),3526,6/10/2024,0.999,On,1293.5,34.51,2.751,1.825,2.683,14.19,89.27,13.58,13.74,7.12,2,824.17,6456,6456,107.6,107.6,7.66,6/10/2024
-111.7092869,33.0821759,Azule 1,TaskName 6/10/2024,Wheat (Durum),3527,6/10/2024,1.005,On,1293.5,34.51,2.751,1.802,2.712,13.57,89.35,13.16,13.6,7.1,2,816.16,6361.6,6361.6,106.03,106.03,7.698,6/10/2024
-111.7092781,33.08217576,Azule 1,TaskName 6/10/2024,Wheat (Durum),3528,6/10/2024,0.995,On,1293.6,34.51,2.751,1.835,2.709,12.07,89.69,13.57,13.11,7.1,2,786.89,6079.7,6079.7,101.33,101.33,7.766,6/10/2024
-111.7092691,33.08217586,Azule 1,TaskName 6/10/2024,Wheat (Durum),3529,6/10/2024,1,On,1293.6,34.51,2.751,1.883,2.742,14.38,89.63,13.59,13.62,7.1,2,817.08,6268.8,6268.8,104.48,104.48,7.82,6/10/2024
-111.7092602,33.08217568,Azule 1,TaskName 6/10/2024,Wheat (Durum),3530,6/10/2024,1,On,1293.6,34.51,2.751,1.871,2.745,13.15,90.01,14,13.58,7.1,2,815.01,6245.4,6245.4,104.09,104.09,7.83,6/10/2024
-111.7092514,33.08217541,Azule 1,TaskName 6/10/2024,Wheat (Durum),3531,6/10/2024,1,On,1293.5,34.51,2.751,1.896,2.689,14.04,90.31,13.89,14.04,7.1,2,842.48,6589.8,6589.8,109.83,109.83,7.671,6/10/2024
-111.7092424,33.08217531,Azule 1,TaskName 6/10/2024,Wheat (Durum),3532,6/10/2024,1,On,1293.5,35.01,2.501,1.862,2.752,13.66,90.41,13.97,13.86,7.18,2,831.4,6265.3,6265.3,104.42,104.42,7.962,6/10/2024
-111.7092335,33.08217512,Azule 1,TaskName 6/10/2024,Wheat (Durum),3533,6/10/2024,1,On,1293.5,35.01,2.501,1.877,2.729,12.6,90.54,13.78,13.99,7.2,2,839.37,6378.7,6378.7,106.31,106.31,7.895,6/10/2024
-111.7092246,33.08217537,Azule 1,TaskName 6/10/2024,Wheat (Durum),3534,6/10/2024,1,On,1293.5,34.51,2.751,1.816,2.699,13.33,90.01,13.59,13.83,7.2,2,829.81,6467.1,6467.1,107.78,107.78,7.699,6/10/2024
-111.7092157,33.08217557,Azule 1,TaskName 6/10/2024,Wheat (Durum),3535,6/10/2024,1.001,On,1293.5,34.51,2.751,1.88,2.732,13.81,89.87,13.43,13.5,7.2,2,809.85,6242,6242,104.03,104.03,7.785,6/10/2024
-111.7092068,33.08217564,Azule 1,TaskName 6/10/2024,Wheat (Durum),3536,6/10/2024,0.999,On,1293.5,34.51,2.751,1.864,2.725,14.05,89.78,13.55,13.43,7.2,2,805.57,6211.5,6211.5,103.52,103.52,7.781,6/10/2024
-111.7091979,33.08217578,Azule 1,TaskName 6/10/2024,Wheat (Durum),3537,6/10/2024,1.001,On,1293.5,34.51,2.751,1.863,2.715,13.5,89.67,14,13.57,7.2,2,814.04,6312.1,6312.1,105.2,105.2,7.738,6/10/2024
-111.709189,33.08217562,Azule 1,TaskName 6/10/2024,Wheat (Durum),3538,6/10/2024,1,On,1293.5,34.51,2.751,1.826,2.735,12.54,90.02,13.78,14.03,7.28,2,841.68,6473,6473,107.88,107.88,7.802,6/10/2024
-111.7091802,33.08217568,Azule 1,TaskName 6/10/2024,Wheat (Durum),3539,6/10/2024,0.999,On,1293.5,34.51,2.751,1.844,2.699,12.87,89.91,14.01,13.76,7.3,2,825.77,6429.2,6429.2,107.15,107.15,7.706,6/10/2024
-111.7091714,33.0821756,Azule 1,TaskName 6/10/2024,Wheat (Durum),3540,6/10/2024,1.001,On,1293.6,35.01,2.501,1.822,2.699,14.67,89.91,14.13,14.04,7.22,2,842.37,6478.1,6478.1,107.97,107.97,7.802,6/10/2024
-111.7091625,33.08217579,Azule 1,TaskName 6/10/2024,Wheat (Durum),3541,6/10/2024,0.999,On,1293.6,34.51,2.751,1.847,2.735,11.48,89.75,13.91,14.13,7.12,2,847.9,6514.5,6514.5,108.58,108.58,7.809,6/10/2024
-111.7091537,33.0821756,Azule 1,TaskName 6/10/2024,Wheat (Durum),3542,6/10/2024,1,On,1293.6,34.51,2.751,1.834,2.683,13.38,90,13.11,13.89,7.1,2,833.11,6532.7,6532.7,108.88,108.88,7.652,6/10/2024
-111.7091448,33.08217551,Azule 1,TaskName 6/10/2024,Wheat (Durum),3543,6/10/2024,1,On,1293.6,34.51,2.751,1.84,2.735,14.11,90.17,13.63,13.02,7.1,2,781.33,6009.1,6009.1,100.15,100.15,7.801,6/10/2024
-111.709136,33.08217538,Azule 1,TaskName 6/10/2024,Wheat (Durum),3544,6/10/2024,1,On,1293.6,34.51,2.751,1.897,2.712,12.78,90.22,13.7,13.72,7.1,2,823.38,6386.1,6386.1,106.44,106.44,7.736,6/10/2024
-111.709127,33.08217537,Azule 1,TaskName 6/10/2024,Wheat (Durum),3545,6/10/2024,1,On,1293.6,34.51,2.751,1.861,2.751,15.05,90.23,14.08,13.67,7.1,2,820.31,6271.3,6271.3,104.52,104.52,7.848,6/10/2024
-111.7091181,33.08217521,Azule 1,TaskName 6/10/2024,Wheat (Durum),3546,6/10/2024,1.001,On,1293.5,35.01,2.501,1.862,2.742,13.04,90.34,13.15,14.11,7.1,2,846.72,6410.3,6410.3,106.84,106.84,7.925,6/10/2024
-111.7091093,33.08217523,Azule 1,TaskName 6/10/2024,Wheat (Durum),3547,6/10/2024,0.999,On,1293.5,35.01,2.501,1.837,2.696,13.18,90.2,13.87,13.06,7.02,2,783.55,6021,6021,100.35,100.35,7.808,6/10/2024
-111.7091005,33.0821754,Azule 1,TaskName 6/10/2024,Wheat (Durum),3548,6/10/2024,1,On,1293.5,34.51,2.751,1.85,2.715,15.11,89.78,12.91,13.96,6.921,2,837.39,6486.9,6486.9,108.12,108.12,7.745,6/10/2024
-111.7090915,33.08217577,Azule 1,TaskName 6/10/2024,Wheat (Durum),3549,6/10/2024,1,On,1293.5,34.51,2.751,1.864,2.738,12.72,89.41,13.27,12.78,6.9,2,766.92,5891.2,5891.2,98.19,98.19,7.811,6/10/2024
-111.7090827,33.08217608,Azule 1,TaskName 6/10/2024,Wheat (Durum),3550,6/10/2024,1,On,1293.5,34.51,2.751,1.846,2.728,12.13,89.12,13.48,13.35,6.9,2,800.77,6173.4,6173.4,102.89,102.89,7.783,6/10/2024
-111.7090739,33.08217602,Azule 1,TaskName 6/10/2024,Wheat (Durum),3551,6/10/2024,1,On,1293.5,34.51,2.751,1.85,2.686,13.14,89.37,12.99,13.46,6.9,2,807.44,6323.7,6323.7,105.4,105.4,7.661,6/10/2024
-111.709065,33.08217583,Azule 1,TaskName 6/10/2024,Wheat (Durum),3552,6/10/2024,1,On,1293.5,34.51,2.751,1.832,2.732,13.08,89.69,12.67,12.96,6.9,2,777.9,5989.9,5989.9,99.83,99.83,7.792,6/10/2024
-111.7090562,33.08217576,Azule 1,TaskName 6/10/2024,Wheat (Durum),3553,6/10/2024,1.001,On,1293.6,34.51,2.751,1.836,2.702,13.43,89.83,12.51,12.64,6.9,2,758.52,5910.4,5910.4,98.51,98.51,7.7,6/10/2024
-111.7090474,33.08217565,Azule 1,TaskName 6/10/2024,Wheat (Durum),3554,6/10/2024,0.999,On,1293.5,34.51,2.751,1.84,2.699,13.15,89.96,12.77,12.52,6.9,2,751.09,5847.9,5847.9,97.47,97.47,7.706,6/10/2024
-111.7090384,33.08217561,Azule 1,TaskName 6/10/2024,Wheat (Durum),3555,6/10/2024,1.001,On,1293.5,34.51,2.751,1.871,2.768,12.53,90.01,13.19,12.78,6.9,2,766.97,5834.6,5834.6,97.24,97.24,7.887,6/10/2024
-111.7090296,33.08217548,Azule 1,TaskName 6/10/2024,Wheat (Durum),3556,6/10/2024,0.999,On,1293.5,34.51,2.751,1.848,2.692,12.83,90.16,13.23,13.22,6.9,2,793.41,6192.5,6192.5,103.21,103.21,7.688,6/10/2024
-111.7090208,33.08217554,Azule 1,TaskName 6/10/2024,Wheat (Durum),3557,6/10/2024,1,On,1293.5,34.51,2.751,1.85,2.715,12.89,90,13.13,13.23,6.9,2,793.69,6148.4,6148.4,102.47,102.47,7.745,6/10/2024
-111.7090118,33.08217549,Azule 1,TaskName 6/10/2024,Wheat (Durum),3558,6/10/2024,1,On,1293.5,34.51,2.751,1.853,2.742,12.36,90.05,12.97,13.14,6.9,2,788.12,6046.8,6046.8,100.78,100.78,7.82,6/10/2024
-111.7090029,33.08217554,Azule 1,TaskName 6/10/2024,Wheat (Durum),3559,6/10/2024,1,On,1293.6,34.51,2.751,1.833,2.742,12.92,90.03,12.19,12.96,6.9,2,777.45,5964.9,5964.9,99.42,99.42,7.82,6/10/2024
-111.708994,33.08217553,Azule 1,TaskName 6/10/2024,Wheat (Durum),3560,6/10/2024,0.995,On,1293.6,34.51,2.751,1.86,2.728,13.08,90.01,11.45,12.13,6.9,2,727.91,5583.7,5583.7,93.06,93.06,7.822,6/10/2024
-111.708985,33.08217539,Azule 1,TaskName 6/10/2024,Wheat (Durum),3561,6/10/2024,1.005,On,1293.5,34.51,2.751,1.91,2.765,12.65,90.16,11.58,11.4,6.9,2,683.98,5230.2,5230.2,87.17,87.17,7.846,6/10/2024
-111.7089762,33.08217525,Azule 1,TaskName 6/10/2024,Wheat (Durum),3562,6/10/2024,0.996,On,1293.5,34.51,2.751,1.861,2.702,14.03,90.33,12.8,11.62,6.9,2,697.17,5405.2,5405.2,90.09,90.09,7.739,6/10/2024
-111.7089672,33.08217499,Azule 1,TaskName 6/10/2024,Wheat (Durum),3563,6/10/2024,1,On,1293.4,34.51,2.751,1.863,2.735,12.36,90.42,12.49,12.96,6.9,2,777.75,5981.6,5981.6,99.69,99.69,7.801,6/10/2024
-111.7089585,33.08217536,Azule 1,TaskName 6/10/2024,Wheat (Durum),3564,6/10/2024,1.004,On,1293.4,34.51,2.751,1.863,2.696,12.65,89.75,12.93,12.43,6.9,2,745.62,5841.5,5841.5,97.36,97.36,7.659,6/10/2024
-111.7089496,33.08217558,Azule 1,TaskName 6/10/2024,Wheat (Durum),3565,6/10/2024,0.996,On,1293.5,34.51,2.751,1.799,2.725,13.65,89.54,12.26,12.93,6.9,2,775.55,5962.3,5962.3,99.37,99.37,7.805,6/10/2024
-111.7089406,33.08217567,Azule 1,TaskName 6/10/2024,Wheat (Durum),3566,6/10/2024,1,On,1293.5,34.51,2.751,1.847,2.758,12.08,89.67,12.5,12.2,6.98,2,731.89,5582,5582,93.03,93.03,7.867,6/10/2024
-111.7089318,33.0821756,Azule 1,TaskName 6/10/2024,Wheat (Durum),3567,6/10/2024,1.004,On,1293.5,34.51,2.751,1.863,2.692,12.29,89.81,11.58,12.55,7.079,2,752.89,5905.6,5905.6,98.43,98.43,7.649,6/10/2024
-111.7089229,33.08217547,Azule 1,TaskName 6/10/2024,Wheat (Durum),3568,6/10/2024,0.995,On,1293.5,34.51,2.751,1.818,2.722,14.71,90.08,12.81,11.51,7.18,2,690.68,5310.8,5310.8,88.51,88.51,7.803,6/10/2024
-111.708914,33.08217538,Azule 1,TaskName 6/10/2024,Wheat (Durum),3569,6/10/2024,1.005,On,1293.4,35.01,2.501,1.886,2.728,13.27,90.16,12.39,12.97,7.279,2,778.41,5945.2,5945.2,99.09,99.09,7.856,6/10/2024
-111.7089051,33.0821755,Azule 1,TaskName 6/10/2024,Wheat (Durum),3570,6/10/2024,0.996,On,1293.4,35.01,2.501,1.879,2.738,12.42,89.84,12.06,12.28,7.38,2,736.68,5557.4,5557.4,92.62,92.62,7.954,6/10/2024
-111.7088963,33.0821755,Azule 1,TaskName 6/10/2024,Wheat (Durum),3571,6/10/2024,1,On,1293.4,35.01,2.501,1.822,2.711,13.45,89.79,12.24,12.06,7.32,2,723.84,5535.5,5535.5,92.26,92.26,7.846,6/10/2024
-111.7088874,33.08217575,Azule 1,TaskName 6/10/2024,Wheat (Durum),3572,6/10/2024,0.999,On,1293.4,34.51,2.751,1.838,2.728,13.42,89.54,12.11,12.26,7.3,2,735.47,5665.7,5665.7,94.43,94.43,7.789,6/10/2024
-111.7088785,33.08217583,Azule 1,TaskName 6/10/2024,Wheat (Durum),3573,6/10/2024,1.001,On,1293.5,34.51,2.751,1.861,2.741,12,89.48,10.89,12.07,7.3,2,724.31,5564.1,5564.1,92.73,92.73,7.81,6/10/2024
-111.7088696,33.0821759,Azule 1,TaskName 6/10/2024,Wheat (Durum),3574,6/10/2024,1,On,1293.5,34.51,2.751,1.846,2.721,11.86,89.63,11.04,10.79,7.3,2,647.56,5005.6,5005.6,83.43,83.43,7.762,6/10/2024
-111.7088609,33.08217569,Azule 1,TaskName 6/10/2024,Wheat (Durum),3575,6/10/2024,0.999,On,1293.6,34.51,2.751,1.849,2.698,12.85,90.02,11.63,11.08,7.3,2,664.65,5176.1,5176.1,86.27,86.27,7.704,6/10/2024
-111.7088519,33.08217551,Azule 1,TaskName 6/10/2024,Wheat (Durum),3576,6/10/2024,1,On,1293.5,34.51,2.751,1.858,2.741,12.99,90.24,12.11,11.68,7.3,2,700.9,5378.9,5378.9,89.65,89.65,7.818,6/10/2024
-111.7088431,33.08217522,Azule 1,TaskName 6/10/2024,Wheat (Durum),3577,6/10/2024,1.001,On,1293.5,35.01,2.501,1.885,2.702,13.06,90.56,12.43,12.13,7.3,2,727.54,5589.6,5589.6,93.16,93.16,7.81,6/10/2024
-111.7088343,33.08217535,Azule 1,TaskName 6/10/2024,Wheat (Durum),3578,6/10/2024,0.999,On,1293.5,35.01,2.501,1.83,2.702,12.53,90.14,11.99,12.46,7.22,2,747.69,5733,5733,95.55,95.55,7.825,6/10/2024
-111.7088254,33.08217544,Azule 1,TaskName 6/10/2024,Wheat (Durum),3579,6/10/2024,1.001,On,1293.6,35.01,2.501,1.83,2.731,12.93,89.7,11.47,11.92,7.12,2,715.22,5435.5,5435.5,90.59,90.59,7.895,6/10/2024
-111.7088166,33.08217551,Azule 1,TaskName 6/10/2024,Wheat (Durum),3580,6/10/2024,0.999,On,1293.5,34.51,2.751,1.883,2.721,13.29,89.7,10.72,11.44,7.1,2,686.32,5299.8,5299.8,88.33,88.33,7.77,6/10/2024
-111.7088076,33.0821756,Azule 1,TaskName 6/10/2024,Wheat (Durum),3581,6/10/2024,1.001,On,1293.5,34.51,2.751,1.841,2.767,13.05,89.61,11.12,10.66,7.1,2,639.73,4867.7,4867.7,81.13,81.13,7.885,6/10/2024
-111.7087987,33.08217544,Azule 1,TaskName 6/10/2024,Wheat (Durum),3582,6/10/2024,0.999,On,1293.5,34.51,2.751,1.87,2.715,11.92,89.97,11.34,11.17,7.1,2,669.95,5185.9,5185.9,86.43,86.43,7.751,6/10/2024
-111.7087899,33.08217528,Azule 1,TaskName 6/10/2024,Wheat (Durum),3583,6/10/2024,1,On,1293.5,34.51,2.751,1.894,2.702,13.1,90.08,11.71,11.35,7.1,2,680.96,5302,5302,88.37,88.37,7.706,6/10/2024
-111.7087811,33.08217542,Azule 1,TaskName 6/10/2024,Wheat (Durum),3584,6/10/2024,1.001,On,1293.5,34.51,2.751,1.796,2.721,13.16,89.81,10.91,11.74,7.1,2,704.61,5452,5452,90.87,90.87,7.754,6/10/2024
-111.7087721,33.08217557,Azule 1,TaskName 6/10/2024,Wheat (Durum),3585,6/10/2024,1,On,1293.5,34.51,2.751,1.854,2.767,12.52,89.58,10.99,10.81,7.1,2,648.61,4930.4,4930.4,82.17,82.17,7.893,6/10/2024
-111.7087633,33.08217582,Azule 1,TaskName 6/10/2024,Wheat (Durum),3586,6/10/2024,0.995,On,1293.6,34.51,2.751,1.851,2.695,11.63,89.3,10.58,11.02,7.1,2,661.06,5133.8,5133.8,85.56,85.56,7.726,6/10/2024
-111.7087543,33.0821758,Azule 1,TaskName 6/10/2024,Wheat (Durum),3587,6/10/2024,1.004,On,1293.6,34.51,2.751,1.824,2.741,12.16,89.49,10.64,10.53,7.1,2,631.96,4869.2,4869.2,81.15,81.15,7.787,6/10/2024
-111.7087454,33.08217575,Azule 1,TaskName 6/10/2024,Wheat (Durum),3588,6/10/2024,1,On,1293.5,34.51,2.751,1.886,2.744,12.05,89.84,9.819,10.67,7.02,2,639.99,4905.6,4905.6,81.76,81.76,7.828,6/10/2024
-111.7087366,33.08217565,Azule 1,TaskName 6/10/2024,Wheat (Durum),3589,6/10/2024,1.001,On,1293.5,34.51,2.751,1.896,2.698,13.6,89.98,10.68,9.732,6.92,2,583.91,4556.5,4556.5,75.94,75.94,7.689,6/10/2024
-111.7087276,33.08217556,Azule 1,TaskName 6/10/2024,Wheat (Durum),3590,6/10/2024,0.999,On,1293.5,34.51,2.751,1.843,2.774,12.41,90,10.18,10.79,6.9,2,647.24,4903.4,4903.4,81.72,81.72,7.92,6/10/2024
-111.7087186,33.08217553,Azule 1,TaskName 6/10/2024,Wheat (Durum),3591,6/10/2024,1.001,On,1293.5,34.51,2.751,1.843,2.751,11.88,90.18,9.565,10.1,6.82,2,606.29,4640.8,4640.8,77.35,77.35,7.839,6/10/2024
-111.7087098,33.0821755,Azule 1,TaskName 6/10/2024,Wheat (Durum),3592,6/10/2024,0.999,On,1293.6,34.51,2.751,1.845,2.702,12.09,90.09,9.58,9.539,6.8,2,572.32,4451.7,4451.7,74.2,74.2,7.714,6/10/2024
-111.7087008,33.08217555,Azule 1,TaskName 6/10/2024,Wheat (Durum),3593,6/10/2024,1.001,On,1293.6,34.51,2.751,1.853,2.764,11.98,90.05,10.75,9.581,6.72,2,574.84,4379.2,4379.2,72.99,72.99,7.876,6/10/2024
-111.7086922,33.0821754,Azule 1,TaskName 6/10/2024,Wheat (Durum),3594,6/10/2024,0.999,On,1293.5,34.51,2.751,1.836,2.665,12.27,90.22,10.8,10.87,6.7,2,652.28,5142.3,5142.3,85.71,85.71,7.611,6/10/2024
-111.7086832,33.08217519,Azule 1,TaskName 6/10/2024,Wheat (Durum),3595,6/10/2024,1,On,1293.5,34.51,2.751,1.909,2.741,12.68,90.4,10.78,10.77,6.78,2,646.34,4960.2,4960.2,82.67,82.67,7.818,6/10/2024
-111.7086744,33.08217514,Azule 1,TaskName 6/10/2024,Wheat (Durum),3596,6/10/2024,1,On,1293.5,34.51,2.751,1.877,2.721,12.6,90.35,11.41,10.78,6.8,2,646.56,4997.8,4997.8,83.3,83.3,7.762,6/10/2024
-111.7086653,33.08217521,Azule 1,TaskName 6/10/2024,Wheat (Durum),3597,6/10/2024,1,On,1293.5,34.51,2.751,1.871,2.78,11.82,90.1,11.29,11.47,6.88,2,688.41,5208.2,5208.2,86.8,86.8,7.931,6/10/2024
-111.7086565,33.08217553,Azule 1,TaskName 6/10/2024,Wheat (Durum),3598,6/10/2024,1,On,1293.5,34.51,2.751,1.827,2.688,11.62,89.65,10.22,11.3,6.9,2,678.13,5305.8,5305.8,88.43,88.43,7.669,6/10/2024
-111.7086476,33.08217556,Azule 1,TaskName 6/10/2024,Wheat (Durum),3599,6/10/2024,0.996,On,1293.5,34.51,2.751,1.839,2.731,11.35,89.73,9.853,10.08,6.9,2,605.07,4641.5,4641.5,77.36,77.36,7.822,6/10/2024
-111.7086387,33.08217559,Azule 1,TaskName 6/10/2024,Wheat (Durum),3600,6/10/2024,1.004,On,1293.5,34.51,2.751,1.843,2.73,11.88,89.73,10.14,9.859,6.9,2,591.54,4575.8,4575.8,76.26,76.26,7.757,6/10/2024
-111.7086299,33.08217554,Azule 1,TaskName 6/10/2024,Wheat (Durum),3601,6/10/2024,1,On,1293.5,34.51,2.751,1.856,2.691,12.63,89.82,10.1,10.16,6.9,2,609.45,4764.2,4764.2,79.4,79.4,7.675,6/10/2024
-111.7086211,33.0821756,Azule 1,TaskName 6/10/2024,Wheat (Durum),3602,6/10/2024,1,On,1293.5,34.51,2.751,1.862,2.704,11.84,89.71,10.52,10.09,6.9,2,605.31,4708.9,4708.9,78.48,78.48,7.713,6/10/2024
-111.7086123,33.08217562,Azule 1,TaskName 6/10/2024,Wheat (Durum),3603,6/10/2024,1,On,1293.5,34.51,2.751,1.827,2.697,12.89,89.62,10.62,10.62,6.9,2,637.1,4968.3,4968.3,82.8,82.8,7.694,6/10/2024
-111.7086034,33.08217579,Azule 1,TaskName 6/10/2024,Wheat (Durum),3604,6/10/2024,1,On,1293.5,34.51,2.751,1.859,2.727,12.46,89.5,11.27,10.55,6.9,2,632.88,4881.9,4881.9,81.37,81.37,7.778,6/10/2024
-111.7085945,33.08217584,Azule 1,TaskName 6/10/2024,Wheat (Durum),3605,6/10/2024,1,On,1293.5,34.51,2.751,1.859,2.724,12.07,89.64,10.63,11.39,6.9,2,683.41,5278.1,5278.1,87.97,87.97,7.769,6/10/2024
-111.7085857,33.08217578,Azule 1,TaskName 6/10/2024,Wheat (Durum),3606,6/10/2024,0.995,On,1293.6,34.51,2.751,1.809,2.701,13.17,89.74,11.28,10.54,6.9,2,632.53,4902,4902,81.7,81.7,7.742,6/10/2024
-111.7085767,33.08217568,Azule 1,TaskName 6/10/2024,Wheat (Durum),3607,6/10/2024,1.005,On,1293.6,34.51,2.751,1.852,2.747,11.65,90.01,10.97,11.37,6.9,2,682.32,5251.7,5251.7,87.53,87.53,7.795,6/10/2024
-111.708568,33.08217572,Azule 1,TaskName 6/10/2024,Wheat (Durum),3608,6/10/2024,0.995,On,1293.6,34.51,2.751,1.896,2.688,13.27,89.98,11.51,10.92,6.9,2,655.41,5104.1,5104.1,85.07,85.07,7.704,6/10/2024
-111.7085589,33.08217561,Azule 1,TaskName 6/10/2024,Wheat (Durum),3609,6/10/2024,1,On,1293.6,35.01,2.501,1.857,2.766,11.9,90.07,11.26,11.58,6.9,2,695.08,5210.1,5210.1,86.84,86.84,8.005,6/10/2024
-111.7085501,33.08217561,Azule 1,TaskName 6/10/2024,Wheat (Durum),3610,6/10/2024,1,On,1293.5,35.01,2.501,1.877,2.704,12.16,90.16,11.34,11.19,6.82,2,671.63,5150.4,5150.4,85.84,85.84,7.824,6/10/2024
-111.7085412,33.08217554,Azule 1,TaskName 6/10/2024,Wheat (Durum),3611,6/10/2024,1,On,1293.5,34.51,2.751,1.883,2.72,12.93,90.11,10.57,11.38,6.88,2,682.8,5279.7,5279.7,88,88,7.759,6/10/2024
-111.7085323,33.08217559,Azule 1,TaskName 6/10/2024,Wheat (Durum),3612,6/10/2024,1,On,1293.5,34.51,2.751,1.827,2.73,11.96,90.07,10.8,10.47,6.9,2,628.31,4840.9,4840.9,80.68,80.68,7.788,6/10/2024
-111.7085234,33.08217539,Azule 1,TaskName 6/10/2024,Wheat (Durum),3613,6/10/2024,1,On,1293.5,35.01,2.501,1.878,2.714,12.2,90.39,10.92,10.9,6.9,2,653.8,4995.5,4995.5,83.26,83.26,7.853,6/10/2024
-111.7085145,33.08217528,Azule 1,TaskName 6/10/2024,Wheat (Durum),3614,6/10/2024,1,On,1293.5,35.01,2.501,1.857,2.727,12.5,90.37,10.59,10.86,6.9,2,651.34,4952.8,4952.8,82.55,82.55,7.891,6/10/2024
-111.7085057,33.08217522,Azule 1,TaskName 6/10/2024,Wheat (Durum),3615,6/10/2024,1,On,1293.5,35.01,2.501,1.836,2.714,12.8,90.37,10.39,10.57,6.9,2,634.42,4847.5,4847.5,80.79,80.79,7.853,6/10/2024
-111.7084968,33.08217544,Azule 1,TaskName 6/10/2024,Wheat (Durum),3616,6/10/2024,1.001,On,1293.5,35.01,2.501,1.883,2.704,12.16,90.09,10.53,10.38,6.9,2,622.57,4779,4779,79.65,79.65,7.816,6/10/2024
-111.7084879,33.08217537,Azule 1,TaskName 6/10/2024,Wheat (Durum),3617,6/10/2024,0.999,On,1293.5,35.01,2.501,1.844,2.743,12.14,90.13,10.85,10.55,6.9,2,633.09,4780.5,4780.5,79.67,79.67,7.946,6/10/2024
-111.7084789,33.08217528,Azule 1,TaskName 6/10/2024,Wheat (Durum),3618,6/10/2024,1.001,On,1293.5,35.01,2.501,1.858,2.74,11.99,90.22,10.49,10.92,6.9,2,655.4,4964.8,4964.8,82.75,82.75,7.921,6/10/2024
-111.7084702,33.08217529,Azule 1,TaskName 6/10/2024,Wheat (Durum),3619,6/10/2024,0.999,On,1293.6,34.51,2.751,1.843,2.674,11.37,90.07,10.69,10.44,6.98,2,626.27,4920.9,4920.9,82.01,82.01,7.636,6/10/2024
-111.7084613,33.08217539,Azule 1,TaskName 6/10/2024,Wheat (Durum),3620,6/10/2024,1,On,1293.6,34.51,2.751,1.801,2.724,11.89,89.87,11.86,10.68,7,2,641.07,4951.1,4951.1,82.52,82.52,7.769,6/10/2024
-111.7084523,33.08217527,Azule 1,TaskName 6/10/2024,Wheat (Durum),3621,6/10/2024,1,On,1293.6,34.51,2.751,1.886,2.756,12.84,90.14,12.74,12.02,7,2,720.98,5501.9,5501.9,91.7,91.7,7.862,6/10/2024
-111.7084435,33.08217535,Azule 1,TaskName 6/10/2024,Wheat (Durum),3622,6/10/2024,1.001,On,1293.6,35.01,2.501,1.847,2.684,12.26,89.91,12.12,12.71,7,2,762.72,5897.8,5897.8,98.3,98.3,7.759,6/10/2024
-111.7084346,33.08217543,Azule 1,TaskName 6/10/2024,Wheat (Durum),3623,6/10/2024,1,On,1293.5,34.51,2.751,1.864,2.724,12.47,89.74,11.96,12.07,7,2,724.11,5592.4,5592.4,93.21,93.21,7.769,6/10/2024
-111.7084259,33.08217558,Azule 1,TaskName 6/10/2024,Wheat (Durum),3624,6/10/2024,1,On,1293.5,34.51,2.751,1.861,2.674,12.63,89.54,13.03,11.97,7,2,718.25,5649.3,5649.3,94.15,94.15,7.628,6/10/2024
-111.7084169,33.08217575,Azule 1,TaskName 6/10/2024,Wheat (Durum),3625,6/10/2024,1,On,1293.5,34.51,2.751,1.87,2.743,11.87,89.34,13.81,13.19,6.92,2,791.63,6070,6070,101.17,101.17,7.825,6/10/2024
-111.7084079,33.08217573,Azule 1,TaskName 6/10/2024,Wheat (Durum),3626,6/10/2024,1,On,1293.5,34.51,2.751,1.815,2.753,12.05,89.59,12.41,13.85,6.981,2,830.97,6348.9,6348.9,105.81,105.81,7.853,6/10/2024
-111.7083992,33.08217577,Azule 1,TaskName 6/10/2024,Wheat (Durum),3627,6/10/2024,0.999,On,1293.5,34.51,2.751,1.863,2.668,13.39,89.67,12.91,12.22,6.686,2,733.29,5775.9,5775.9,96.27,96.27,7.617,6/10/2024
-111.7083902,33.08217566,Azule 1,TaskName 6/10/2024,Wheat (Durum),3628,6/10/2024,1,On,1293.4,34.51,2.751,1.873,2.783,13.62,89.91,12.35,13.04,6.359,2,782.54,5915.4,5915.4,98.59,98.59,7.937,6/10/2024
-111.7083813,33.08217568,Azule 1,TaskName 6/10/2024,Wheat (Durum),3629,6/10/2024,1,On,1293.4,34.51,2.751,1.901,2.707,16.29,89.95,12.97,12.25,6.22,2,735.18,5712.3,5712.3,95.2,95.2,7.722,6/10/2024
-111.7083724,33.08217572,Azule 1,TaskName 6/10/2024,Wheat (Durum),3630,6/10/2024,1,On,1293.4,34.51,2.751,1.911,2.752,13.2,89.84,12.37,13.06,6.2,2,783.86,5990.6,5990.6,99.84,99.84,7.851,6/10/2024
-111.7083635,33.08217575,Azule 1,TaskName 6/10/2024,Wheat (Durum),3631,6/10/2024,1,On,1293.4,34.51,2.751,1.828,2.729,12,89.9,12.58,12.28,6.28,2,736.75,5678,5678,94.63,94.63,7.785,6/10/2024
-111.7083546,33.08217562,Azule 1,TaskName 6/10/2024,Wheat (Durum),3632,6/10/2024,0.995,On,1293.5,34.51,2.751,1.827,2.733,12.26,90.12,12.52,12.7,6.3,2,762.22,5837.9,5837.9,97.3,97.3,7.834,6/10/2024
-111.7083458,33.08217552,Azule 1,TaskName 6/10/2024,Wheat (Durum),3633,6/10/2024,1,On,1293.5,34.51,2.751,1.82,2.706,13.15,90.23,12.18,12.41,6.3,2,744.78,5788.6,5788.6,96.48,96.48,7.72,6/10/2024
-111.708337,33.08217536,Azule 1,TaskName 6/10/2024,Wheat (Durum),3634,6/10/2024,1,On,1293.6,34.51,2.751,1.813,2.71,12.15,90.52,12.79,12.23,6.459,2,733.91,5697.2,5697.2,94.95,94.95,7.729,6/10/2024
-111.7083281,33.0821755,Azule 1,TaskName 6/10/2024,Wheat (Durum),3635,6/10/2024,1,On,1293.6,34.51,2.751,1.861,2.72,12.55,90.17,13.55,12.85,6.58,2,770.84,5962.3,5962.3,99.37,99.37,7.757,6/10/2024
-111.7083193,33.08217555,Azule 1,TaskName 6/10/2024,Wheat (Durum),3636,6/10/2024,1.001,On,1293.5,34.51,2.751,1.902,2.733,13.47,90.12,13.37,13.59,6.68,2,815.23,6281.6,6281.6,104.69,104.69,7.787,6/10/2024
-111.7083104,33.08217545,Azule 1,TaskName 6/10/2024,Wheat (Durum),3637,6/10/2024,1,On,1293.5,34.51,2.751,1.871,2.733,12.79,90.21,13.39,13.35,6.7,2,800.86,6164.7,6164.7,102.74,102.74,7.795,6/10/2024
-111.7083014,33.08217551,Azule 1,TaskName 6/10/2024,Wheat (Durum),3638,6/10/2024,1,On,1293.4,34.51,2.751,1.858,2.742,12.92,90.16,13.51,13.39,6.78,2,803.48,6162.7,6162.7,102.71,102.71,7.823,6/10/2024
-111.7082925,33.08217543,Azule 1,TaskName 6/10/2024,Wheat (Durum),3639,6/10/2024,0.999,On,1293.4,34.51,2.751,1.891,2.746,13.53,90.21,13.19,13.53,6.8,2,811.87,6213.4,6213.4,103.56,103.56,7.84,6/10/2024
-111.7082835,33.0821754,Azule 1,TaskName 6/10/2024,Wheat (Durum),3640,6/10/2024,1,On,1293.4,35.01,2.501,1.848,2.759,11.93,90.3,13.56,13.13,6.88,2,787.95,5922,5922,98.7,98.7,7.983,6/10/2024
-111.7082747,33.0821754,Azule 1,TaskName 6/10/2024,Wheat (Durum),3641,6/10/2024,1,On,1293.4,35.01,2.501,1.817,2.693,13.12,90.07,13.65,13.61,6.9,2,816.64,6287.2,6287.2,104.79,104.79,7.793,6/10/2024
-111.7082658,33.08217548,Azule 1,TaskName 6/10/2024,Wheat (Durum),3642,6/10/2024,1,On,1293.4,35.01,2.501,1.834,2.733,13.76,89.88,13.67,13.65,6.981,2,819,6214.5,6214.5,103.58,103.58,7.907,6/10/2024
-111.708257,33.08217553,Azule 1,TaskName 6/10/2024,Wheat (Durum),3643,6/10/2024,1,On,1293.4,35.01,2.501,1.857,2.706,12.73,89.89,12.94,13.68,7,2,820.63,6287.3,6287.3,104.79,104.79,7.831,6/10/2024
-111.7082482,33.08217538,Azule 1,TaskName 6/10/2024,Wheat (Durum),3644,6/10/2024,1,On,1293.4,35.01,2.501,1.838,2.726,14.24,89.94,13.73,12.87,7.08,2,771.92,5871.4,5871.4,97.86,97.86,7.888,6/10/2024
-111.7082394,33.08217532,Azule 1,TaskName 6/10/2024,Wheat (Durum),3645,6/10/2024,1.001,On,1293.4,35.01,2.501,1.818,2.7,12.84,90.09,14.35,13.82,7.1,2,829.28,6375.4,6375.4,106.26,106.26,7.805,6/10/2024
-111.7082306,33.08217546,Azule 1,TaskName 6/10/2024,Wheat (Durum),3646,6/10/2024,0.994,On,1293.4,35.01,2.501,1.836,2.687,12.64,89.86,14.46,14.37,7.1,2,862.4,6615.7,6615.7,110.26,110.26,7.821,6/10/2024
-111.7082217,33.08217565,Azule 1,TaskName 6/10/2024,Wheat (Durum),3647,6/10/2024,1.005,On,1293.4,35.01,2.501,1.853,2.733,12.99,89.64,13.5,14.48,7.1,2,868.53,6623.3,6623.3,110.39,110.39,7.868,6/10/2024
-111.7082128,33.08217561,Azule 1,TaskName 6/10/2024,Wheat (Durum),3648,6/10/2024,1,On,1293.4,35.01,2.501,1.866,2.742,13.4,89.59,14.14,13.4,7.1,2,804.3,6081.1,6081.1,101.35,101.35,7.936,6/10/2024
-111.7082039,33.08217573,Azule 1,TaskName 6/10/2024,Wheat (Durum),3649,6/10/2024,1.001,On,1293.4,34.51,2.751,1.886,2.72,14.29,89.53,13.97,14.22,7.1,2,853.1,6605.1,6605.1,110.08,110.08,7.749,6/10/2024
-111.7081951,33.08217575,Azule 1,TaskName 6/10/2024,Wheat (Durum),3650,6/10/2024,0.994,On,1293.4,34.51,2.751,1.86,2.7,13.33,89.63,13.88,13.94,7.1,2,836.53,6478.4,6478.4,107.97,107.97,7.748,6/10/2024
-111.7081862,33.08217566,Azule 1,TaskName 6/10/2024,Wheat (Durum),3651,6/10/2024,1.001,On,1293.4,34.51,2.751,1.86,2.759,12.88,89.84,13.68,13.87,7.1,2,832.3,6352.1,6352.1,105.87,105.87,7.862,6/10/2024
-111.7081774,33.08217549,Azule 1,TaskName 6/10/2024,Wheat (Durum),3652,6/10/2024,1.004,On,1293.4,34.51,2.751,1.835,2.68,13.36,90.04,13.51,13.68,7.1,2,820.64,6466.4,6466.4,107.77,107.77,7.614,6/10/2024
-111.7081685,33.08217542,Azule 1,TaskName 6/10/2024,Wheat (Durum),3653,6/10/2024,1.001,On,1293.4,35.01,2.501,1.807,2.749,13.83,90.07,13.55,13.5,7.1,2,810.03,6115.9,6115.9,101.93,101.93,7.947,6/10/2024
-111.7081597,33.08217546,Azule 1,TaskName 6/10/2024,Wheat (Durum),3654,6/10/2024,0.995,On,1293.4,35.01,2.501,1.832,2.7,13.74,89.98,13.61,13.54,7.1,2,812.43,6208.4,6208.4,103.47,103.47,7.852,6/10/2024
-111.7081508,33.08217544,Azule 1,TaskName 6/10/2024,Wheat (Durum),3655,6/10/2024,1.005,On,1293.4,35.01,2.501,1.835,2.736,13.44,89.99,13.66,13.63,7.02,2,817.74,6228.5,6228.5,103.81,103.81,7.877,6/10/2024
-111.708142,33.08217543,Azule 1,TaskName 6/10/2024,Wheat (Durum),3656,6/10/2024,0.999,On,1293.4,34.51,2.751,1.854,2.7,12.8,89.99,13.93,13.66,6.92,2,819.85,6381.2,6381.2,106.35,106.35,7.709,6/10/2024
-111.7081333,33.08217553,Azule 1,TaskName 6/10/2024,Wheat (Durum),3657,6/10/2024,1,On,1293.4,34.51,2.751,1.841,2.7,13.56,89.86,14.1,14.02,6.9,2,841.24,6554.2,6554.2,109.24,109.24,7.701,6/10/2024
-111.7081243,33.08217541,Azule 1,TaskName 6/10/2024,Wheat (Durum),3658,6/10/2024,1,On,1293.4,34.51,2.751,1.836,2.756,14.01,89.95,13.79,14.04,6.98,2,842.33,6429.9,6429.9,107.16,107.16,7.86,6/10/2024
-111.7081154,33.08217528,Azule 1,TaskName 6/10/2024,Wheat (Durum),3659,6/10/2024,1,On,1293.3,35.01,2.501,1.875,2.739,12.57,90.01,14.05,13.76,7.08,2,825.39,6248,6248,104.13,104.13,7.926,6/10/2024
-111.7081066,33.08217537,Azule 1,TaskName 6/10/2024,Wheat (Durum),3660,6/10/2024,1,On,1293.3,34.51,2.751,1.829,2.678,12.96,89.78,14.23,14.1,7.1,2,845.79,6643.8,6643.8,110.73,110.73,7.638,6/10/2024
-111.7080978,33.08217558,Azule 1,TaskName 6/10/2024,Wheat (Durum),3661,6/10/2024,0.995,On,1293.3,34.51,2.751,1.836,2.701,13.83,89.5,13.66,14.22,7.1,2,852.93,6609.7,6609.7,110.16,110.16,7.743,6/10/2024
-111.708089,33.08217565,Azule 1,TaskName 6/10/2024,Wheat (Durum),3662,6/10/2024,1.005,On,1293.3,34.51,2.751,1.829,2.704,14.07,89.49,13.26,13.62,7.1,2,817.06,6387.6,6387.6,106.46,106.46,7.675,6/10/2024
-111.70808,33.08217577,Azule 1,TaskName 6/10/2024,Wheat (Durum),3663,6/10/2024,1,On,1293.3,34.51,2.751,1.869,2.724,13.75,89.34,14.14,13.24,7.1,2,794.5,6135.7,6135.7,102.26,102.26,7.769,6/10/2024
-111.7080713,33.08217586,Azule 1,TaskName 6/10/2024,Wheat (Durum),3664,6/10/2024,0.996,On,1293.3,34.51,2.751,1.86,2.688,14.46,89.45,13.17,14.23,7.1,2,853.62,6654.1,6654.1,110.9,110.9,7.697,6/10/2024
-111.7080624,33.08217585,Azule 1,TaskName 6/10/2024,Wheat (Durum),3665,6/10/2024,1,On,1293.4,34.51,2.751,1.873,2.707,13.2,89.64,12.89,13.06,7.18,2,783.48,6087.2,6087.2,101.45,101.45,7.723,6/10/2024
-111.7080536,33.08217581,Azule 1,TaskName 6/10/2024,Wheat (Durum),3666,6/10/2024,1.004,On,1293.3,34.51,2.751,1.827,2.701,13.54,89.7,13.31,12.91,7.2,2,774.63,6057.2,6057.2,100.95,100.95,7.673,6/10/2024
-111.7080447,33.08217569,Azule 1,TaskName 6/10/2024,Wheat (Durum),3667,6/10/2024,1,On,1293.3,34.51,2.751,1.858,2.711,13.01,89.91,13.98,13.4,7.2,2,804.13,6240.1,6240.1,104,104,7.732,6/10/2024
-111.7080357,33.08217558,Azule 1,TaskName 6/10/2024,Wheat (Durum),3668,6/10/2024,1,On,1293.4,34.51,2.751,1.845,2.737,13.09,89.95,13.37,14.04,7.28,2,842.6,6475.9,6475.9,107.93,107.93,7.807,6/10/2024
-111.7080268,33.08217557,Azule 1,TaskName 6/10/2024,Wheat (Durum),3669,6/10/2024,0.996,On,1293.4,34.51,2.751,1.841,2.72,13.04,89.97,13.82,13.27,7.3,2,796.43,6133.3,6133.3,102.22,102.22,7.791,6/10/2024
-111.708018,33.08217562,Azule 1,TaskName 6/10/2024,Wheat (Durum),3670,6/10/2024,0.999,On,1293.4,34.51,2.751,1.847,2.688,13.08,89.94,13.57,13.92,7.3,2,835.16,6529.7,6529.7,108.83,108.83,7.674,6/10/2024
-111.7080092,33.08217537,Azule 1,TaskName 6/10/2024,Wheat (Durum),3671,6/10/2024,1.001,On,1293.4,34.51,2.751,1.866,2.717,13.5,90.3,14.47,13.57,7.3,2,814.06,6308.2,6308.2,105.14,105.14,7.743,6/10/2024
-111.7080003,33.08217535,Azule 1,TaskName 6/10/2024,Wheat (Durum),3672,6/10/2024,0.999,On,1293.4,34.51,2.751,1.85,2.707,12.94,90.27,14.48,14.5,7.22,2,870.02,6752.9,6752.9,112.55,112.55,7.73,6/10/2024
-111.7079914,33.0821753,Azule 1,TaskName 6/10/2024,Wheat (Durum),3673,6/10/2024,1.001,On,1293.4,34.51,2.751,1.834,2.724,14.59,90.07,14.02,14.45,7.119,2,867.07,6702.8,6702.8,111.71,111.71,7.762,6/10/2024
-111.7079825,33.08217541,Azule 1,TaskName 6/10/2024,Wheat (Durum),3674,6/10/2024,0.999,On,1293.4,34.51,2.751,1.848,2.724,12.41,89.98,13.64,13.99,7.02,2,839.17,6474.1,6474.1,107.9,107.9,7.777,6/10/2024
-111.7079735,33.0821753,Azule 1,TaskName 6/10/2024,Wheat (Durum),3675,6/10/2024,1,On,1293.4,35.01,2.501,1.885,2.73,13.54,90.16,13.89,13.63,6.92,2,817.54,6208.7,6208.7,103.48,103.48,7.901,6/10/2024
-111.7079648,33.08217545,Azule 1,TaskName 6/10/2024,Wheat (Durum),3676,6/10/2024,1,On,1293.4,34.51,2.751,1.824,2.668,14.02,89.89,14.18,13.93,6.9,2,835.82,6589.7,6589.7,109.83,109.83,7.61,6/10/2024
-111.7079559,33.08217538,Azule 1,TaskName 6/10/2024,Wheat (Durum),3677,6/10/2024,1,On,1293.4,34.51,2.751,1.865,2.727,13.54,90.02,14.44,14.2,6.9,2,851.89,6570.9,6570.9,109.52,109.52,7.779,6/10/2024
-111.7079471,33.08217544,Azule 1,TaskName 6/10/2024,Wheat (Durum),3678,6/10/2024,1,On,1293.5,34.51,2.751,1.84,2.691,14.68,89.87,14.65,14.52,6.9,2,871.42,6811.7,6811.7,113.53,113.53,7.676,6/10/2024
-111.7079379,33.08217554,Azule 1,TaskName 6/10/2024,Wheat (Durum),3679,6/10/2024,1,On,1293.4,34.51,2.751,1.881,2.789,12.93,89.6,14.13,14.58,6.9,2,874.61,6595.5,6595.5,109.92,109.92,7.956,6/10/2024
-111.7079292,33.08217566,Azule 1,TaskName 6/10/2024,Wheat (Durum),3680,6/10/2024,1,On,1293.4,34.51,2.751,1.82,2.678,13.94,89.49,14.14,14.1,6.98,2,845.77,6643.7,6643.7,110.73,110.73,7.638,6/10/2024
-111.7079202,33.08217573,Azule 1,TaskName 6/10/2024,Wheat (Durum),3681,6/10/2024,1,On,1293.4,34.51,2.751,1.877,2.727,12.52,89.53,14.51,14.14,6.92,2,848.12,6541.9,6541.9,109.03,109.03,7.779,6/10/2024
-111.7079114,33.08217577,Azule 1,TaskName 6/10/2024,Wheat (Durum),3682,6/10/2024,1,On,1293.4,34.51,2.751,1.828,2.694,13.38,89.64,14.1,14.55,6.82,2,872.77,6814,6814,113.57,113.57,7.685,6/10/2024
-111.7079025,33.08217561,Azule 1,TaskName 6/10/2024,Wheat (Durum),3683,6/10/2024,1,On,1293.4,35.01,2.501,1.858,2.73,13.95,89.88,14.02,14.06,6.8,2,843.38,6404.9,6404.9,106.75,106.75,7.901,6/10/2024
-111.7078936,33.08217558,Azule 1,TaskName 6/10/2024,Wheat (Durum),3684,6/10/2024,1,On,1293.4,35.01,2.501,1.834,2.704,14.55,89.84,14.47,14.03,6.8,2,842.09,6457.2,6457.2,107.62,107.62,7.825,6/10/2024
-111.7078846,33.08217562,Azule 1,TaskName 6/10/2024,Wheat (Durum),3685,6/10/2024,1,On,1293.3,34.51,2.751,1.861,2.753,12.25,89.88,13.76,14.51,6.8,2,870.38,6649.6,6649.6,110.83,110.83,7.854,6/10/2024
-111.7078759,33.08217566,Azule 1,TaskName 6/10/2024,Wheat (Durum),3686,6/10/2024,1.001,On,1293.4,34.51,2.751,1.853,2.661,13.42,89.92,13.69,13.69,6.72,2,821.24,6497.2,6497.2,108.29,108.29,7.584,6/10/2024
-111.7078668,33.0821757,Azule 1,TaskName 6/10/2024,Wheat (Durum),3687,6/10/2024,0.999,On,1293.3,34.51,2.751,1.86,2.763,14.62,90.02,13.39,13.7,6.78,2,821.76,6249.5,6249.5,104.16,104.16,7.89,6/10/2024
-111.7078581,33.08217563,Azule 1,TaskName 6/10/2024,Wheat (Durum),3688,6/10/2024,1,On,1293.3,34.51,2.751,1.831,2.688,13.04,90.05,13.9,13.37,6.72,2,802.03,6277,6277,104.62,104.62,7.666,6/10/2024
-111.7078492,33.08217559,Azule 1,TaskName 6/10/2024,Wheat (Durum),3689,6/10/2024,1,On,1293.3,34.51,2.751,1.87,2.691,15.14,90.05,13.43,13.94,6.7,2,836.46,6538.5,6538.5,108.97,108.97,7.676,6/10/2024
-111.7078402,33.08217554,Azule 1,TaskName 6/10/2024,Wheat (Durum),3690,6/10/2024,1,On,1293.3,34.51,2.751,1.881,2.763,13.28,89.98,13.62,13.37,6.7,2,802.35,6108.6,6108.6,101.81,101.81,7.881,6/10/2024
-111.7078313,33.08217565,Azule 1,TaskName 6/10/2024,Wheat (Durum),3691,6/10/2024,0.995,On,1293.4,34.51,2.751,1.826,2.75,14.1,89.71,12.76,13.68,6.7,2,820.95,6248.6,6248.6,104.14,104.14,7.883,6/10/2024
-111.7078222,33.08217565,Azule 1,TaskName 6/10/2024,Wheat (Durum),3692,6/10/2024,1.005,On,1293.4,34.51,2.751,1.888,2.789,13.74,89.7,13.28,12.66,6.7,2,759.45,5756.2,5756.2,95.94,95.94,7.916,6/10/2024
-111.7078132,33.08217559,Azule 1,TaskName 6/10/2024,Wheat (Durum),3693,6/10/2024,1,On,1293.4,34.51,2.751,1.832,2.753,13.62,89.91,13.15,13.44,6.7,2,806.63,6163.1,6163.1,102.72,102.72,7.853,6/10/2024
-111.7078051,33.08217557,Azule 1,TaskName 6/10/2024,Wheat (Durum),3694,6/10/2024,1.001,On,1293.4,34.51,2.751,1.765,2.497,13.49,90.04,11.86,13.03,6.7,2,781.87,6592.7,6592.7,109.88,109.88,7.116,6/10/2024
-111.7077972,33.08217548,Azule 1,TaskName 6/10/2024,Wheat (Durum),3695,6/10/2024,1.004,On,1293.4,34.51,2.751,1.673,2.418,12.26,90.11,11.37,11.82,6.7,2,709.31,6194.1,6194.1,103.24,103.24,6.871,6/10/2024
-111.70779,33.08217537,Azule 1,TaskName 6/10/2024,Wheat (Durum),3696,6/10/2024,1,On,1293.3,34.51,2.751,1.569,2.205,16.18,90.21,10.05,11.31,6.7,2,678.41,6471.3,6471.3,107.86,107.86,6.29,6/10/2024
-111.707783,33.08217541,Azule 1,TaskName 6/10/2024,Wheat (Durum),3697,6/10/2024,0.995,On,1293.3,34.51,2.751,1.496,2.159,12.51,90.16,7.717,9.941,6.7,2,596.48,5781.8,5781.8,96.36,96.36,6.19,6/10/2024
-111.707777,33.08217545,Azule 1,TaskName 6/10/2024,Wheat (Durum),3698,6/10/2024,1,On,1293.3,34.51,2.751,1.348,1.851,12.31,90.1,5.86,7.58,6.7,2,454.79,5168.8,5168.8,86.15,86.15,5.279,6/10/2024
-111.7077706,33.08217544,Azule 1,TaskName 6/10/2024,Wheat (Durum),3699,6/10/2024,0.996,On,1293.4,34.51,2.751,1.284,1.959,13.66,90.05,3.85,5.713,6.7,2,342.76,3665.5,3665.5,61.09,61.09,5.611,6/10/2024
-111.7077602,33.08185238,Azule 1,TaskName 6/10/2024,Wheat (Durum),3701,6/10/2024,0.999,On,1293.6,28.51,4.548,0.931,1.277,8.104,268.4,5.867,5.356,7.4,3,321.34,6402.7,6402.7,106.71,106.71,3.011,6/10/2024
-111.7077642,33.08185202,Azule 1,TaskName 6/10/2024,Wheat (Durum),3702,6/10/2024,0.996,On,1293.5,40,0,0.805,1.227,8.408,268.08,6.484,5.874,7.4,3,352.41,5190.6,5190.6,86.51,86.51,4.074,6/10/2024
-111.707768,33.08185206,Azule 1,TaskName 6/10/2024,Wheat (Durum),3703,6/10/2024,0.999,On,1293.5,40,0,0.873,1.172,8.929,268.41,6.85,6.515,7.4,3,390.89,6049.5,6049.5,100.83,100.83,3.877,6/10/2024
-111.7077721,33.08185263,Azule 1,TaskName 6/10/2024,Wheat (Durum),3704,6/10/2024,1.005,On,1293.4,40,0,0.92,1.25,8.807,269.5,7.455,6.873,7.4,3,412.36,6015.8,6015.8,100.26,100.26,4.113,6/10/2024
-111.707776,33.0818529,Azule 1,TaskName 6/10/2024,Wheat (Durum),3705,6/10/2024,1,On,1293.4,39.5,0.25,0.811,1.211,8.376,270.07,8.514,7.549,7.4,3,452.94,6874.5,6874.5,114.57,114.57,3.953,6/10/2024
-111.7077801,33.08185322,Azule 1,TaskName 6/10/2024,Wheat (Durum),3706,6/10/2024,1.001,On,1293.4,39,0.5,0.843,1.25,8.393,270.57,8.995,8.569,7.4,3,514.15,7662,7662,127.7,127.7,4.026,6/10/2024
-111.7077842,33.08185359,Azule 1,TaskName 6/10/2024,Wheat (Durum),3707,6/10/2024,0.999,On,1293.4,38.5,0.75,0.86,1.234,9.673,271.1,10.06,9.054,7.4,3,543.22,8292.5,8292.5,138.21,138.21,3.93,6/10/2024
-111.7077883,33.08185363,Azule 1,TaskName 6/10/2024,Wheat (Durum),3708,6/10/2024,1,On,1293.4,38.5,0.75,0.808,1.26,9.547,271.13,9.68,10.12,7.4,3,607.16,9084.6,9084.6,151.41,151.41,4.01,6/10/2024
-111.7077922,33.08185346,Azule 1,TaskName 6/10/2024,Wheat (Durum),3709,6/10/2024,1,On,1293.5,38.01,1,0.794,1.218,9.269,270.89,9.743,9.661,7.4,3,579.69,9095.2,9095.2,151.59,151.59,3.824,6/10/2024
-111.7077967,33.08185328,Azule 1,TaskName 6/10/2024,Wheat (Durum),3710,6/10/2024,0.996,On,1293.5,38.01,1,0.829,1.355,9.372,270.61,9.476,9.733,7.318,3,583.98,8198,8198,136.63,136.63,4.274,6/10/2024
-111.7078022,33.08185289,Azule 1,TaskName 6/10/2024,Wheat (Durum),3711,6/10/2024,1.004,On,1293.6,38.01,1,1.107,1.69,10.4,270.09,9.654,9.439,7.141,3,566.32,6427.1,6427.1,107.12,107.12,5.287,6/10/2024
-111.7078075,33.08185276,Azule 1,TaskName 6/10/2024,Wheat (Durum),3712,6/10/2024,1,On,1293.6,38.01,1,1.081,1.621,9.754,269.87,8.888,9.686,7.1,3,581.14,6848.1,6848.1,114.14,114.14,5.092,6/10/2024
-111.7078127,33.08185262,Azule 1,TaskName 6/10/2024,Wheat (Durum),3713,6/10/2024,1,On,1293.6,37.51,1.25,1.069,1.585,9.576,269.77,9.422,8.816,7.1,3,528.96,6460,6460,107.67,107.67,4.913,6/10/2024
-111.7078179,33.08185253,Azule 1,TaskName 6/10/2024,Wheat (Durum),3714,6/10/2024,1,On,1293.6,37.51,1.25,1.098,1.598,10.45,269.73,8.597,9.549,7.1,3,572.91,6939.3,6939.3,115.65,115.65,4.954,6/10/2024
-111.7078229,33.08185251,Azule 1,TaskName 6/10/2024,Wheat (Durum),3715,6/10/2024,1,On,1293.6,37.51,1.25,1.055,1.546,10.66,269.77,8.421,8.431,7.1,3,505.87,6335.4,6335.4,105.59,105.59,4.791,6/10/2024
-111.7078283,33.08185248,Azule 1,TaskName 6/10/2024,Wheat (Durum),3716,6/10/2024,1,On,1293.6,38.01,1,1.103,1.634,10.98,269.82,7.783,8.466,7.1,3,507.97,5937.9,5937.9,98.96,98.96,5.133,6/10/2024
-111.7078334,33.08185283,Azule 1,TaskName 6/10/2024,Wheat (Durum),3717,6/10/2024,1.001,On,1293.5,38.5,0.75,1.16,1.585,11.48,270.2,8.341,7.749,7.1,3,464.91,5536.2,5536.2,92.27,92.27,5.039,6/10/2024
-111.7078387,33.08185333,Azule 1,TaskName 6/10/2024,Wheat (Durum),3718,6/10/2024,0.999,On,1293.5,38.5,0.75,1.064,1.608,10.8,270.89,8.3,8.398,7.1,3,503.91,5903.1,5903.1,98.39,98.39,5.122,6/10/2024
-111.7078438,33.081854,Azule 1,TaskName 6/10/2024,Wheat (Durum),3719,6/10/2024,1,On,1293.5,39,0.5,1.105,1.573,11.89,271.94,8.634,8.262,7.18,3,495.69,5865.5,5865.5,97.76,97.76,5.071,6/10/2024
-111.707849,33.08185467,Azule 1,TaskName 6/10/2024,Wheat (Durum),3720,6/10/2024,1,On,1293.5,39.5,0.25,1.141,1.599,12.73,272.71,8.914,8.722,7.279,3,523.32,6013.9,6013.9,100.23,100.23,5.221,6/10/2024
-111.7078543,33.08185526,Azule 1,TaskName 6/10/2024,Wheat (Durum),3721,6/10/2024,1,On,1293.5,40,0,1.095,1.635,10.43,273.36,9.174,8.88,7.381,3,532.82,5913.3,5913.3,98.56,98.56,5.406,6/10/2024
-111.7078594,33.08185572,Azule 1,TaskName 6/10/2024,Wheat (Durum),3722,6/10/2024,1,On,1293.6,40,0,1.062,1.563,10.83,273.53,9.024,9.2,7.4,3,552.03,6409.3,6409.3,106.82,106.82,5.168,6/10/2024
-111.7078647,33.08185606,Azule 1,TaskName 6/10/2024,Wheat (Durum),3723,6/10/2024,1,On,1293.6,40,0,1.061,1.635,10.32,273.63,9.54,8.995,7.4,3,539.73,5990,5990,99.83,99.83,5.406,6/10/2024
-111.7078699,33.08185623,Azule 1,TaskName 6/10/2024,Wheat (Durum),3724,6/10/2024,1,On,1293.6,40,0,1.08,1.586,10.77,273.45,9.75,9.591,7.4,3,575.46,6584.6,6584.6,109.74,109.74,5.244,6/10/2024
-111.7078752,33.08185629,Azule 1,TaskName 6/10/2024,Wheat (Durum),3725,6/10/2024,1,On,1293.6,40,0,1.073,1.616,10.27,273.13,10.2,9.749,7.319,3,584.92,6570.6,6570.6,109.51,109.51,5.341,6/10/2024
-111.7078804,33.08185638,Azule 1,TaskName 6/10/2024,Wheat (Durum),3726,6/10/2024,0.995,On,1293.6,40,0,1.117,1.58,9.897,272.95,10.64,10.23,7.221,3,613.91,7018.6,7018.6,116.98,116.98,5.248,6/10/2024
-111.7078856,33.08185651,Azule 1,TaskName 6/10/2024,Wheat (Durum),3727,6/10/2024,1.001,On,1293.6,40,0,1.032,1.606,11.1,272.77,11,10.67,7.2,3,639.9,7239.6,7239.6,120.66,120.66,5.303,6/10/2024
-111.7078908,33.08185633,Azule 1,TaskName 6/10/2024,Wheat (Durum),3728,6/10/2024,1,On,1293.6,40,0,1.086,1.586,10.67,272.28,12.33,11.07,7.2,3,664.32,7601.4,7601.4,126.69,126.69,5.244,6/10/2024
-111.7078958,33.08185605,Azule 1,TaskName 6/10/2024,Wheat (Durum),3729,6/10/2024,1,On,1293.6,40,0,1.09,1.514,10,271.65,12.87,12.43,7.2,3,745.93,8942.2,8942.2,149.04,149.04,5.005,6/10/2024
-111.7079017,33.08185587,Azule 1,TaskName 6/10/2024,Wheat (Durum),3730,6/10/2024,0.999,On,1293.6,39.5,0.25,1.131,1.803,11.46,271.18,13.22,12.88,7.2,3,772.7,7869.9,7869.9,131.17,131.17,5.891,6/10/2024
-111.7079086,33.08185561,Azule 1,TaskName 6/10/2024,Wheat (Durum),3731,6/10/2024,1.001,On,1293.5,39,0.5,1.407,2.091,11.64,270.69,13.54,13.25,7.281,3,795.12,7083.7,7083.7,118.06,118.06,6.735,6/10/2024
-111.7079162,33.08185514,Azule 1,TaskName 6/10/2024,Wheat (Durum),3732,6/10/2024,0.995,On,1293.5,38.5,0.75,1.536,2.357,10.86,269.85,15.3,13.55,7.3,3,813.27,6472.9,6472.9,107.88,107.88,7.539,6/10/2024
-111.7079237,33.08185478,Azule 1,TaskName 6/10/2024,Wheat (Durum),3733,6/10/2024,1.005,On,1293.4,38.5,0.75,1.595,2.265,12.22,269.38,14.58,15.48,7.3,3,928.52,7767.1,7767.1,129.45,129.45,7.173,6/10/2024
-111.7079316,33.08185455,Azule 1,TaskName 6/10/2024,Wheat (Durum),3734,6/10/2024,0.995,On,1293.5,38.5,0.75,1.601,2.426,11.78,269.21,11.63,14.5,7.3,3,869.8,6726.2,6726.2,112.1,112.1,7.759,6/10/2024
-111.7079397,33.08185447,Azule 1,TaskName 6/10/2024,Wheat (Durum),3735,6/10/2024,1.004,On,1293.4,38.5,0.75,1.726,2.479,12.83,269.28,11.56,11.32,7.3,3,679.26,5188,5188,86.47,86.47,7.856,6/10/2024
-111.7079475,33.0818544,Azule 1,TaskName 6/10/2024,Wheat (Durum),3736,6/10/2024,1,On,1293.4,38.5,0.75,1.601,2.387,13.84,269.34,13.66,11.74,7.3,3,704.33,5564.2,5564.2,92.74,92.74,7.595,6/10/2024
-111.7079554,33.08185438,Azule 1,TaskName 6/10/2024,Wheat (Durum),3737,6/10/2024,1,On,1293.4,38.5,0.75,1.661,2.42,13.25,269.53,13.29,13.76,7.3,3,825.51,6433.2,6433.2,107.22,107.22,7.699,6/10/2024
-111.7079633,33.08185442,Azule 1,TaskName 6/10/2024,Wheat (Durum),3738,6/10/2024,1,On,1293.5,39,0.5,1.605,2.433,12.83,269.74,12.03,13.17,7.3,3,790.36,6047.7,6047.7,100.79,100.79,7.841,6/10/2024
-111.707971,33.0818545,Azule 1,TaskName 6/10/2024,Wheat (Durum),3739,6/10/2024,1.001,On,1293.5,39,0.5,1.641,2.36,13.04,269.81,9.878,11.94,7.3,3,716.51,5655.8,5655.8,94.26,94.26,7.601,6/10/2024
-111.7079791,33.08185432,Azule 1,TaskName 6/10/2024,Wheat (Durum),3740,6/10/2024,0.999,On,1293.4,39,0.5,1.681,2.462,13.75,269.67,6.988,9.699,7.3,3,581.93,4395,4395,73.25,73.25,7.944,6/10/2024
-111.7080152,33.08185487,Azule 1,TaskName 6/10/2024,Wheat (Durum),3746,6/10/2024,1,On,1293.7,39.5,0.25,1.292,1.944,8.717,270.65,8.173,7.873,5.544,4,472.37,4465,4465,74.42,74.42,6.348,6/10/2024
-111.708022,33.08185505,Azule 1,TaskName 6/10/2024,Wheat (Durum),3747,6/10/2024,1,On,1293.8,39.5,0.25,1.292,2.063,8.959,270.84,10.5,10.25,7.1,4,614.71,5477.6,5477.6,91.29,91.29,6.733,6/10/2024
-111.7080288,33.08185523,Azule 1,TaskName 6/10/2024,Wheat (Durum),3748,6/10/2024,0.999,On,1293.9,39.5,0.25,1.396,2.089,9.522,271.03,11.37,10.5,7.1,4,630.28,5540.3,5540.3,92.34,92.34,6.826,6/10/2024
-111.7080364,33.08185519,Azule 1,TaskName 6/10/2024,Wheat (Durum),3749,6/10/2024,1,On,1293.9,39.5,0.25,1.58,2.309,11.58,270.67,12.66,11.5,7.04,4,690.11,5494.1,5494.1,91.57,91.57,7.537,6/10/2024
-111.7080445,33.08185507,Azule 1,TaskName 6/10/2024,Wheat (Durum),3750,6/10/2024,1,On,1293.8,39,0.5,1.641,2.492,10.92,270.27,14.03,12.76,6.876,4,765.71,5718.8,5718.8,95.31,95.31,8.034,6/10/2024
-111.7080528,33.0818549,Azule 1,TaskName 6/10/2024,Wheat (Durum),3751,6/10/2024,1,On,1293.7,38.5,0.75,1.765,2.515,12.15,270.11,13.84,14.13,6.859,4,847.96,6356.5,6356.5,105.94,105.94,8.004,6/10/2024
-111.7080612,33.08185502,Azule 1,TaskName 6/10/2024,Wheat (Durum),3752,6/10/2024,0.995,On,1293.7,38.5,0.75,1.831,2.587,14.99,270.06,13.26,13.7,6.96,4,821.93,5959.5,5959.5,99.33,99.33,8.275,6/10/2024
-111.7080698,33.0818548,Azule 1,TaskName 6/10/2024,Wheat (Durum),3753,6/10/2024,1.005,On,1293.7,38.5,0.75,1.762,2.633,12.62,269.61,13.64,13.31,7.061,4,798.8,5748.1,5748.1,95.8,95.8,8.338,6/10/2024
-111.7080783,33.08185497,Azule 1,TaskName 6/10/2024,Wheat (Durum),3754,6/10/2024,1,On,1293.7,38.5,0.75,1.779,2.581,11.79,269.91,14.34,13.66,7.16,4,819.33,5985.8,5985.8,99.76,99.76,8.213,6/10/2024
-111.7080866,33.08185492,Azule 1,TaskName 6/10/2024,Wheat (Durum),3755,6/10/2024,0.995,On,1293.8,38.01,1,1.72,2.542,13.42,269.75,14.4,14.44,7.261,4,866.66,6481.4,6481.4,108.02,108.02,8.023,6/10/2024
-111.708095,33.0818548,Azule 1,TaskName 6/10/2024,Wheat (Durum),3756,6/10/2024,1.005,On,1293.8,38.01,1,1.743,2.565,13.19,269.58,14.56,14.33,7.359,4,859.99,6438,6438,107.3,107.3,8.015,6/10/2024
-111.7081034,33.08185462,Azule 1,TaskName 6/10/2024,Wheat (Durum),3757,6/10/2024,1,On,1293.7,38.01,1,1.743,2.571,14.06,269.32,15.05,14.67,7.4,4,880.22,6539.9,6539.9,109,109,8.076,6/10/2024
-111.708112,33.08185436,Azule 1,TaskName 6/10/2024,Wheat (Durum),3758,6/10/2024,1,On,1293.7,38.01,1,1.817,2.63,17.61,269.1,15.15,15.04,7.339,4,902.32,6553.6,6553.6,109.23,109.23,8.261,6/10/2024
-111.7081209,33.08185452,Azule 1,TaskName 6/10/2024,Wheat (Durum),3759,6/10/2024,0.995,On,1293.7,38.01,1,1.833,2.709,13.75,269.42,14.73,15.18,7.3,4,911.04,6392.5,6392.5,106.54,106.54,8.551,6/10/2024
-111.7081294,33.08185451,Azule 1,TaskName 6/10/2024,Wheat (Durum),3760,6/10/2024,1.001,On,1293.8,38.5,0.75,1.789,2.614,13.26,269.46,14.06,14.63,7.3,4,877.94,6339.7,6339.7,105.66,105.66,8.309,6/10/2024
-111.7081381,33.08185437,Azule 1,TaskName 6/10/2024,Wheat (Durum),3761,6/10/2024,1.004,On,1293.8,38.5,0.75,1.815,2.656,15.26,269.29,14.01,14.05,7.241,4,842.71,6005.6,6005.6,100.09,100.09,8.419,6/10/2024
-111.7081468,33.08185424,Azule 1,TaskName 6/10/2024,Wheat (Durum),3762,6/10/2024,1,On,1293.8,38.5,0.75,1.755,2.666,14.81,269.22,13.84,14.02,7.139,4,841.36,5950.1,5950.1,99.17,99.17,8.484,6/10/2024
-111.7081553,33.08185428,Azule 1,TaskName 6/10/2024,Wheat (Durum),3763,6/10/2024,0.995,On,1293.8,38.5,0.75,1.819,2.61,15.97,269.41,14.03,13.8,7.1,4,828.29,5952.8,5952.8,99.21,99.21,8.349,6/10/2024
-111.7081641,33.08185421,Azule 1,TaskName 6/10/2024,Wheat (Durum),3764,6/10/2024,1,On,1293.8,38.5,0.75,1.841,2.686,15.78,269.53,15.03,14.09,7.04,4,845.38,5934.6,5934.6,98.91,98.91,8.547,6/10/2024
-111.708173,33.08185448,Azule 1,TaskName 6/10/2024,Wheat (Durum),3765,6/10/2024,1,On,1293.7,39,0.5,1.844,2.712,14.72,270.15,15.93,15.11,6.94,4,906.84,6223.2,6223.2,103.72,103.72,8.743,6/10/2024
-111.7081817,33.08185472,Azule 1,TaskName 6/10/2024,Wheat (Durum),3766,6/10/2024,1,On,1293.7,39,0.5,1.882,2.668,15.62,270.34,15.93,16.07,6.9,4,963.94,6725.8,6725.8,112.1,112.1,8.599,6/10/2024
-111.7081905,33.08185467,Azule 1,TaskName 6/10/2024,Wheat (Durum),3767,6/10/2024,1,On,1293.7,39,0.5,1.795,2.714,14.46,270.09,15.3,15.76,6.962,4,945.7,6486.8,6486.8,108.11,108.11,8.747,6/10/2024
-111.7081991,33.08185457,Azule 1,TaskName 6/10/2024,Wheat (Durum),3768,6/10/2024,1.001,On,1293.7,38.5,0.75,1.821,2.655,13.12,270.11,14.7,15.29,7,4,917.26,6521.6,6521.6,108.69,108.69,8.439,6/10/2024
-111.7082079,33.08185443,Azule 1,TaskName 6/10/2024,Wheat (Durum),3769,6/10/2024,0.999,On,1293.7,38.5,0.75,1.799,2.681,15.1,269.92,14.55,14.61,7,4,876.34,6157.3,6157.3,102.62,102.62,8.54,6/10/2024
-111.7082166,33.08185445,Azule 1,TaskName 6/10/2024,Wheat (Durum),3770,6/10/2024,1,On,1293.7,38.5,0.75,1.816,2.691,14.93,270.08,14.78,14.69,7.06,4,881.37,6176.2,6176.2,102.94,102.94,8.562,6/10/2024
-111.7082252,33.08185464,Azule 1,TaskName 6/10/2024,Wheat (Durum),3771,6/10/2024,1,On,1293.7,38.5,0.75,1.814,2.622,16.71,270.47,15.42,14.75,7.159,4,885.2,6366,6366,106.1,106.1,8.343,6/10/2024
-111.708234,33.08185479,Azule 1,TaskName 6/10/2024,Wheat (Durum),3772,6/10/2024,1,On,1293.8,38.5,0.75,1.816,2.697,16.44,270.62,15.37,15.47,7.2,4,928.09,6487.7,6487.7,108.13,108.13,8.583,6/10/2024
-111.7082426,33.08185486,Azule 1,TaskName 6/10/2024,Wheat (Durum),3773,6/10/2024,0.996,On,1293.7,38.5,0.75,1.83,2.651,16.07,270.56,15.54,15.28,7.2,4,916.87,6494.2,6494.2,108.24,108.24,8.471,6/10/2024
-111.7082516,33.08185483,Azule 1,TaskName 6/10/2024,Wheat (Durum),3774,6/10/2024,1.004,On,1293.8,38.5,0.75,1.787,2.756,14.85,270.26,16.49,15.67,7.2,4,940.45,6459,6459,107.65,107.65,8.736,6/10/2024
-111.7082602,33.08185463,Azule 1,TaskName 6/10/2024,Wheat (Durum),3775,6/10/2024,1,On,1293.9,38.5,0.75,1.821,2.658,12.49,269.99,16.41,16.6,7.259,4,996.11,7066.4,7066.4,117.77,117.77,8.458,6/10/2024
-111.7082689,33.08185441,Azule 1,TaskName 6/10/2024,Wheat (Durum),3776,6/10/2024,1,On,1293.9,38.5,0.75,1.791,2.658,15.16,269.72,15.19,16.26,7.3,4,975.58,6920.7,6920.7,115.34,115.34,8.458,6/10/2024
-111.7082775,33.0818545,Azule 1,TaskName 6/10/2024,Wheat (Durum),3777,6/10/2024,0.995,On,1293.9,38.5,0.75,1.847,2.651,17.15,270,15.13,15.18,7.3,4,910.89,6445.4,6445.4,107.42,107.42,8.479,6/10/2024
-111.7082862,33.08185486,Azule 1,TaskName 6/10/2024,Wheat (Durum),3778,6/10/2024,1.005,On,1293.9,38.5,0.75,1.792,2.655,16.81,270.37,15.26,15.11,7.3,4,906.59,6471.5,6471.5,107.86,107.86,8.405,6/10/2024
-111.7082951,33.08185496,Azule 1,TaskName 6/10/2024,Wheat (Durum),3779,6/10/2024,1.001,On,1293.8,38.5,0.75,1.878,2.72,15.37,270.66,14.84,15.25,7.3,4,914.92,6348,6348,105.8,105.8,8.648,6/10/2024
-111.7083039,33.08185503,Azule 1,TaskName 6/10/2024,Wheat (Durum),3780,6/10/2024,0.999,On,1293.8,39,0.5,1.82,2.701,14.95,270.77,14.41,14.79,7.239,4,887.37,6110.2,6110.2,101.84,101.84,8.714,6/10/2024
-111.7083125,33.08185493,Azule 1,TaskName 6/10/2024,Wheat (Durum),3781,6/10/2024,1,On,1293.9,38.5,0.75,1.787,2.655,14.6,270.4,14.81,14.39,7.2,4,863.66,6134.4,6134.4,102.24,102.24,8.447,6/10/2024
-111.7083213,33.08185482,Azule 1,TaskName 6/10/2024,Wheat (Durum),3782,6/10/2024,1,On,1293.9,38.5,0.75,1.798,2.717,15.73,270.23,14.8,14.89,7.079,4,893.13,6198.1,6198.1,103.3,103.3,8.646,6/10/2024
-111.7083301,33.08185466,Azule 1,TaskName 6/10/2024,Wheat (Durum),3783,6/10/2024,0.996,On,1293.9,38.5,0.75,1.879,2.694,15.94,269.84,14.22,14.75,6.941,4,884.82,6168,6168,102.8,102.8,8.607,6/10/2024
-111.7083391,33.08185439,Azule 1,TaskName 6/10/2024,Wheat (Durum),3784,6/10/2024,1.009,On,1293.9,38.5,0.75,1.794,2.743,14.71,269.6,14.34,14.2,6.839,4,851.93,5908.3,5908.3,98.47,98.47,8.651,6/10/2024
-111.7083478,33.08185459,Azule 1,TaskName 6/10/2024,Wheat (Durum),3785,6/10/2024,0.996,On,1293.8,38.5,0.75,1.873,2.674,13.21,269.95,14.66,14.45,6.742,4,866.86,6087.3,6087.3,101.45,101.45,8.544,6/10/2024
-111.7083565,33.08185456,Azule 1,TaskName 6/10/2024,Wheat (Durum),3786,6/10/2024,1,On,1293.8,38.5,0.75,1.815,2.674,15.14,269.97,14.82,14.57,6.639,4,874.17,6163.3,6163.3,102.72,102.72,8.51,6/10/2024
-111.7083652,33.08185469,Azule 1,TaskName 6/10/2024,Wheat (Durum),3787,6/10/2024,0.999,On,1293.9,38.5,0.75,1.814,2.678,13.09,270.12,14.98,14.96,6.541,4,897.33,6312.5,6312.5,105.21,105.21,8.529,6/10/2024
-111.708374,33.0818546,Azule 1,TaskName 6/10/2024,Wheat (Durum),3788,6/10/2024,1,On,1293.9,38.5,0.75,1.807,2.684,13.82,269.9,15.29,14.85,6.561,4,890.94,6258.5,6258.5,104.31,104.31,8.541,6/10/2024
-111.7083827,33.08185445,Azule 1,TaskName 6/10/2024,Wheat (Durum),3789,6/10/2024,1,On,1293.9,38.5,0.75,1.844,2.671,13.61,269.75,14.46,15.38,6.6,4,922.65,6513.1,6513.1,108.55,108.55,8.5,6/10/2024
-111.7083915,33.08185453,Azule 1,TaskName 6/10/2024,Wheat (Durum),3790,6/10/2024,1,On,1293.8,38.5,0.75,1.824,2.701,14.65,269.95,14.11,14.31,6.661,4,858.44,5993.6,5993.6,99.89,99.89,8.594,6/10/2024
-111.7084001,33.08185472,Azule 1,TaskName 6/10/2024,Wheat (Durum),3791,6/10/2024,0.996,On,1293.8,38.5,0.75,1.861,2.661,14.99,270.15,14.49,14.15,6.759,4,849.05,5991.6,5991.6,99.86,99.86,8.502,6/10/2024
-111.7084089,33.08185474,Azule 1,TaskName 6/10/2024,Wheat (Durum),3792,6/10/2024,1,On,1293.9,38.5,0.75,1.8,2.687,14.13,270.12,14.31,14.53,6.861,4,871.68,6115.7,6115.7,101.93,101.93,8.552,6/10/2024
-111.7084176,33.08185486,Azule 1,TaskName 6/10/2024,Wheat (Durum),3793,6/10/2024,1,On,1293.8,38.5,0.75,1.826,2.671,13.66,270.37,13.85,14.3,6.9,4,857.75,6055,6055,100.92,100.92,8.5,6/10/2024
-111.7084261,33.08185498,Azule 1,TaskName 6/10/2024,Wheat (Durum),3794,6/10/2024,1.004,On,1293.8,39,0.5,1.759,2.615,16.64,270.36,13.55,13.79,6.9,4,827.57,5913.8,5913.8,98.56,98.56,8.396,6/10/2024
-111.7084349,33.0818547,Azule 1,TaskName 6/10/2024,Wheat (Durum),3795,6/10/2024,0.995,On,1293.8,38.5,0.75,1.781,2.691,14.97,269.95,13.98,13.56,6.96,4,813.51,5672,5672,94.53,94.53,8.605,6/10/2024
-111.7084435,33.08185465,Azule 1,TaskName 6/10/2024,Wheat (Durum),3796,6/10/2024,1.001,On,1293.8,38.5,0.75,1.822,2.636,14.06,269.96,14.35,14.03,6.941,4,841.98,6028.4,6028.4,100.47,100.47,8.38,6/10/2024
-111.7084524,33.08185462,Azule 1,TaskName 6/10/2024,Wheat (Durum),3797,6/10/2024,0.999,On,1293.8,38.5,0.75,1.848,2.731,13.49,270.09,13.66,14.36,6.84,4,861.39,5940.6,5940.6,99.01,99.01,8.7,6/10/2024
-111.7084612,33.08185484,Azule 1,TaskName 6/10/2024,Wheat (Durum),3798,6/10/2024,1,On,1293.8,38.5,0.75,1.844,2.676,14.78,270.32,13.28,13.55,6.74,4,813.12,5730.3,5730.3,95.51,95.51,8.514,6/10/2024
-111.7084701,33.08185481,Azule 1,TaskName 6/10/2024,Wheat (Durum),3799,6/10/2024,1,On,1293.8,38.5,0.75,1.858,2.731,14.91,270.33,13.88,13.33,6.7,4,799.75,5521,5521,92.02,92.02,8.691,6/10/2024
-111.7084788,33.08185472,Azule 1,TaskName 6/10/2024,Wheat (Durum),3800,6/10/2024,1.001,On,1293.8,38.5,0.75,1.859,2.659,17.17,270,14.15,14,6.64,4,839.92,5961.6,5961.6,99.36,99.36,8.453,6/10/2024
-111.7084877,33.08185444,Azule 1,TaskName 6/10/2024,Wheat (Durum),3801,6/10/2024,0.995,On,1293.8,38.5,0.75,1.828,2.728,13.24,269.64,13.93,14.05,6.539,4,843.14,5798.4,5798.4,96.64,96.64,8.725,6/10/2024
-111.7084963,33.08185438,Azule 1,TaskName 6/10/2024,Wheat (Durum),3802,6/10/2024,1.004,On,1293.8,38.5,0.75,1.819,2.633,14.4,269.49,14.29,13.94,6.44,4,836.52,6014.7,6014.7,100.25,100.25,8.345,6/10/2024
-111.708505,33.08185418,Azule 1,TaskName 6/10/2024,Wheat (Durum),3803,6/10/2024,1,On,1293.8,38.5,0.75,1.78,2.676,13.05,269.43,14.23,14.33,6.34,4,859.94,6060.3,6060.3,101.01,101.01,8.514,6/10/2024
-111.7085138,33.08185442,Azule 1,TaskName 6/10/2024,Wheat (Durum),3804,6/10/2024,1,On,1293.8,38.5,0.75,1.785,2.702,13.56,269.98,13.53,14.17,6.3,4,850.28,5934,5934,98.9,98.9,8.597,6/10/2024
-111.7085224,33.08185458,Azule 1,TaskName 6/10/2024,Wheat (Durum),3805,6/10/2024,1,On,1293.8,38.5,0.75,1.824,2.636,11.92,270.26,13.57,13.48,6.359,4,808.95,5786.1,5786.1,96.43,96.43,8.389,6/10/2024
-111.7085312,33.08185483,Azule 1,TaskName 6/10/2024,Wheat (Durum),3806,6/10/2024,1.001,On,1293.7,38.5,0.75,1.805,2.685,14.24,270.62,13.81,13.64,6.4,4,818.24,5751.1,5751.1,95.85,95.85,8.537,6/10/2024
-111.7085399,33.08185487,Azule 1,TaskName 6/10/2024,Wheat (Durum),3807,6/10/2024,0.994,On,1293.7,38.5,0.75,1.863,2.669,13.2,270.58,14.05,13.79,6.4,4,827.43,5810.5,5810.5,96.84,96.84,8.544,6/10/2024
-111.7085486,33.08185474,Azule 1,TaskName 6/10/2024,Wheat (Durum),3808,6/10/2024,1.005,On,1293.6,38.5,0.75,1.856,2.672,17.96,270.39,13.93,14.11,6.4,4,846.49,6002.7,6002.7,100.04,100.04,8.461,6/10/2024
-111.7085575,33.0818549,Azule 1,TaskName 6/10/2024,Wheat (Durum),3809,6/10/2024,1,On,1293.7,38.5,0.75,1.831,2.721,13.97,270.39,13.67,13.87,6.4,4,832.12,5765.3,5765.3,96.09,96.09,8.66,6/10/2024
-111.7085662,33.08185499,Azule 1,TaskName 6/10/2024,Wheat (Durum),3810,6/10/2024,1,On,1293.7,38.5,0.75,1.839,2.666,14.09,270.47,12.9,13.69,6.4,4,821.59,5811.4,5811.4,96.86,96.86,8.483,6/10/2024
-111.708575,33.08185496,Azule 1,TaskName 6/10/2024,Wheat (Durum),3811,6/10/2024,1,On,1293.7,38.5,0.75,1.789,2.682,13.99,270.38,12.99,12.82,6.46,4,769.21,5407.6,5407.6,90.13,90.13,8.535,6/10/2024
-111.7085837,33.08185482,Azule 1,TaskName 6/10/2024,Wheat (Durum),3812,6/10/2024,1,On,1293.8,38.5,0.75,1.794,2.672,13.74,269.99,13.52,13.06,6.56,4,783.32,5527.1,5527.1,92.12,92.12,8.503,6/10/2024
-111.7085924,33.08185475,Azule 1,TaskName 6/10/2024,Wheat (Durum),3813,6/10/2024,0.996,On,1293.7,38.5,0.75,1.843,2.682,12.65,269.87,12.93,13.5,6.66,4,810.12,5672.4,5672.4,94.54,94.54,8.569,6/10/2024
-111.7086011,33.08185467,Azule 1,TaskName 6/10/2024,Wheat (Durum),3814,6/10/2024,1.009,On,1293.7,38.5,0.75,1.825,2.669,14.37,269.7,11.93,12.86,6.76,4,771.75,5501.2,5501.2,91.69,91.69,8.417,6/10/2024
-111.7086099,33.08185456,Azule 1,TaskName 6/10/2024,Wheat (Durum),3815,6/10/2024,0.995,On,1293.7,38.5,0.75,1.794,2.682,16,269.6,11.06,11.84,6.861,4,710.33,4968.7,4968.7,82.81,82.81,8.578,6/10/2024
-111.7086186,33.08185449,Azule 1,TaskName 6/10/2024,Wheat (Durum),3816,6/10/2024,1,On,1293.7,38.5,0.75,1.87,2.672,13.82,269.53,11.08,11.07,6.958,4,664.39,4687.9,4687.9,78.13,78.13,8.503,6/10/2024
-111.7086275,33.08185449,Azule 1,TaskName 6/10/2024,Wheat (Durum),3817,6/10/2024,1,On,1293.7,38.5,0.75,1.824,2.738,14.2,269.7,11.45,11.07,7.061,4,664.08,4573.4,4573.4,76.22,76.22,8.712,6/10/2024
-111.7086362,33.0818547,Azule 1,TaskName 6/10/2024,Wheat (Durum),3818,6/10/2024,1,On,1293.7,38.5,0.75,1.845,2.669,13.95,270.19,11.99,11.48,7.1,4,688.98,4867.4,4867.4,81.12,81.12,8.493,6/10/2024
-111.708645,33.08185478,Azule 1,TaskName 6/10/2024,Wheat (Durum),3819,6/10/2024,1,On,1293.7,38.5,0.75,1.833,2.676,13.02,270.26,12.75,12.03,7.159,4,721.71,5086.1,5086.1,84.77,84.77,8.514,6/10/2024
-111.7086538,33.08185477,Azule 1,TaskName 6/10/2024,Wheat (Durum),3820,6/10/2024,1,On,1293.7,39,0.5,1.833,2.698,13.51,270.07,12.91,12.82,7.14,4,769.39,5307.3,5307.3,88.45,88.45,8.698,6/10/2024
-111.7086626,33.08185451,Azule 1,TaskName 6/10/2024,Wheat (Durum),3821,6/10/2024,1,On,1293.7,38.5,0.75,1.832,2.692,13.58,269.71,11.75,12.95,7.04,4,776.76,5440.7,5440.7,90.68,90.68,8.566,6/10/2024
-111.7086713,33.08185436,Azule 1,TaskName 6/10/2024,Wheat (Durum),3822,6/10/2024,1,On,1293.6,38.5,0.75,1.815,2.676,12.45,269.52,11.01,11.53,7,4,691.63,4874.1,4874.1,81.24,81.24,8.514,6/10/2024
-111.7086801,33.08185423,Azule 1,TaskName 6/10/2024,Wheat (Durum),3823,6/10/2024,1,On,1293.7,38.5,0.75,1.838,2.705,12.76,269.63,11.9,11.11,7,4,666.88,4648.4,4648.4,77.47,77.47,8.608,6/10/2024
-111.7086888,33.08185434,Azule 1,TaskName 6/10/2024,Wheat (Durum),3824,6/10/2024,1,On,1293.6,38.5,0.75,1.841,2.666,14.04,269.84,12.03,11.9,7,4,714.22,5051.9,5051.9,84.2,84.2,8.483,6/10/2024
-111.7086975,33.0818545,Azule 1,TaskName 6/10/2024,Wheat (Durum),3825,6/10/2024,0.996,On,1293.7,38.5,0.75,1.776,2.665,15.01,270.08,10.81,11.99,7,4,719.5,5069.9,5069.9,84.5,84.5,8.515,6/10/2024
-111.7087062,33.08185472,Azule 1,TaskName 6/10/2024,Wheat (Durum),3826,6/10/2024,1.004,On,1293.6,38.5,0.75,1.827,2.648,14.72,270.5,11.34,10.74,7,4,644.4,4606.1,4606.1,76.77,76.77,8.394,6/10/2024
-111.7087151,33.08185481,Azule 1,TaskName 6/10/2024,Wheat (Durum),3827,6/10/2024,0.996,On,1293.6,38.5,0.75,1.829,2.727,14.87,270.49,13.05,11.57,6.939,4,694.2,4780.4,4780.4,79.67,79.67,8.713,6/10/2024
-111.7087239,33.08185468,Azule 1,TaskName 6/10/2024,Wheat (Durum),3828,6/10/2024,1,On,1293.6,38.5,0.75,1.887,2.694,14.09,270.3,13.51,13.02,6.9,4,781.49,5468.8,5468.8,91.15,91.15,8.574,6/10/2024
-111.7087326,33.08185478,Azule 1,TaskName 6/10/2024,Wheat (Durum),3829,6/10/2024,1.004,On,1293.6,38.5,0.75,1.83,2.675,13.21,270.26,12.17,13.54,6.9,4,812.51,5750.7,5750.7,95.84,95.84,8.477,6/10/2024
-111.7087414,33.0818548,Azule 1,TaskName 6/10/2024,Wheat (Durum),3830,6/10/2024,1,On,1293.7,38.5,0.75,1.833,2.688,14.07,270.18,11.08,11.97,6.841,4,718.36,5039.3,5039.3,83.99,83.99,8.553,6/10/2024
-111.7087502,33.08185469,Azule 1,TaskName 6/10/2024,Wheat (Durum),3831,6/10/2024,1,On,1293.6,38.5,0.75,1.835,2.701,15.42,270.17,11.06,11.13,6.8,4,667.57,4660.3,4660.3,77.67,77.67,8.595,6/10/2024
-111.7087589,33.08185493,Azule 1,TaskName 6/10/2024,Wheat (Durum),3832,6/10/2024,1,On,1293.6,38.5,0.75,1.844,2.675,14.9,270.42,11.53,11.08,6.8,4,664.91,4687.3,4687.3,78.12,78.12,8.511,6/10/2024
-111.7087677,33.08185482,Azule 1,TaskName 6/10/2024,Wheat (Durum),3833,6/10/2024,0.996,On,1293.6,38.5,0.75,1.786,2.688,12.79,270.12,11.72,11.63,6.8,4,697.87,4876,4876,81.27,81.27,8.587,6/10/2024
-111.7087763,33.0818547,Azule 1,TaskName 6/10/2024,Wheat (Durum),3834,6/10/2024,0.999,On,1293.7,38.5,0.75,1.819,2.652,13.92,269.86,12.25,11.61,6.8,4,696.33,4946.3,4946.3,82.44,82.44,8.447,6/10/2024
-111.7087851,33.08185438,Azule 1,TaskName 6/10/2024,Wheat (Durum),3835,6/10/2024,1.001,On,1293.7,38.5,0.75,1.797,2.678,14.76,269.57,12.95,12.49,6.739,4,749.28,5280.8,5280.8,88.01,88.01,8.513,6/10/2024
-111.7087936,33.08185433,Azule 1,TaskName 6/10/2024,Wheat (Durum),3836,6/10/2024,1.004,On,1293.7,38.5,0.75,1.8,2.619,14.2,269.67,12.29,12.91,6.7,4,774.58,5599,5599,93.32,93.32,8.301,6/10/2024
-111.7088025,33.08185456,Azule 1,TaskName 6/10/2024,Wheat (Durum),3837,6/10/2024,0.995,On,1293.7,38.5,0.75,1.821,2.714,12.75,270.11,11.61,12.22,6.7,4,732.92,5066.3,5066.3,84.44,84.44,8.68,6/10/2024
-111.7088112,33.08185477,Azule 1,TaskName 6/10/2024,Wheat (Durum),3838,6/10/2024,1.005,On,1293.7,38.5,0.75,1.847,2.675,11.84,270.44,11.31,11.57,6.7,4,694.1,4917.5,4917.5,81.96,81.96,8.469,6/10/2024
-111.7088199,33.08185495,Azule 1,TaskName 6/10/2024,Wheat (Durum),3839,6/10/2024,0.995,On,1293.7,38.5,0.75,1.845,2.675,14.73,270.42,11.37,11.31,6.76,4,678.33,4757.9,4757.9,79.3,79.3,8.554,6/10/2024
-111.7088288,33.08185512,Azule 1,TaskName 6/10/2024,Wheat (Durum),3840,6/10/2024,1.001,On,1293.7,39,0.5,1.879,2.727,15.07,270.68,11.01,11.37,6.8,4,682.03,4659.8,4659.8,77.66,77.66,8.782,6/10/2024
-111.7088376,33.08185507,Azule 1,TaskName 6/10/2024,Wheat (Durum),3841,6/10/2024,1,On,1293.7,39,0.5,1.84,2.678,14.45,270.4,11.3,10.94,6.8,4,656.59,4563.8,4563.8,76.06,76.06,8.632,6/10/2024
-111.7088465,33.08185465,Azule 1,TaskName 6/10/2024,Wheat (Durum),3842,6/10/2024,1,On,1293.7,38.5,0.75,1.819,2.717,13.27,269.73,12.27,11.41,6.739,4,684.82,4751.8,4751.8,79.2,79.2,8.647,6/10/2024
-111.7088552,33.08185466,Azule 1,TaskName 6/10/2024,Wheat (Durum),3843,6/10/2024,0.999,On,1293.7,38.5,0.75,1.837,2.678,14.14,269.78,11.95,12.34,6.76,4,740.15,5206.1,5206.1,86.77,86.77,8.53,6/10/2024
-111.708864,33.08185438,Azule 1,TaskName 6/10/2024,Wheat (Durum),3844,6/10/2024,0.996,On,1293.8,38.5,0.75,1.807,2.688,13.48,269.35,10.14,11.85,6.86,4,710.71,4965.7,4965.7,82.76,82.76,8.587,6/10/2024
-111.7088727,33.08185444,Azule 1,TaskName 6/10/2024,Wheat (Durum),3845,6/10/2024,1.004,On,1293.8,38.5,0.75,1.79,2.671,14.35,269.62,9.498,9.937,6.961,4,596.22,4225,4225,70.42,70.42,8.467,6/10/2024
-111.7088814,33.08185458,Azule 1,TaskName 6/10/2024,Wheat (Durum),3846,6/10/2024,0.995,On,1293.7,38.5,0.75,1.852,2.662,13.01,269.86,9.621,9.562,7,4,573.73,4044.1,4044.1,67.4,67.4,8.512,6/10/2024
-111.7088903,33.08185453,Azule 1,TaskName 6/10/2024,Wheat (Durum),3847,6/10/2024,1.005,On,1293.8,38.5,0.75,1.855,2.734,16.21,269.76,10.58,9.556,7,4,573.37,3974.4,3974.4,66.24,66.24,8.656,6/10/2024
-111.7088997,33.08185467,Azule 1,TaskName 6/10/2024,Wheat (Durum),3848,6/10/2024,1.001,On,1293.7,38.5,0.75,1.925,2.868,13.01,270.02,12.15,10.75,7,4,645.02,4244.4,4244.4,70.74,70.74,9.118,6/10/2024
-111.7089085,33.08185459,Azule 1,TaskName 6/10/2024,Wheat (Durum),3849,6/10/2024,1,On,1293.8,38.5,0.75,1.838,2.708,13.73,269.78,13.32,12.21,7,4,732.47,5101,5101,85.02,85.02,8.616,6/10/2024
-111.7089173,33.0818546,Azule 1,TaskName 6/10/2024,Wheat (Durum),3850,6/10/2024,0.999,On,1293.8,38.5,0.75,1.831,2.698,13.94,269.82,13.81,13.44,7,4,806.67,5632.5,5632.5,93.88,93.88,8.593,6/10/2024
-111.708926,33.08185459,Azule 1,TaskName 6/10/2024,Wheat (Durum),3851,6/10/2024,0.995,On,1293.8,38.5,0.75,1.813,2.652,14.24,269.86,13.52,13.78,6.881,4,826.67,5848.7,5848.7,97.48,97.48,8.481,6/10/2024
-111.7089348,33.08185476,Azule 1,TaskName 6/10/2024,Wheat (Durum),3852,6/10/2024,1.005,On,1293.8,38.5,0.75,1.83,2.704,12.71,269.98,12.31,13.51,6.8,4,810.83,5681.8,5681.8,94.7,94.7,8.562,6/10/2024
-111.7089441,33.08185476,Azule 1,TaskName 6/10/2024,Wheat (Durum),3853,6/10/2024,1,On,1293.8,38.5,0.75,1.926,2.835,12.95,269.94,12.49,12.15,6.74,4,728.88,4846.9,4846.9,80.78,80.78,9.023,6/10/2024
-111.7089536,33.08185468,Azule 1,TaskName 6/10/2024,Wheat (Durum),3854,6/10/2024,0.996,On,1293.7,38.5,0.75,2.02,2.931,16.43,269.81,13.22,12.66,6.7,4,759.5,4867,4867,81.12,81.12,9.363,6/10/2024
-111.708963,33.08185453,Azule 1,TaskName 6/10/2024,Wheat (Durum),3855,6/10/2024,1.005,On,1293.8,38.5,0.75,1.923,2.877,13.52,269.68,12.46,13.16,6.7,4,789.62,5201.7,5201.7,86.69,86.69,9.108,6/10/2024
-111.708972,33.08185463,Azule 1,TaskName 6/10/2024,Wheat (Durum),3856,6/10/2024,0.999,On,1293.9,38.5,0.75,1.847,2.756,18.06,269.91,12.01,12.39,6.7,4,743.6,5081.7,5081.7,84.7,84.7,8.78,6/10/2024
-111.7089812,33.08185464,Azule 1,TaskName 6/10/2024,Wheat (Durum),3857,6/10/2024,1,On,1293.8,38.5,0.75,1.928,2.809,14.79,270.15,12.28,12,6.641,4,720.19,4834.6,4834.6,80.58,80.58,8.938,6/10/2024
-111.7089901,33.08185471,Azule 1,TaskName 6/10/2024,Wheat (Durum),3858,6/10/2024,1,On,1293.8,38.5,0.75,1.896,2.76,16.41,270.12,12.48,12.34,6.6,4,740.2,5057.5,5057.5,84.29,84.29,8.781,6/10/2024
-111.7089993,33.08185453,Azule 1,TaskName 6/10/2024,Wheat (Durum),3859,6/10/2024,0.996,On,1293.7,38.5,0.75,1.919,2.809,12.67,270.01,12.74,12.52,6.66,4,751.33,5023.5,5023.5,83.72,83.72,8.974,6/10/2024
-111.7090081,33.08185453,Azule 1,TaskName 6/10/2024,Wheat (Durum),3860,6/10/2024,1.004,On,1293.7,38.5,0.75,1.915,2.691,15.16,269.93,12.32,12.71,6.759,4,762.71,5366.1,5366.1,89.44,89.44,8.528,6/10/2024
-111.7090173,33.08185433,Azule 1,TaskName 6/10/2024,Wheat (Durum),3861,6/10/2024,1,On,1293.7,38.5,0.75,1.869,2.842,14.98,269.79,12.13,12.23,6.8,4,733.73,4868.6,4868.6,81.14,81.14,9.042,6/10/2024
-111.7090263,33.08185449,Azule 1,TaskName 6/10/2024,Wheat (Durum),3862,6/10/2024,1,On,1293.7,38.5,0.75,1.863,2.746,12.98,270.21,12.77,12.16,6.8,4,729.79,5010.2,5010.2,83.5,83.5,8.74,6/10/2024
-111.7090352,33.08185464,Azule 1,TaskName 6/10/2024,Wheat (Durum),3863,6/10/2024,1,On,1293.7,38.5,0.75,1.881,2.733,15.21,270.33,12.46,12.83,6.8,4,770.01,5311.7,5311.7,88.53,88.53,8.698,6/10/2024
-111.7090449,33.08185471,Azule 1,TaskName 6/10/2024,Wheat (Durum),3864,6/10/2024,1,On,1293.7,38.5,0.75,1.915,2.973,13.77,270.43,12.61,12.32,6.8,4,739.46,4690,4690,78.17,78.17,9.46,6/10/2024
-111.7090548,33.0818547,Azule 1,TaskName 6/10/2024,Wheat (Durum),3865,6/10/2024,1,On,1293.7,38.5,0.75,2.145,3.045,14.45,270.23,13.78,12.7,6.8,4,762.17,4719.5,4719.5,78.66,78.66,9.69,6/10/2024
-111.7090644,33.08185454,Azule 1,TaskName 6/10/2024,Wheat (Durum),3866,6/10/2024,1.001,On,1293.7,38.5,0.75,2.005,2.924,13.47,270.02,14.75,13.84,6.74,4,830.65,5362.5,5362.5,89.37,89.37,9.294,6/10/2024
-111.709074,33.08185455,Azule 1,TaskName 6/10/2024,Wheat (Durum),3867,6/10/2024,0.999,On,1293.7,38.5,0.75,1.977,2.956,13.97,270.12,14.78,14.91,6.64,4,894.82,5701.2,5701.2,95.02,95.02,9.417,6/10/2024
-111.709084,33.08185454,Azule 1,TaskName 6/10/2024,Wheat (Durum),3868,6/10/2024,1,On,1293.7,38.5,0.75,2.083,3.052,13.88,270.19,14.41,14.62,6.6,4,877.33,5420.9,5420.9,90.35,90.35,9.711,6/10/2024
-111.709094,33.08185484,Azule 1,TaskName 6/10/2024,Wheat (Durum),3869,6/10/2024,1,On,1293.7,38.5,0.75,2.034,3.065,12.92,270.5,14.13,14.46,6.6,4,867.81,5339.1,5339.1,88.98,88.98,9.752,6/10/2024
-111.7091035,33.08185504,Azule 1,TaskName 6/10/2024,Wheat (Durum),3870,6/10/2024,1.001,On,1293.7,39,0.5,2.026,2.914,16.32,270.61,14.15,14.12,6.6,4,847.5,5419.5,5419.5,90.33,90.33,9.383,6/10/2024
-111.7091134,33.08185506,Azule 1,TaskName 6/10/2024,Wheat (Durum),3871,6/10/2024,0.999,On,1293.7,38.5,0.75,2.079,3.048,14.77,270.44,13.83,14.12,6.6,4,847.16,5234.9,5234.9,87.25,87.25,9.71,6/10/2024
-111.7091231,33.08185487,Azule 1,TaskName 6/10/2024,Wheat (Durum),3872,6/10/2024,1,On,1293.7,38.5,0.75,2.041,2.973,16.41,270.12,13.51,13.77,6.6,4,825.99,5238.9,5238.9,87.31,87.31,9.46,6/10/2024
-111.7091328,33.08185463,Azule 1,TaskName 6/10/2024,Wheat (Durum),3873,6/10/2024,1,On,1293.7,38.5,0.75,2.014,2.986,14.74,269.69,13.52,13.53,6.66,4,811.9,5126.8,5126.8,85.45,85.45,9.502,6/10/2024
-111.7091427,33.08185455,Azule 1,TaskName 6/10/2024,Wheat (Durum),3874,6/10/2024,1.001,On,1293.7,38.5,0.75,2.023,3.038,14.87,269.78,14.22,13.58,6.7,4,814.79,5061.3,5061.3,84.35,84.35,9.659,6/10/2024
-111.7091523,33.08185474,Azule 1,TaskName 6/10/2024,Wheat (Durum),3875,6/10/2024,0.999,On,1293.7,38.5,0.75,1.988,2.947,14.35,270.14,14.53,14.24,7.001,4,854.4,5461.9,5461.9,91.03,91.03,9.386,6/10/2024
-111.709162,33.08185472,Azule 1,TaskName 6/10/2024,Wheat (Durum),3876,6/10/2024,0.995,On,1293.7,38.5,0.75,2.028,2.97,15.74,270.01,14.35,14.51,8.27,4,870.5,5499.6,5499.6,91.66,91.66,9.497,6/10/2024
-111.7091721,33.08185478,Azule 1,TaskName 6/10/2024,Wheat (Durum),3877,6/10/2024,1.005,On,1293.7,38.5,0.75,2.073,3.098,16.92,270.09,14.97,14.35,8.753,4,860.82,5266.2,5266.2,87.77,87.77,9.808,6/10/2024
-111.7091827,33.08185471,Azule 1,TaskName 6/10/2024,Wheat (Durum),3878,6/10/2024,1,On,1293.7,38.5,0.75,2.2,3.225,15.36,269.77,15.17,15.05,9.014,4,902.86,5277.9,5277.9,87.97,87.97,10.26,6/10/2024
-111.7091932,33.08185459,Azule 1,TaskName 6/10/2024,Wheat (Durum),3879,6/10/2024,0.995,On,1293.8,38.5,0.75,2.18,3.222,14.68,269.67,15.12,15.2,8.997,4,911.72,5308.5,5308.5,88.47,88.47,10.3,6/10/2024
-111.7092036,33.08185464,Azule 1,TaskName 6/10/2024,Wheat (Durum),3880,6/10/2024,1.005,On,1293.8,38.5,0.75,2.155,3.206,14.13,269.78,15.41,15.13,8.617,4,907.86,5366.4,5366.4,89.44,89.44,10.15,6/10/2024
-111.7092138,33.08185462,Azule 1,TaskName 6/10/2024,Wheat (Durum),3881,6/10/2024,0.995,On,1293.9,38.5,0.75,2.15,3.111,15.93,269.62,15.29,15.43,8.203,4,925.82,5583.8,5583.8,93.06,93.06,9.948,6/10/2024
-111.7092242,33.08185456,Azule 1,TaskName 6/10/2024,Wheat (Durum),3882,6/10/2024,1.001,On,1293.9,38.5,0.75,2.157,3.212,15.69,269.68,14.93,15.25,7.88,4,914.85,5375.2,5375.2,89.59,89.59,10.21,6/10/2024
-111.7092344,33.08185453,Azule 1,TaskName 6/10/2024,Wheat (Durum),3883,6/10/2024,1,On,1293.8,38.5,0.75,2.14,3.117,18.78,269.61,15.36,14.93,7.68,4,895.78,5418.4,5418.4,90.31,90.31,9.919,6/10/2024
-111.7092447,33.0818546,Azule 1,TaskName 6/10/2024,Wheat (Durum),3884,6/10/2024,1,On,1293.7,38.5,0.75,2.166,3.153,15.92,269.87,15.3,15.44,7.48,4,926.36,5539.2,5539.2,92.32,92.32,10.03,6/10/2024
-111.709255,33.0818545,Azule 1,TaskName 6/10/2024,Wheat (Durum),3885,6/10/2024,0.995,On,1293.7,38.5,0.75,2.162,3.151,15.93,269.67,14.82,15.22,7.34,4,913.38,5438.7,5438.7,90.64,90.64,10.08,6/10/2024
-111.7092654,33.08185457,Azule 1,TaskName 6/10/2024,Wheat (Durum),3886,6/10/2024,1.005,On,1293.7,38.5,0.75,2.173,3.193,15.99,269.93,14.22,14.82,7.24,4,888.9,5275.7,5275.7,87.93,87.93,10.11,6/10/2024
-111.7092756,33.08185445,Azule 1,TaskName 6/10/2024,Wheat (Durum),3887,6/10/2024,0.999,On,1293.7,38.5,0.75,2.111,3.104,17.01,269.88,14.33,14.13,7.2,4,848.04,5145.9,5145.9,85.77,85.77,9.888,6/10/2024
-111.7092859,33.08185444,Azule 1,TaskName 6/10/2024,Wheat (Durum),3888,6/10/2024,1.001,On,1293.7,38.5,0.75,2.091,3.14,17.17,269.81,14.55,14.44,7.139,4,866.54,5208.1,5208.1,86.8,86.8,9.983,6/10/2024
-111.7092961,33.08185442,Azule 1,TaskName 6/10/2024,Wheat (Durum),3889,6/10/2024,0.999,On,1293.7,38.5,0.75,2.174,3.127,17.17,269.99,14.71,14.5,7.1,4,869.89,5239.8,5239.8,87.33,87.33,9.961,6/10/2024
-111.7093064,33.08185451,Azule 1,TaskName 6/10/2024,Wheat (Durum),3890,6/10/2024,1,On,1293.6,38.5,0.75,2.161,3.144,16.89,270.06,14.64,14.78,7.1,4,886.86,5319.4,5319.4,88.66,88.66,10,6/10/2024
-111.7093167,33.0818545,Azule 1,TaskName 6/10/2024,Wheat (Durum),3891,6/10/2024,0.995,On,1293.6,38.5,0.75,2.136,3.144,16.64,270.05,14.11,14.53,7.1,4,872.04,5204.3,5204.3,86.74,86.74,10.05,6/10/2024
-111.709327,33.08185469,Azule 1,TaskName 6/10/2024,Wheat (Durum),3892,6/10/2024,1.005,On,1293.6,38.5,0.75,2.191,3.15,15.79,270.41,13.87,14.12,7.1,4,847.11,5095.8,5095.8,84.93,84.93,9.974,6/10/2024
-111.7093373,33.08185484,Azule 1,TaskName 6/10/2024,Wheat (Durum),3893,6/10/2024,1.001,On,1293.6,38.5,0.75,2.096,3.144,17.18,270.51,13.78,13.83,7.1,4,829.67,4981.3,4981.3,83.02,83.02,9.993,6/10/2024
-111.7093476,33.08185481,Azule 1,TaskName 6/10/2024,Wheat (Durum),3894,6/10/2024,0.995,On,1293.7,38.5,0.75,2.162,3.153,14.67,270.23,14.3,13.8,7.1,4,828.21,4927.4,4927.4,82.12,82.12,10.09,6/10/2024
-111.709358,33.08185462,Azule 1,TaskName 6/10/2024,Wheat (Durum),3895,6/10/2024,1.004,On,1293.7,38.5,0.75,2.163,3.18,15.12,269.8,15.12,14.37,7.1,4,861.96,5131.8,5131.8,85.53,85.53,10.08,6/10/2024
-111.7093683,33.08185458,Azule 1,TaskName 6/10/2024,Wheat (Durum),3896,6/10/2024,1,On,1293.7,38.5,0.75,2.159,3.13,16.29,269.82,14.73,15.16,7.1,4,909.68,5479.1,5479.1,91.32,91.32,9.962,6/10/2024
-111.7093785,33.08185466,Azule 1,TaskName 6/10/2024,Wheat (Durum),3897,6/10/2024,1.001,On,1293.8,38.5,0.75,2.116,3.134,17.41,270.02,12.78,14.68,6.979,4,881.07,5306.6,5306.6,88.44,88.44,9.962,6/10/2024
-111.709389,33.08185493,Azule 1,TaskName 6/10/2024,Wheat (Durum),3898,6/10/2024,0.999,On,1293.7,38.5,0.75,2.167,3.206,14.74,270.22,11.76,12.56,6.9,4,753.69,4428.3,4428.3,73.81,73.81,10.21,6/10/2024
-111.7093993,33.08185491,Azule 1,TaskName 6/10/2024,Wheat (Durum),3899,6/10/2024,1,On,1293.7,38.5,0.75,2.187,3.134,15.91,269.97,13.04,11.8,6.9,4,707.77,4258.5,4258.5,70.98,70.98,9.972,6/10/2024
-111.7094097,33.08185473,Azule 1,TaskName 6/10/2024,Wheat (Durum),3900,6/10/2024,1.001,On,1293.7,38.5,0.75,2.149,3.183,15.32,269.55,14.58,13.21,6.961,4,792.56,4699.7,4699.7,78.33,78.33,10.12,6/10/2024
-111.7094199,33.08185457,Azule 1,TaskName 6/10/2024,Wheat (Durum),3901,6/10/2024,0.999,On,1293.7,38.5,0.75,2.185,3.117,15.14,269.49,14.85,14.58,7.059,4,874.51,5284.2,5284.2,88.07,88.07,9.93,6/10/2024
-111.7094303,33.0818546,Azule 1,TaskName 6/10/2024,Wheat (Durum),3902,6/10/2024,1,On,1293.7,38.5,0.75,2.117,3.173,16.98,269.59,14.93,14.81,7.16,4,888.58,5280.1,5280.1,88,88,10.1,6/10/2024
-111.7094407,33.0818548,Azule 1,TaskName 6/10/2024,Wheat (Durum),3903,6/10/2024,1,On,1293.7,38.5,0.75,2.175,3.19,14.77,270.16,15.01,14.98,7.26,4,899.07,5314.9,5314.9,88.58,88.58,10.15,6/10/2024
-111.709451,33.0818548,Azule 1,TaskName 6/10/2024,Wheat (Durum),3904,6/10/2024,1,On,1293.8,38.5,0.75,2.139,3.144,14.44,270.1,15.59,14.98,7.3,4,898.97,5392,5392,89.87,89.87,10,6/10/2024
-111.7094612,33.08185455,Azule 1,TaskName 6/10/2024,Wheat (Durum),3905,6/10/2024,1,On,1293.7,38.5,0.75,2.141,3.134,14.69,269.81,15.72,15.7,7.179,4,941.9,5667.3,5667.3,94.45,94.45,9.972,6/10/2024
-111.7094717,33.08185453,Azule 1,TaskName 6/10/2024,Wheat (Durum),3906,6/10/2024,1.001,On,1293.7,38.5,0.75,2.2,3.209,13.75,269.83,15.24,15.63,7.1,4,937.93,5516.2,5516.2,91.94,91.94,10.2,6/10/2024
-111.7094817,33.08185442,Azule 1,TaskName 6/10/2024,Wheat (Durum),3907,6/10/2024,0.999,On,1293.7,38.5,0.75,2.126,3.045,19.34,269.85,14.76,15.22,7.041,4,913.26,5649.1,5649.1,94.15,94.15,9.7,6/10/2024
-111.7094916,33.08185453,Azule 1,TaskName 6/10/2024,Wheat (Durum),3908,6/10/2024,1,On,1293.7,38.5,0.75,2.043,3.039,19.96,270.19,14.85,14.71,7,4,882.48,5476,5476,91.27,91.27,9.669,6/10/2024
-111.7095015,33.08185459,Azule 1,TaskName 6/10/2024,Wheat (Durum),3909,6/10/2024,1,On,1293.8,38.5,0.75,2.045,3.006,19.04,270.29,15.22,14.9,7,4,894.22,5609.4,5609.4,93.49,93.49,9.565,6/10/2024
-111.709512,33.08185472,Azule 1,TaskName 6/10/2024,Wheat (Durum),3910,6/10/2024,0.995,On,1293.7,38.5,0.75,2.186,3.209,15.97,270.26,15.71,15.32,7,4,919.27,5374.1,5374.1,89.57,89.57,10.26,6/10/2024
-111.7095224,33.08185449,Azule 1,TaskName 6/10/2024,Wheat (Durum),3911,6/10/2024,1.006,On,1293.7,38.5,0.75,2.159,3.196,17.08,269.99,15.13,15.68,7,4,940.65,5582.7,5582.7,93.04,93.04,10.11,6/10/2024
-111.7095327,33.08185446,Azule 1,TaskName 6/10/2024,Wheat (Durum),3912,6/10/2024,0.99,On,1293.7,38.5,0.75,2.153,3.144,16.69,270.09,14.34,15.09,7,4,905.39,5376.2,5376.2,89.6,89.6,10.1,6/10/2024
-111.7095431,33.08185469,Azule 1,TaskName 6/10/2024,Wheat (Durum),3913,6/10/2024,1.009,On,1293.7,38.5,0.75,2.182,3.18,15.82,270.44,14.68,14.32,7,4,859.41,5142.1,5142.1,85.7,85.7,10.03,6/10/2024
-111.7095534,33.08185475,Azule 1,TaskName 6/10/2024,Wheat (Durum),3914,6/10/2024,0.991,On,1293.6,38.5,0.75,2.155,3.157,15.84,270.43,15.92,14.76,6.94,4,885.46,5241.3,5241.3,87.36,87.36,10.14,6/10/2024
-111.7095638,33.08185473,Azule 1,TaskName 6/10/2024,Wheat (Durum),3915,6/10/2024,1.005,On,1293.6,38.5,0.75,2.157,3.164,16.05,270.34,16.43,16.04,6.84,4,962.15,5762.5,5762.5,96.04,96.04,10.02,6/10/2024
-111.709574,33.08185472,Azule 1,TaskName 6/10/2024,Wheat (Durum),3916,6/10/2024,1,On,1293.7,38.5,0.75,2.141,3.14,15.56,270.31,15.89,16.4,6.739,4,983.74,5906.5,5906.5,98.44,98.44,9.993,6/10/2024
-111.7095844,33.08185465,Azule 1,TaskName 6/10/2024,Wheat (Durum),3917,6/10/2024,0.995,On,1293.7,38.5,0.75,2.161,3.173,15.97,270.09,14.94,15.81,6.7,4,948.87,5610.1,5610.1,93.5,93.5,10.15,6/10/2024
-111.7095946,33.0818546,Azule 1,TaskName 6/10/2024,Wheat (Durum),3918,6/10/2024,1.004,On,1293.7,38.5,0.75,2.197,3.134,18.82,270.01,14.68,14.95,6.7,4,896.73,5416.9,5416.9,90.28,90.28,9.933,6/10/2024
-111.7096052,33.08185475,Azule 1,TaskName 6/10/2024,Wheat (Durum),3919,6/10/2024,0.996,On,1293.7,38.5,0.75,2.165,3.229,16.68,269.93,14.59,14.63,6.7,4,877.85,5105.6,5105.6,85.09,85.09,10.32,6/10/2024
-111.7096155,33.08185482,Azule 1,TaskName 6/10/2024,Wheat (Durum),3920,6/10/2024,1.004,On,1293.7,39,0.5,2.156,3.15,15.16,269.88,14.05,14.58,6.76,4,874.63,5188.7,5188.7,86.48,86.48,10.11,6/10/2024
-111.7096258,33.08185461,Azule 1,TaskName 6/10/2024,Wheat (Durum),3921,6/10/2024,1,On,1293.8,38.5,0.75,2.127,3.17,16.15,269.41,14.16,13.97,6.74,4,838.39,4986.9,4986.9,83.11,83.11,10.09,6/10/2024
-111.7096361,33.0818543,Azule 1,TaskName 6/10/2024,Wheat (Durum),3922,6/10/2024,0.996,On,1293.8,38.5,0.75,2.145,3.154,18.22,269.28,14.7,14.22,6.7,4,853.45,5082.5,5082.5,84.71,84.71,10.08,6/10/2024
-111.7096464,33.08185454,Azule 1,TaskName 6/10/2024,Wheat (Durum),3923,6/10/2024,1.004,On,1293.8,38.5,0.75,2.128,3.154,16.34,269.82,15.15,14.7,6.64,4,882.29,5296.5,5296.5,88.27,88.27,9.995,6/10/2024
-111.7096566,33.08185485,Azule 1,TaskName 6/10/2024,Wheat (Durum),3924,6/10/2024,0.996,On,1293.8,38.5,0.75,2.112,3.108,16.78,270.16,15.01,15.21,6.6,4,912.86,5516.6,5516.6,91.94,91.94,9.928,6/10/2024
-111.709667,33.0818546,Azule 1,TaskName 6/10/2024,Wheat (Durum),3925,6/10/2024,1.004,On,1293.7,38.5,0.75,2.193,3.183,14.01,269.84,15.03,15.01,6.6,4,900.43,5355.2,5355.2,89.25,89.25,10.09,6/10/2024
-111.7096772,33.08185433,Azule 1,TaskName 6/10/2024,Wheat (Durum),3926,6/10/2024,0.996,On,1293.7,38.5,0.75,2.148,3.147,15.99,269.44,15.07,15.02,6.6,4,901.14,5377.7,5377.7,89.63,89.63,10.05,6/10/2024
-111.7096876,33.08185434,Azule 1,TaskName 6/10/2024,Wheat (Durum),3927,6/10/2024,1,On,1293.7,38.5,0.75,2.169,3.163,16.39,269.72,14.6,15.11,6.6,4,906.57,5403.7,5403.7,90.06,90.06,10.07,6/10/2024
-111.7096977,33.0818544,Azule 1,TaskName 6/10/2024,Wheat (Durum),3928,6/10/2024,1,On,1293.7,38.5,0.75,2.163,3.117,16.06,269.84,14.21,14.47,6.6,4,868.31,5251.9,5251.9,87.53,87.53,9.92,6/10/2024
-111.7097081,33.08185486,Azule 1,TaskName 6/10/2024,Wheat (Durum),3929,6/10/2024,1.004,On,1293.7,38.5,0.75,2.142,3.186,16.07,270.51,14.47,14.23,6.66,4,853.74,5072.3,5072.3,84.54,84.54,10.1,6/10/2024
-111.7097183,33.08185483,Azule 1,TaskName 6/10/2024,Wheat (Durum),3930,6/10/2024,0.996,On,1293.7,38.5,0.75,2.165,3.131,17.47,270.25,14.81,14.48,6.582,4,868.65,5211,5211,86.85,86.85,10,6/10/2024
-111.7097288,33.08185482,Azule 1,TaskName 6/10/2024,Wheat (Durum),3931,6/10/2024,1.004,On,1293.7,38.5,0.75,2.154,3.216,15.52,270.16,15.05,14.86,6.379,4,891.69,5249.1,5249.1,87.49,87.49,10.19,6/10/2024
-111.709739,33.08185492,Azule 1,TaskName 6/10/2024,Wheat (Durum),3932,6/10/2024,0.996,On,1293.7,38.5,0.75,2.141,3.114,17.89,270.26,13.96,15.05,6.119,4,902.93,5445.1,5445.1,90.75,90.75,9.949,6/10/2024
-111.7097494,33.08185475,Azule 1,TaskName 6/10/2024,Wheat (Durum),3933,6/10/2024,1,On,1293.7,38.5,0.75,2.159,3.186,15.58,269.99,12.81,13.81,5.881,4,828.88,4905,4905,81.75,81.75,10.14,6/10/2024
-111.7097598,33.08185485,Azule 1,TaskName 6/10/2024,Wheat (Durum),3934,6/10/2024,1,On,1293.7,39,0.5,2.154,3.186,15.97,270.16,13.27,12.79,5.679,4,767.43,4483.2,4483.2,74.72,74.72,10.27,6/10/2024
-111.7097701,33.08185487,Azule 1,TaskName 6/10/2024,Wheat (Durum),3935,6/10/2024,1,On,1293.8,38.5,0.75,2.133,3.16,15.29,270.12,13.8,13.34,5.48,4,800.24,4774.8,4774.8,79.58,79.58,10.06,6/10/2024
-111.7097804,33.08185484,Azule 1,TaskName 6/10/2024,Wheat (Durum),3936,6/10/2024,1,On,1293.8,38.5,0.75,2.154,3.154,15.67,270.07,13.84,13.82,5.34,4,829.11,4957.4,4957.4,82.62,82.62,10.03,6/10/2024
-111.7097907,33.08185471,Azule 1,TaskName 6/10/2024,Wheat (Durum),3937,6/10/2024,0.999,On,1293.9,38.5,0.75,2.083,3.14,16.38,269.9,13.24,13.9,5.421,4,833.9,5001.9,5001.9,83.36,83.36,10,6/10/2024
-111.709801,33.08185456,Azule 1,TaskName 6/10/2024,Wheat (Durum),3938,6/10/2024,1.001,On,1293.8,38.5,0.75,2.18,3.16,15.93,269.68,13.15,13.09,5.677,4,785.26,4690.1,4690.1,78.17,78.17,10.05,6/10/2024
-111.7098114,33.08185438,Azule 1,TaskName 6/10/2024,Wheat (Durum),3939,6/10/2024,1,On,1293.8,38.5,0.75,2.186,3.19,15.81,269.59,13.76,13.24,5.86,4,794.61,4697.3,4697.3,78.29,78.29,10.15,6/10/2024
-111.7098218,33.08185447,Azule 1,TaskName 6/10/2024,Wheat (Durum),3940,6/10/2024,0.999,On,1293.8,38.5,0.75,2.172,3.17,13.74,269.81,14.6,13.84,6.019,4,830.4,4934.4,4934.4,82.24,82.24,10.1,6/10/2024
-111.709832,33.08185473,Azule 1,TaskName 6/10/2024,Wheat (Durum),3941,6/10/2024,1.001,On,1293.8,38.5,0.75,2.138,3.144,14.31,270.3,14.79,14.71,6.16,4,882.49,5298.3,5298.3,88.31,88.31,9.994,6/10/2024
-111.7098424,33.08185482,Azule 1,TaskName 6/10/2024,Wheat (Durum),3942,6/10/2024,1,On,1293.9,38.5,0.75,2.144,3.176,14.38,270.26,14.26,14.72,6.26,4,883.12,5242.1,5242.1,87.37,87.37,10.11,6/10/2024
-111.7098527,33.08185454,Azule 1,TaskName 6/10/2024,Wheat (Durum),3943,6/10/2024,0.999,On,1293.9,38.5,0.75,2.146,3.17,17.46,269.85,14.85,14.16,6.36,4,849.8,5049.7,5049.7,84.16,84.16,10.1,6/10/2024
-111.7098629,33.08185441,Azule 1,TaskName 6/10/2024,Wheat (Durum),3944,6/10/2024,1,On,1293.9,38.5,0.75,2.137,3.121,17.73,269.7,15.21,14.98,6.4,4,898.69,5429.9,5429.9,90.5,90.5,9.93,6/10/2024
-111.7098733,33.08185437,Azule 1,TaskName 6/10/2024,Wheat (Durum),3945,6/10/2024,1.001,On,1293.8,38.5,0.75,2.198,3.176,14.7,269.71,14.21,15.24,6.4,4,914.33,5433.4,5433.4,90.56,90.56,10.1,6/10/2024
-111.7098837,33.08185468,Azule 1,TaskName 6/10/2024,Wheat (Durum),3946,6/10/2024,0.999,On,1293.8,38.5,0.75,2.239,3.181,16.26,270.12,12.94,14.1,6.4,4,845.91,5008.6,5008.6,83.48,83.48,10.13,6/10/2024
-111.7098943,33.08185452,Azule 1,TaskName 6/10/2024,Wheat (Durum),3947,6/10/2024,1.001,On,1293.8,38.5,0.75,2.139,3.253,13.44,269.88,13.13,12.86,6.4,4,771.89,4477.9,4477.9,74.63,74.63,10.34,6/10/2024
-111.7099043,33.08185467,Azule 1,TaskName 6/10/2024,Wheat (Durum),3948,6/10/2024,1,On,1293.8,38.5,0.75,2.137,3.08,17.72,270.19,13.74,13.22,6.4,4,793.37,4857.5,4857.5,80.96,80.96,9.8,6/10/2024
-111.7099148,33.08185458,Azule 1,TaskName 6/10/2024,Wheat (Durum),3949,6/10/2024,1,On,1293.8,38.5,0.75,2.14,3.211,16.82,270.1,13.24,13.72,6.4,4,823.28,4834.6,4834.6,80.58,80.58,10.22,6/10/2024
-111.7099251,33.0818545,Azule 1,TaskName 6/10/2024,Wheat (Durum),3950,6/10/2024,0.995,On,1293.8,38.5,0.75,2.154,3.171,16.03,269.96,12.72,13.19,6.4,4,791.17,4680.2,4680.2,78,78,10.14,6/10/2024
-111.7099355,33.08185453,Azule 1,TaskName 6/10/2024,Wheat (Durum),3951,6/10/2024,1.005,On,1293.8,38.5,0.75,2.16,3.171,15.07,270.13,11.03,12.69,6.4,4,761.14,4547.8,4547.8,75.8,75.8,10.04,6/10/2024
-111.7099458,33.08185466,Azule 1,TaskName 6/10/2024,Wheat (Durum),3952,6/10/2024,1,On,1293.8,38.5,0.75,2.148,3.162,14.2,270.18,8.281,10.77,6.4,4,646.25,3854.1,3854.1,64.23,64.23,10.06,6/10/2024
-111.7099748,33.08185477,Azule 1,TaskName 6/10/2024,Wheat (Durum),3956,6/10/2024,1,On,1293.8,38.5,0.75,1.078,1.095,14.2,270.12,2.225,3.464,6.4,4,207.86,3580.2,3580.2,59.67,59.67,3.483,6/10/2024
-111.7099834,33.08185469,Azule 1,TaskName 6/10/2024,Wheat (Durum),3958,6/10/2024,1,On,1293.9,38.5,0.75,1.158,1.874,8.826,270.06,9.071,8.044,7.2,5,482.66,4856.9,4856.9,80.95,80.95,5.963,6/10/2024
-111.7099899,33.0818544,Azule 1,TaskName 6/10/2024,Wheat (Durum),3959,6/10/2024,1,On,1294,38.5,0.75,1.351,1.995,8.395,269.74,10.09,9.176,7.2,5,550.56,5203.1,5203.1,86.72,86.72,6.349,6/10/2024
-111.7099966,33.08185446,Azule 1,TaskName 6/10/2024,Wheat (Durum),3960,6/10/2024,1,On,1294,38.5,0.75,1.385,2.051,8.751,269.99,10.46,10.07,7.2,5,604.4,5556.6,5556.6,92.61,92.61,6.526,6/10/2024
-111.7100038,33.08185456,Azule 1,TaskName 6/10/2024,Wheat (Durum),3961,6/10/2024,1,On,1294,38.5,0.75,1.451,2.185,9.916,270.2,11.26,10.55,7.2,5,633.01,5461.5,5461.5,91.02,91.02,6.954,6/10/2024
-111.7100114,33.08185452,Azule 1,TaskName 6/10/2024,Wheat (Durum),3962,6/10/2024,0.996,On,1294,38.5,0.75,1.594,2.336,10.04,270.1,11.94,11.3,7.2,5,678.17,5451.2,5451.2,90.85,90.85,7.464,6/10/2024
-111.7100192,33.08185448,Azule 1,TaskName 6/10/2024,Wheat (Durum),3963,6/10/2024,1.004,On,1294,38.5,0.75,1.605,2.369,11.29,270,12.94,12.1,7.157,5,725.93,5800.6,5800.6,96.68,96.68,7.509,6/10/2024
-111.7100276,33.08185458,Azule 1,TaskName 6/10/2024,Wheat (Durum),3964,6/10/2024,1,On,1293.9,38.5,0.75,1.791,2.569,12.66,270.09,13.24,12.95,7.02,5,776.83,5700.9,5700.9,95.02,95.02,8.176,6/10/2024
-111.7100363,33.0818545,Azule 1,TaskName 6/10/2024,Wheat (Durum),3965,6/10/2024,1,On,1293.9,38.5,0.75,1.772,2.648,12.8,269.74,14.57,13.39,6.9,5,803.7,5722.7,5722.7,95.38,95.38,8.426,6/10/2024
-111.7100457,33.08185451,Azule 1,TaskName 6/10/2024,Wheat (Durum),3966,6/10/2024,0.995,On,1293.9,38.5,0.75,1.895,2.883,12.86,269.98,14.25,14.6,6.941,5,876.04,5700.3,5700.3,95.01,95.01,9.221,6/10/2024
-111.7100557,33.08185479,Azule 1,TaskName 6/10/2024,Wheat (Durum),3967,6/10/2024,1.001,On,1293.9,38.5,0.75,2.092,3.057,11.71,270.36,13.93,14.18,7.038,5,850.85,5252.8,5252.8,87.55,87.55,9.719,6/10/2024
-111.7100654,33.08185472,Azule 1,TaskName 6/10/2024,Wheat (Durum),3968,6/10/2024,1.004,On,1294,38.5,0.75,1.976,2.956,14.21,270.14,14.16,13.96,7.1,5,837.31,5363.1,5363.1,89.39,89.39,9.367,6/10/2024
-111.7100752,33.08185487,Azule 1,TaskName 6/10/2024,Wheat (Durum),3969,6/10/2024,1.001,On,1294,38.5,0.75,2.042,3.008,13.02,270.42,15.33,14.27,7.1,5,856.43,5373.8,5373.8,89.56,89.56,9.562,6/10/2024
-111.710085,33.08185475,Azule 1,TaskName 6/10/2024,Wheat (Durum),3970,6/10/2024,0.995,On,1293.9,38.5,0.75,2.077,2.992,13.13,270.23,15.3,15.35,7.1,5,921.28,5777.5,5777.5,96.29,96.29,9.568,6/10/2024
-111.710095,33.08185465,Azule 1,TaskName 6/10/2024,Wheat (Durum),3971,6/10/2024,1.004,On,1293.9,38.5,0.75,2.041,3.067,14.15,270.15,14.42,15.12,7.058,5,907.37,5600.5,5600.5,93.34,93.34,9.721,6/10/2024
-111.7101049,33.08185474,Azule 1,TaskName 6/10/2024,Wheat (Durum),3972,6/10/2024,1.001,On,1293.8,38.5,0.75,2.133,3.038,15.86,270.29,14.74,14.5,7,5,870.03,5406.1,5406.1,90.1,90.1,9.656,6/10/2024
-111.7101151,33.08185477,Azule 1,TaskName 6/10/2024,Wheat (Durum),3973,6/10/2024,0.999,On,1293.8,38.5,0.75,2.106,3.129,15.76,270.09,14.66,14.69,7,5,881.12,5303.6,5303.6,88.39,88.39,9.968,6/10/2024
-111.7101252,33.08185489,Azule 1,TaskName 6/10/2024,Wheat (Durum),3974,6/10/2024,1.001,On,1293.8,38.5,0.75,2.147,3.08,14.77,270.19,15,14.71,7,5,882.69,5408.7,5408.7,90.15,90.15,9.792,6/10/2024
-111.7101351,33.08185469,Azule 1,TaskName 6/10/2024,Wheat (Durum),3975,6/10/2024,1,On,1293.8,38.5,0.75,2.036,3.028,15.7,269.76,15.75,15.1,7,5,905.88,5641.5,5641.5,94.02,94.02,9.635,6/10/2024
-111.7101449,33.08185444,Azule 1,TaskName 6/10/2024,Wheat (Durum),3976,6/10/2024,0.999,On,1293.9,38.5,0.75,2.018,3.001,14.56,269.31,15.16,15.72,7,5,943.09,5918.6,5918.6,98.64,98.64,9.561,6/10/2024
-111.7101546,33.08185442,Azule 1,TaskName 6/10/2024,Wheat (Durum),3977,6/10/2024,1,On,1293.8,38.5,0.75,2.078,2.962,16.88,269.53,14.47,15.11,7,5,906.5,5770.3,5770.3,96.17,96.17,9.426,6/10/2024
-111.7101641,33.08185467,Azule 1,TaskName 6/10/2024,Wheat (Durum),3978,6/10/2024,1,On,1293.9,38.5,0.75,1.926,2.91,17.53,270.06,14.13,14.46,7,5,867.53,5621.9,5621.9,93.7,93.7,9.259,6/10/2024
-111.7101738,33.08185496,Azule 1,TaskName 6/10/2024,Wheat (Durum),3979,6/10/2024,1,On,1293.8,38.5,0.75,2.069,2.978,16.27,270.45,14.11,14.07,7,5,844.43,5345.6,5345.6,89.09,89.09,9.478,6/10/2024
-111.710184,33.08185497,Azule 1,TaskName 6/10/2024,Wheat (Durum),3980,6/10/2024,1,On,1293.8,38.5,0.75,2.087,3.129,15.14,270.43,15.07,14.24,6.958,5,854.66,5149.5,5149.5,85.83,85.83,9.958,6/10/2024
-111.7101942,33.08185479,Azule 1,TaskName 6/10/2024,Wheat (Durum),3981,6/10/2024,1,On,1293.7,38.5,0.75,2.151,3.123,17.06,270.12,15.73,15.18,6.862,5,910.75,5499,5499,91.65,91.65,9.937,6/10/2024
-111.7102044,33.08185461,Azule 1,TaskName 6/10/2024,Wheat (Durum),3982,6/10/2024,1,On,1293.7,38.5,0.75,2.101,3.123,16.5,269.87,15.86,15.72,6.8,5,943.32,5695.6,5695.6,94.93,94.93,9.937,6/10/2024
-111.7102145,33.08185439,Azule 1,TaskName 6/10/2024,Wheat (Durum),3983,6/10/2024,1,On,1293.7,38.5,0.75,2.128,3.083,14.74,269.55,15.39,15.79,6.839,5,947.34,5792.9,5792.9,96.55,96.55,9.812,6/10/2024
-111.7102247,33.08185421,Azule 1,TaskName 6/10/2024,Wheat (Durum),3984,6/10/2024,0.995,On,1293.6,38.5,0.75,2.117,3.12,15.72,269.51,15.61,15.43,6.94,5,925.99,5568.9,5568.9,92.81,92.81,9.977,6/10/2024
-111.7102347,33.08185443,Azule 1,TaskName 6/10/2024,Wheat (Durum),3985,6/10/2024,1.005,On,1293.7,38.5,0.75,2.088,3.07,15.3,269.84,15.41,15.58,7.04,5,934.72,5768.9,5768.9,96.15,96.15,9.722,6/10/2024
-111.7102447,33.0818546,Azule 1,TaskName 6/10/2024,Wheat (Durum),3986,6/10/2024,1,On,1293.8,38.5,0.75,2.075,3.077,14.65,270.18,15.57,15.43,7.14,5,925.91,5674,5674,94.57,94.57,9.791,6/10/2024
-111.7102546,33.08185463,Azule 1,TaskName 6/10/2024,Wheat (Durum),3987,6/10/2024,1.001,On,1293.8,38.5,0.75,2.052,3.028,17.73,270.3,15.56,15.56,7.2,5,933.62,5820,5820,97,97,9.625,6/10/2024
-111.7102646,33.08185465,Azule 1,TaskName 6/10/2024,Wheat (Durum),3988,6/10/2024,0.999,On,1293.8,38.5,0.75,2.057,3.061,18.32,270.2,15.49,15.59,7.2,5,935.3,5756.5,5756.5,95.94,95.94,9.749,6/10/2024
-111.7102746,33.08185461,Azule 1,TaskName 6/10/2024,Wheat (Durum),3989,6/10/2024,1,On,1293.8,38.5,0.75,2.123,3.054,18.03,270.22,14.99,15.43,7.2,5,925.86,5716.3,5716.3,95.27,95.27,9.718,6/10/2024
-111.7102847,33.08185473,Azule 1,TaskName 6/10/2024,Wheat (Durum),3990,6/10/2024,1,On,1293.8,38.5,0.75,2.1,3.087,17.36,270.22,14.93,15.02,7.2,5,900.9,5503.1,5503.1,91.72,91.72,9.822,6/10/2024
-111.7102948,33.0818548,Azule 1,TaskName 6/10/2024,Wheat (Durum),3991,6/10/2024,1,On,1293.8,38.5,0.75,2.12,3.12,15.26,270.28,14.64,14.85,7.2,5,891.11,5386.1,5386.1,89.77,89.77,9.927,6/10/2024
-111.7103048,33.08185482,Azule 1,TaskName 6/10/2024,Wheat (Durum),3992,6/10/2024,0.995,On,1293.8,38.5,0.75,2.103,3.054,14.92,270.03,15.21,14.73,7.2,5,884.09,5431.1,5431.1,90.52,90.52,9.767,6/10/2024
-111.7103149,33.08185445,Azule 1,TaskName 6/10/2024,Wheat (Durum),3993,6/10/2024,1.005,On,1293.8,38.5,0.75,2.077,3.097,16.25,269.59,14.65,15.17,7.2,5,909.99,5568.7,5568.7,92.81,92.81,9.805,6/10/2024
-111.7103249,33.08185436,Azule 1,TaskName 6/10/2024,Wheat (Durum),3994,6/10/2024,1,On,1293.9,38.5,0.75,2.092,3.061,16.14,269.71,14.22,14.61,7.2,5,876.52,5400.1,5400.1,90,90,9.739,6/10/2024
-111.7103349,33.08185433,Azule 1,TaskName 6/10/2024,Wheat (Durum),3995,6/10/2024,1,On,1293.9,38.5,0.75,2.073,3.051,16.36,269.95,14.36,14.21,7.2,5,852.65,5270,5270,87.83,87.83,9.708,6/10/2024
-111.710345,33.08185472,Azule 1,TaskName 6/10/2024,Wheat (Durum),3996,6/10/2024,0.995,On,1293.9,38.5,0.75,2.104,3.096,15.65,270.56,14.65,14.39,7.2,5,863.56,5233.3,5233.3,87.22,87.22,9.901,6/10/2024
-111.7103551,33.08185476,Azule 1,TaskName 6/10/2024,Wheat (Durum),3997,6/10/2024,1.005,On,1293.8,38.5,0.75,2.141,3.109,16.85,270.48,14.52,14.7,7.16,5,882.26,5376.7,5376.7,89.61,89.61,9.845,6/10/2024
-111.7103652,33.08185485,Azule 1,TaskName 6/10/2024,Wheat (Durum),3998,6/10/2024,0.996,On,1293.8,39,0.5,2.136,3.096,15.66,270.36,14.5,14.5,7.1,5,870.14,5210.1,5210.1,86.84,86.84,10.02,6/10/2024
-111.7103752,33.08185465,Azule 1,TaskName 6/10/2024,Wheat (Durum),3999,6/10/2024,0.999,On,1293.8,38.5,0.75,2.092,3.067,14.94,270.01,14.27,14.45,7.18,5,866.95,5324.9,5324.9,88.75,88.75,9.769,6/10/2024
-111.7103854,33.08185469,Azule 1,TaskName 6/10/2024,Wheat (Durum),4000,6/10/2024,1,On,1293.8,38.5,0.75,2.087,3.119,14.78,270.13,14.34,14.21,7.38,5,852.6,5153.8,5153.8,85.9,85.9,9.926,6/10/2024
-111.7103954,33.08185474,Azule 1,TaskName 6/10/2024,Wheat (Durum),4001,6/10/2024,1,On,1293.9,38.5,0.75,2.092,3.06,15.18,270.05,15.21,14.46,7.54,5,867.64,5345.9,5345.9,89.1,89.1,9.738,6/10/2024
-111.7104055,33.08185481,Azule 1,TaskName 6/10/2024,Wheat (Durum),4002,6/10/2024,1.001,On,1293.9,38.5,0.75,2.099,3.1,13.95,270.18,15.05,15.23,7.64,5,913.58,5563,5563,92.72,92.72,9.853,6/10/2024
-111.7104154,33.08185481,Azule 1,TaskName 6/10/2024,Wheat (Durum),4003,6/10/2024,0.999,On,1293.9,38.5,0.75,2.092,3.037,15.1,270.01,15.22,15.05,7.62,5,902.98,5600.1,5600.1,93.34,93.34,9.675,6/10/2024
-111.7104255,33.08185471,Azule 1,TaskName 6/10/2024,Wheat (Durum),4004,6/10/2024,1,On,1293.9,38.5,0.75,2.091,3.09,15.14,269.85,14.41,15.16,7.461,5,909.56,5550.6,5550.6,92.51,92.51,9.832,6/10/2024
-111.7104357,33.08185476,Azule 1,TaskName 6/10/2024,Wheat (Durum),4005,6/10/2024,1.001,On,1293.8,38.5,0.75,2.129,3.132,14.58,270.05,14.01,14.36,7.36,5,861.59,5191.4,5191.4,86.52,86.52,9.958,6/10/2024
-111.7104458,33.08185474,Azule 1,TaskName 6/10/2024,Wheat (Durum),4006,6/10/2024,0.999,On,1293.9,38.5,0.75,2.083,3.103,14.32,269.93,14.66,14.12,7.3,5,847.37,5144.1,5144.1,85.74,85.74,9.884,6/10/2024
-111.7104558,33.08185476,Azule 1,TaskName 6/10/2024,Wheat (Durum),4007,6/10/2024,1,On,1293.8,38.5,0.75,2.12,3.08,17.18,270,14.77,14.63,7.3,5,877.68,5373.2,5373.2,89.55,89.55,9.801,6/10/2024
-111.710466,33.08185479,Azule 1,TaskName 6/10/2024,Wheat (Durum),4008,6/10/2024,0.996,On,1293.9,38.5,0.75,2.106,3.106,15.87,269.88,14.59,14.8,7.3,5,888.15,5369.7,5369.7,89.5,89.5,9.924,6/10/2024
-111.7104761,33.08185474,Azule 1,TaskName 6/10/2024,Wheat (Durum),4009,6/10/2024,1.005,On,1293.9,38.5,0.75,2.096,3.1,14.91,269.82,14.53,14.52,7.3,5,871.19,5326.1,5326.1,88.77,88.77,9.814,6/10/2024
-111.7104863,33.0818548,Azule 1,TaskName 6/10/2024,Wheat (Durum),4010,6/10/2024,0.999,On,1293.9,38.5,0.75,2.098,3.132,15.89,269.8,14.84,14.62,7.3,5,877.36,5276,5276,87.93,87.93,9.978,6/10/2024
-111.7104963,33.08185453,Azule 1,TaskName 6/10/2024,Wheat (Durum),4011,6/10/2024,1,On,1294,38.5,0.75,2.107,3.083,15.28,269.49,14.9,14.83,7.3,5,889.7,5440.9,5440.9,90.68,90.68,9.811,6/10/2024
-111.7105065,33.08185456,Azule 1,TaskName 6/10/2024,Wheat (Durum),4012,6/10/2024,1.001,On,1293.9,38.5,0.75,2.133,3.129,14.23,269.68,15.32,14.92,7.221,5,895.49,5401.4,5401.4,90.02,90.02,9.947,6/10/2024
-111.7105167,33.08185444,Azule 1,TaskName 6/10/2024,Wheat (Durum),4013,6/10/2024,0.999,On,1293.9,38.5,0.75,2.145,3.106,15.28,269.74,15.54,15.31,7.06,5,918.67,5571.1,5571.1,92.85,92.85,9.894,6/10/2024
-111.7105269,33.08185445,Azule 1,TaskName 6/10/2024,Wheat (Durum),4014,6/10/2024,1,On,1293.9,38.5,0.75,2.14,3.142,15.33,269.77,14.89,15.56,7,5,933.33,5600.6,5600.6,93.34,93.34,9.999,6/10/2024
-111.7105369,33.08185458,Azule 1,TaskName 6/10/2024,Wheat (Durum),4015,6/10/2024,1,On,1293.9,38.5,0.75,2.117,3.073,15.98,270,14.11,14.83,7,5,889.63,5458,5458,90.97,90.97,9.78,6/10/2024
-111.7105471,33.08185451,Azule 1,TaskName 6/10/2024,Wheat (Durum),4016,6/10/2024,1,On,1293.9,38.5,0.75,2.118,3.109,14.97,269.71,13.86,14.08,7,5,844.63,5121.8,5121.8,85.36,85.36,9.895,6/10/2024
-111.7105573,33.08185435,Azule 1,TaskName 6/10/2024,Wheat (Durum),4017,6/10/2024,1,On,1293.9,38.5,0.75,2.124,3.129,15.22,269.68,14.09,13.87,7,5,832.05,5013.7,5013.7,83.56,83.56,9.957,6/10/2024
-111.7105674,33.08185446,Azule 1,TaskName 6/10/2024,Wheat (Durum),4018,6/10/2024,1,On,1293.9,38.5,0.75,2.119,3.109,15.11,269.85,14.47,14.13,7,5,847.65,5140,5140,85.67,85.67,9.895,6/10/2024
-111.7105775,33.08185448,Azule 1,TaskName 6/10/2024,Wheat (Durum),4019,6/10/2024,1.001,On,1293.9,38.5,0.75,2.107,3.083,15.87,270.12,15.03,14.48,7,5,868.78,5318.4,5318.4,88.64,88.64,9.801,6/10/2024
-111.7105876,33.08185449,Azule 1,TaskName 6/10/2024,Wheat (Durum),4020,6/10/2024,0.999,On,1293.9,38.5,0.75,2.094,3.1,15.21,270.12,15.56,15.15,6.959,5,908.99,5524,5524,92.07,92.07,9.873,6/10/2024
-111.7105977,33.08185435,Azule 1,TaskName 6/10/2024,Wheat (Durum),4021,6/10/2024,1,On,1294,38.5,0.75,2.109,3.106,14.17,269.91,14.28,15.47,6.9,5,928.47,5636.1,5636.1,93.93,93.93,9.884,6/10/2024
-111.7106079,33.08185434,Azule 1,TaskName 6/10/2024,Wheat (Durum),4022,6/10/2024,1,On,1294,38.5,0.75,2.088,3.126,14.91,269.99,13.71,14.18,6.9,5,850.68,5131.4,5131.4,85.52,85.52,9.947,6/10/2024
-111.7106178,33.08185455,Azule 1,TaskName 6/10/2024,Wheat (Durum),4023,6/10/2024,1,On,1294,38.5,0.75,2.101,3.044,15.01,270.26,14.29,13.76,6.9,5,825.76,5115.2,5115.2,85.25,85.25,9.686,6/10/2024
-111.710628,33.08185471,Azule 1,TaskName 6/10/2024,Wheat (Durum),4024,6/10/2024,0.996,On,1294,38.5,0.75,2.137,3.123,13.6,270.51,14,14.3,6.9,5,858.17,5161.3,5161.3,86.02,86.02,9.976,6/10/2024
-111.710638,33.08185488,Azule 1,TaskName 6/10/2024,Wheat (Durum),4025,6/10/2024,1.004,On,1293.9,38.5,0.75,2.106,3.06,17.45,270.56,13.17,13.9,6.9,5,834.09,5159.7,5159.7,86,86,9.699,6/10/2024
-111.7106481,33.08185496,Azule 1,TaskName 6/10/2024,Wheat (Durum),4026,6/10/2024,1,On,1293.9,38.5,0.75,2.13,3.115,14.96,270.49,13.45,13.17,6.9,5,789.98,4782.5,4782.5,79.71,79.71,9.911,6/10/2024
-111.7106583,33.08185477,Azule 1,TaskName 6/10/2024,Wheat (Durum),4027,6/10/2024,1,On,1293.9,38.5,0.75,2.084,3.104,16.13,270.23,14.53,13.54,6.9,5,812.49,4935.3,4935.3,82.25,82.25,9.878,6/10/2024
-111.7106683,33.08185446,Azule 1,TaskName 6/10/2024,Wheat (Durum),4028,6/10/2024,0.995,On,1294,38.5,0.75,2.081,3.045,15.51,269.81,15.21,14.63,6.9,5,877.86,5408.6,5408.6,90.14,90.14,9.739,6/10/2024
-111.7106785,33.08185457,Azule 1,TaskName 6/10/2024,Wheat (Durum),4029,6/10/2024,1,On,1294,38.5,0.75,2.116,3.137,12.68,270.14,14.89,15.26,6.939,5,915.89,5505.2,5505.2,91.75,91.75,9.982,6/10/2024
-111.7106886,33.08185478,Azule 1,TaskName 6/10/2024,Wheat (Durum),4030,6/10/2024,1,On,1294,38.5,0.75,2.119,3.078,16.56,270.29,14.15,14.74,7,5,884.59,5419,5419,90.32,90.32,9.794,6/10/2024
-111.710699,33.08185472,Azule 1,TaskName 6/10/2024,Wheat (Durum),4031,6/10/2024,1.005,On,1294,38.5,0.75,2.148,3.17,13.6,270.1,14.02,14.13,7.04,5,847.83,5068.5,5068.5,84.48,84.48,10.04,6/10/2024
-111.7107089,33.08185484,Azule 1,TaskName 6/10/2024,Wheat (Durum),4032,6/10/2024,1,On,1293.9,38.5,0.75,2.161,3.032,18.45,270.35,14.68,14.06,7.14,5,843.52,5245.7,5245.7,87.43,87.43,9.648,6/10/2024
-111.7107191,33.08185478,Azule 1,TaskName 6/10/2024,Wheat (Durum),4033,6/10/2024,0.996,On,1293.9,38.5,0.75,2.108,3.14,14.17,270.12,15.56,14.84,7.2,5,890.62,5326.3,5326.3,88.77,88.77,10.03,6/10/2024
-111.7107292,33.08185471,Azule 1,TaskName 6/10/2024,Wheat (Durum),4034,6/10/2024,1,On,1293.9,38.5,0.75,2.122,3.084,12.97,270.05,15.54,15.48,7.2,5,928.59,5676.5,5676.5,94.61,94.61,9.815,6/10/2024
-111.7107392,33.08185485,Azule 1,TaskName 6/10/2024,Wheat (Durum),4035,6/10/2024,1,On,1293.9,38.5,0.75,2.087,3.035,18.13,270.14,15.66,15.68,7.162,5,940.5,5842.5,5842.5,97.38,97.38,9.659,6/10/2024
-111.7107494,33.08185477,Azule 1,TaskName 6/10/2024,Wheat (Durum),4036,6/10/2024,1,On,1294,38.5,0.75,2.069,3.134,14.82,269.98,14.67,15.58,7.059,5,934.87,5625.1,5625.1,93.75,93.75,9.972,6/10/2024
-111.7107594,33.08185469,Azule 1,TaskName 6/10/2024,Wheat (Durum),4037,6/10/2024,1.004,On,1294,38.5,0.75,2.112,3.039,15.87,269.8,14.52,14.6,7,5,875.74,5456.1,5456.1,90.93,90.93,9.63,6/10/2024
-111.7107696,33.08185448,Azule 1,TaskName 6/10/2024,Wheat (Durum),4038,6/10/2024,0.991,On,1293.9,38.5,0.75,2.128,3.14,13.45,269.68,14.83,14.53,7.039,5,871.92,5188.3,5188.3,86.47,86.47,10.08,6/10/2024
-111.7107797,33.08185471,Azule 1,TaskName 6/10/2024,Wheat (Durum),4039,6/10/2024,1.004,On,1293.9,38.5,0.75,2.14,3.068,16.94,270.03,14.7,14.88,7.1,5,892.76,5508.6,5508.6,91.81,91.81,9.724,6/10/2024
-111.7107898,33.08185471,Azule 1,TaskName 6/10/2024,Wheat (Durum),4040,6/10/2024,1.001,On,1293.9,38.5,0.75,2.083,3.098,16.28,269.77,13.85,14.54,7.1,5,872.61,5317,5317,88.62,88.62,9.847,6/10/2024
-111.7107999,33.08185464,Azule 1,TaskName 6/10/2024,Wheat (Durum),4041,6/10/2024,0.999,On,1293.9,38.5,0.75,2.16,3.081,17.14,269.82,14.37,13.92,7.139,5,835.04,5105,5105,85.08,85.08,9.814,6/10/2024
-111.7108101,33.08185474,Azule 1,TaskName 6/10/2024,Wheat (Durum),4042,6/10/2024,1.001,On,1293.9,38.5,0.75,2.062,3.107,15.83,269.91,14.4,14.34,7.117,5,860.32,5225.5,5225.5,87.09,87.09,9.878,6/10/2024
-111.7108201,33.0818548,Azule 1,TaskName 6/10/2024,Wheat (Durum),4043,6/10/2024,0.999,On,1294,38.5,0.75,2.076,3.058,14.74,269.98,14.95,14.46,6.921,5,867.33,5342.1,5342.1,89.04,89.04,9.741,6/10/2024
-111.7108303,33.0818548,Azule 1,TaskName 6/10/2024,Wheat (Durum),4044,6/10/2024,1,On,1293.9,38.5,0.75,2.129,3.107,15.38,269.96,15.02,14.93,6.8,5,895.79,5435.5,5435.5,90.59,90.59,9.888,6/10/2024
-111.7108403,33.08185467,Azule 1,TaskName 6/10/2024,Wheat (Durum),4045,6/10/2024,1,On,1294,38.5,0.75,2.06,3.071,15.85,269.75,15.08,15.05,6.8,5,902.86,5542.8,5542.8,92.38,92.38,9.773,6/10/2024
-111.7108505,33.08185491,Azule 1,TaskName 6/10/2024,Wheat (Durum),4046,6/10/2024,1.001,On,1294,38.5,0.75,2.15,3.124,14.41,270.09,14.58,15.04,6.839,5,902.37,5452.1,5452.1,90.87,90.87,9.93,6/10/2024
-111.7108606,33.08185489,Azule 1,TaskName 6/10/2024,Wheat (Durum),4047,6/10/2024,0.999,On,1294,38.5,0.75,2.112,3.088,16.46,269.91,14.22,14.56,6.94,5,873.77,5330.3,5330.3,88.84,88.84,9.835,6/10/2024
-111.7108708,33.08185459,Azule 1,TaskName 6/10/2024,Wheat (Durum),4048,6/10/2024,1,On,1294,38.5,0.75,2.111,3.124,14.1,269.48,14.3,14.26,7,5,855.82,5165.7,5165.7,86.09,86.09,9.94,6/10/2024
-111.7108809,33.08185449,Azule 1,TaskName 6/10/2024,Wheat (Durum),4049,6/10/2024,1.001,On,1294,38.5,0.75,2.156,3.078,14.8,269.34,14.47,14.24,7.04,5,854.7,5241.2,5241.2,87.35,87.35,9.784,6/10/2024
-111.7108912,33.08185415,Azule 1,TaskName 6/10/2024,Wheat (Durum),4050,6/10/2024,0.999,On,1294,38.5,0.75,2.119,3.134,16.68,269.02,14.5,14.5,7.06,5,869.89,5228.9,5228.9,87.15,87.15,9.982,6/10/2024
-111.7109013,33.08185412,Azule 1,TaskName 6/10/2024,Wheat (Durum),4051,6/10/2024,1,On,1294,38.5,0.75,2.125,3.107,14.35,269.26,14.34,14.47,7,5,867.95,5266.6,5266.6,87.78,87.78,9.888,6/10/2024
-111.7109115,33.08185439,Azule 1,TaskName 6/10/2024,Wheat (Durum),4052,6/10/2024,1,On,1294,38.5,0.75,2.095,3.091,14.56,269.66,14.57,14.37,6.959,5,862.02,5258.4,5258.4,87.64,87.64,9.836,6/10/2024
-111.7109216,33.08185436,Azule 1,TaskName 6/10/2024,Wheat (Durum),4053,6/10/2024,1.001,On,1294.1,38.5,0.75,2.106,3.091,15.72,269.66,14.55,14.58,6.9,5,874.61,5340.5,5340.5,89.01,89.01,9.826,6/10/2024
-111.7109317,33.08185427,Azule 1,TaskName 6/10/2024,Wheat (Durum),4054,6/10/2024,0.999,On,1294.1,38.5,0.75,2.137,3.101,16.21,269.58,14.23,14.54,6.9,5,872.27,5298.7,5298.7,88.31,88.31,9.877,6/10/2024
-111.7109419,33.08185424,Azule 1,TaskName 6/10/2024,Wheat (Durum),4055,6/10/2024,1,On,1294,38.5,0.75,2.127,3.114,15.57,269.76,14.13,14.19,6.9,5,851.25,5154.4,5154.4,85.91,85.91,9.909,6/10/2024
-111.7109519,33.08185457,Azule 1,TaskName 6/10/2024,Wheat (Durum),4056,6/10/2024,1,On,1294,38.5,0.75,2.167,3.071,14.55,270.25,14.37,14.2,6.9,5,851.73,5229.1,5229.1,87.15,87.15,9.773,6/10/2024
-111.7109622,33.08185453,Azule 1,TaskName 6/10/2024,Wheat (Durum),4057,6/10/2024,1.001,On,1293.9,38.5,0.75,2.109,3.138,14.9,270.14,13.57,14.25,6.9,5,855.03,5142.4,5142.4,85.71,85.71,9.976,6/10/2024
-111.7109723,33.08185484,Azule 1,TaskName 6/10/2024,Wheat (Durum),4058,6/10/2024,0.999,On,1294,38.5,0.75,2.093,3.086,14.07,270.62,13.83,13.65,6.86,5,819.29,5001.2,5001.2,83.35,83.35,9.829,6/10/2024
-111.7109823,33.08185491,Azule 1,TaskName 6/10/2024,Wheat (Durum),4059,6/10/2024,1,On,1294,38.5,0.75,2.06,3.079,14.44,270.44,13.79,13.77,6.76,5,826.45,5060.7,5060.7,84.35,84.35,9.798,6/10/2024
-111.7109923,33.0818549,Azule 1,TaskName 6/10/2024,Wheat (Durum),4060,6/10/2024,1,On,1294,38.5,0.75,2.063,3.043,16.4,270.4,14.04,13.87,6.74,5,832.02,5155.3,5155.3,85.92,85.92,9.684,6/10/2024
-111.7110025,33.08185465,Azule 1,TaskName 6/10/2024,Wheat (Durum),4061,6/10/2024,0.996,On,1294,38.5,0.75,2.138,3.125,15.38,269.98,14.28,14.03,6.8,5,841.87,5059.1,5059.1,84.32,84.32,9.984,6/10/2024
-111.7110127,33.08185431,Azule 1,TaskName 6/10/2024,Wheat (Durum),4062,6/10/2024,1,On,1294,38.5,0.75,2.128,3.119,14.99,269.57,14.49,14.29,6.8,5,857.44,5184.2,5184.2,86.4,86.4,9.924,6/10/2024
-111.7110228,33.08185444,Azule 1,TaskName 6/10/2024,Wheat (Durum),4063,6/10/2024,0.995,On,1294,38.5,0.75,2.132,3.105,13.79,270.05,14.02,14.5,6.84,5,869.95,5255.7,5255.7,87.59,87.59,9.932,6/10/2024
-111.711033,33.08185457,Azule 1,TaskName 6/10/2024,Wheat (Durum),4064,6/10/2024,1.009,On,1293.9,38.5,0.75,2.115,3.119,14.13,270.25,13.88,13.99,6.9,5,839.21,5119.7,5119.7,85.33,85.33,9.835,6/10/2024
-111.711043,33.08185494,Azule 1,TaskName 6/10/2024,Wheat (Durum),4065,6/10/2024,1.001,On,1294,38.5,0.75,2.122,3.086,14.2,270.54,14.16,13.84,6.9,5,830.4,5079.2,5079.2,84.65,84.65,9.809,6/10/2024
-111.7110533,33.08185488,Azule 1,TaskName 6/10/2024,Wheat (Durum),4066,6/10/2024,0.995,On,1294,38.5,0.75,2.112,3.128,13.78,270.4,14.53,14.29,6.859,5,857.47,5142.2,5142.2,85.7,85.7,10,6/10/2024
-111.7110633,33.08185456,Azule 1,TaskName 6/10/2024,Wheat (Durum),4067,6/10/2024,0.999,On,1294,38.5,0.75,2.125,3.076,16.53,269.98,13.79,14.48,6.8,5,868.8,5320.4,5320.4,88.67,88.67,9.798,6/10/2024
-111.7110736,33.08185485,Azule 1,TaskName 6/10/2024,Wheat (Durum),4068,6/10/2024,1.001,On,1294,38.5,0.75,2.148,3.161,13.93,270.36,13.77,13.73,6.8,5,823.68,4917.9,4917.9,81.96,81.96,10.05,6/10/2024
-111.7110837,33.08185473,Azule 1,TaskName 6/10/2024,Wheat (Durum),4069,6/10/2024,0.999,On,1294,38.5,0.75,2.094,3.076,16.32,270.24,14.58,13.87,6.8,5,832.45,5097.8,5097.8,84.96,84.96,9.798,6/10/2024
-111.7110939,33.08185486,Azule 1,TaskName 6/10/2024,Wheat (Durum),4070,6/10/2024,1,On,1294.1,38.5,0.75,2.103,3.151,14.12,270.36,14.43,14.56,6.84,5,873.54,5226.6,5226.6,87.11,87.11,10.03,6/10/2024
-111.711104,33.0818548,Azule 1,TaskName 6/10/2024,Wheat (Durum),4071,6/10/2024,1,On,1294.1,38.5,0.75,2.095,3.089,13.96,270.12,14.42,14.44,6.941,5,866.42,5288.6,5288.6,88.14,88.14,9.83,6/10/2024
-111.7111141,33.08185482,Azule 1,TaskName 6/10/2024,Wheat (Durum),4072,6/10/2024,1,On,1294.1,38.5,0.75,2.139,3.089,15.82,269.94,14.32,14.4,7,5,863.75,5272.3,5272.3,87.87,87.87,9.83,6/10/2024
-111.7111242,33.08185485,Azule 1,TaskName 6/10/2024,Wheat (Durum),4073,6/10/2024,1.001,On,1294.1,38.5,0.75,2.137,3.105,15.09,269.9,14.17,14.32,6.96,5,859.27,5222.4,5222.4,87.04,87.04,9.872,6/10/2024
-111.7111344,33.08185471,Azule 1,TaskName 6/10/2024,Wheat (Durum),4074,6/10/2024,0.999,On,1294.1,38.5,0.75,2.124,3.099,15.13,269.61,14.45,14.22,6.94,5,853.17,5186,5186,86.43,86.43,9.871,6/10/2024
-111.7111445,33.08185464,Azule 1,TaskName 6/10/2024,Wheat (Durum),4075,6/10/2024,1,On,1294.1,38.5,0.75,2.138,3.099,14.96,269.58,14.62,14.46,7.039,5,867.65,5279.3,5279.3,87.99,87.99,9.861,6/10/2024
-111.7111547,33.08185452,Azule 1,TaskName 6/10/2024,Wheat (Durum),4076,6/10/2024,1,On,1294.1,38.5,0.75,2.083,3.125,15.77,269.32,14.07,14.52,7.14,5,871.36,5257.3,5257.3,87.62,87.62,9.945,6/10/2024
-111.7111649,33.08185433,Azule 1,TaskName 6/10/2024,Wheat (Durum),4077,6/10/2024,1,On,1294.1,38.5,0.75,2.148,3.125,14.35,269.35,14.53,14.14,7.239,5,848.6,5120,5120,85.33,85.33,9.945,6/10/2024
-111.7111749,33.08185461,Azule 1,TaskName 6/10/2024,Wheat (Durum),4078,6/10/2024,1,On,1294.1,38.5,0.75,2.101,3.086,16.63,269.81,14.06,14.47,7.341,5,868.24,5305.3,5305.3,88.42,88.42,9.819,6/10/2024
-111.7111851,33.08185485,Azule 1,TaskName 6/10/2024,Wheat (Durum),4079,6/10/2024,1,On,1294.1,38.5,0.75,2.092,3.099,14.81,270.26,14.05,14.14,7.44,5,848.68,5163.9,5163.9,86.06,86.06,9.861,6/10/2024
-111.7111953,33.0818548,Azule 1,TaskName 6/10/2024,Wheat (Durum),4080,6/10/2024,0.996,On,1294.1,38.5,0.75,2.131,3.128,13.95,270.38,13.56,13.89,7.5,5,833.64,5004.3,5004.3,83.41,83.41,9.995,6/10/2024
-111.7112053,33.0818547,Azule 1,TaskName 6/10/2024,Wheat (Durum),4081,6/10/2024,1.005,On,1294.1,38.5,0.75,2.061,3.092,15.68,270.12,14.12,13.64,7.419,5,818.6,5016.4,5016.4,83.61,83.61,9.791,6/10/2024
-111.7112155,33.0818547,Azule 1,TaskName 6/10/2024,Wheat (Durum),4082,6/10/2024,0.999,On,1294.1,38.5,0.75,2.122,3.099,14.31,270.02,14.42,14.1,7.261,5,846.28,5144.1,5144.1,85.74,85.74,9.871,6/10/2024
-111.7112255,33.08185462,Azule 1,TaskName 6/10/2024,Wheat (Durum),4083,6/10/2024,1.001,On,1294.1,38.5,0.75,2.169,3.082,16.14,269.88,14.78,14.51,7.16,5,870.42,5329.6,5329.6,88.83,88.83,9.799,6/10/2024
-111.7112357,33.08185448,Azule 1,TaskName 6/10/2024,Wheat (Durum),4084,6/10/2024,0.999,On,1294,38.5,0.75,2.114,3.115,14.95,269.74,14.5,14.72,7.1,5,882.95,5338.8,5338.8,88.98,88.98,9.923,6/10/2024
-111.7112458,33.08185469,Azule 1,TaskName 6/10/2024,Wheat (Durum),4085,6/10/2024,0.995,On,1294,38.5,0.75,2.122,3.099,14.03,270.17,15.08,14.58,7.1,5,874.56,5294.7,5294.7,88.25,88.25,9.911,6/10/2024
-111.7112559,33.08185471,Azule 1,TaskName 6/10/2024,Wheat (Durum),4086,6/10/2024,1,On,1294,38.5,0.75,2.094,3.08,14,270.02,15.1,15.14,7.1,5,908.5,5562.4,5562.4,92.71,92.71,9.8,6/10/2024
-111.7112661,33.08185467,Azule 1,TaskName 6/10/2024,Wheat (Durum),4087,6/10/2024,1.005,On,1294,38.5,0.75,2.086,3.124,14.36,270.09,14.87,15.02,7.14,5,901.08,5464.9,5464.9,91.08,91.08,9.893,6/10/2024
-111.7112761,33.08185441,Azule 1,TaskName 6/10/2024,Wheat (Durum),4088,6/10/2024,1,On,1294.1,38.5,0.75,2.116,3.056,16.33,269.61,14.56,14.84,7.16,5,890.5,5495.1,5495.1,91.58,91.58,9.723,6/10/2024
-111.7112863,33.08185443,Azule 1,TaskName 6/10/2024,Wheat (Durum),4089,6/10/2024,0.996,On,1294.1,38.5,0.75,2.13,3.138,14.35,269.9,14.53,14.53,7.021,5,871.74,5217.7,5217.7,86.96,86.96,10.02,6/10/2024
-111.7112964,33.08185439,Azule 1,TaskName 6/10/2024,Wheat (Durum),4090,6/10/2024,1.004,On,1294,38.5,0.75,2.132,3.069,16.3,269.82,14.87,14.57,6.9,5,874.35,5393.9,5393.9,89.9,89.9,9.726,6/10/2024
-111.7113064,33.08185441,Azule 1,TaskName 6/10/2024,Wheat (Durum),4091,6/10/2024,1,On,1294,38.5,0.75,2.084,3.079,17.23,269.95,14.93,14.87,6.9,5,892.37,5465.5,5465.5,91.09,91.09,9.796,6/10/2024
-111.7113166,33.08185462,Azule 1,TaskName 6/10/2024,Wheat (Durum),4092,6/10/2024,1,On,1294,38.5,0.75,2.104,3.088,14.98,270.22,14.71,14.93,6.939,5,896.04,5470.5,5470.5,91.18,91.18,9.828,6/10/2024
-111.7113267,33.08185473,Azule 1,TaskName 6/10/2024,Wheat (Durum),4093,6/10/2024,1,On,1294.1,38.5,0.75,2.051,3.088,15.78,270.16,14.86,14.72,7.041,5,883.28,5392.6,5392.6,89.88,89.88,9.828,6/10/2024
-111.7113367,33.08185468,Azule 1,TaskName 6/10/2024,Wheat (Durum),4094,6/10/2024,1,On,1294.1,38.5,0.75,2.153,3.069,15.47,269.99,15.69,14.94,7.138,5,896.64,5509.3,5509.3,91.82,91.82,9.765,6/10/2024
-111.7113469,33.08185469,Azule 1,TaskName 6/10/2024,Wheat (Durum),4095,6/10/2024,1.001,On,1294,38.5,0.75,2.127,3.124,16.55,270,15.05,15.57,7.241,5,934.1,5642.7,5642.7,94.04,94.04,9.933,6/10/2024
-111.7113571,33.08185478,Azule 1,TaskName 6/10/2024,Wheat (Durum),4096,6/10/2024,0.995,On,1294,38.5,0.75,2.123,3.088,13.79,270.05,14.85,15.1,7.3,5,905.84,5502.7,5502.7,91.71,91.71,9.877,6/10/2024
-111.7113672,33.08185487,Azule 1,TaskName 6/10/2024,Wheat (Durum),4097,6/10/2024,1.004,On,1294,38.5,0.75,2.121,3.092,15.1,270.36,14.37,14.83,7.22,5,889.91,5449,5449,90.82,90.82,9.799,6/10/2024
-111.7113773,33.08185489,Azule 1,TaskName 6/10/2024,Wheat (Durum),4098,6/10/2024,1.001,On,1294,38.5,0.75,2.05,3.095,16.3,270.27,14.06,14.29,7.1,5,857.17,5227.3,5227.3,87.12,87.12,9.839,6/10/2024
-111.7113874,33.08185483,Azule 1,TaskName 6/10/2024,Wheat (Durum),4099,6/10/2024,0.999,On,1294.1,38.5,0.75,2.121,3.075,15.61,270.14,14.39,14.04,7.1,5,842.1,5158,5158,85.97,85.97,9.796,6/10/2024
-111.7113976,33.08185444,Azule 1,TaskName 6/10/2024,Wheat (Durum),4100,6/10/2024,0.995,On,1294.1,38.5,0.75,2.128,3.124,15.79,269.46,14.52,14.47,7.059,5,868.47,5214.8,5214.8,86.91,86.91,9.992,6/10/2024
-111.7114077,33.08185427,Azule 1,TaskName 6/10/2024,Wheat (Durum),4101,6/10/2024,1.001,On,1294,38.5,0.75,2.126,3.085,15.12,269.28,14.33,14.5,6.96,5,869.83,5321.4,5321.4,88.69,88.69,9.807,6/10/2024
-111.7114178,33.08185432,Azule 1,TaskName 6/10/2024,Wheat (Durum),4102,6/10/2024,1.005,On,1294.1,38.5,0.75,2.115,3.098,15.19,269.62,14.64,14.36,6.9,5,861.64,5270,5270,87.83,87.83,9.81,6/10/2024
-111.711428,33.08185458,Azule 1,TaskName 6/10/2024,Wheat (Durum),4103,6/10/2024,0.999,On,1294.1,38.5,0.75,2.073,3.118,14.94,269.87,14.58,14.64,6.9,5,878.13,5305.1,5305.1,88.42,88.42,9.932,6/10/2024
-111.711438,33.08185469,Azule 1,TaskName 6/10/2024,Wheat (Durum),4104,6/10/2024,0.996,On,1294.1,38.5,0.75,2.09,3.036,14.14,269.98,14.72,14.56,6.9,5,873.59,5404,5404,90.07,90.07,9.699,6/10/2024
-111.7114481,33.0818546,Azule 1,TaskName 6/10/2024,Wheat (Durum),4105,6/10/2024,1.004,On,1294,38.5,0.75,2.12,3.085,14.97,269.88,15.33,14.72,6.822,5,883.2,5419.5,5419.5,90.32,90.32,9.778,6/10/2024
-111.7114582,33.08185441,Azule 1,TaskName 6/10/2024,Wheat (Durum),4106,6/10/2024,0.995,On,1293.9,38.5,0.75,2.151,3.092,17.24,269.71,15.64,15.42,6.7,5,925.18,5614.2,5614.2,93.57,93.57,9.888,6/10/2024
-111.7114684,33.08185453,Azule 1,TaskName 6/10/2024,Wheat (Durum),4107,6/10/2024,1,On,1293.9,38.5,0.75,2.16,3.121,14.97,269.93,15.3,15.56,6.7,5,933.55,5639.6,5639.6,93.99,93.99,9.932,6/10/2024
-111.7114786,33.08185469,Azule 1,TaskName 6/10/2024,Wheat (Durum),4108,6/10/2024,1.001,On,1293.9,38.5,0.75,2.115,3.118,15.54,270.2,14.93,15.31,6.741,5,918.59,5560.6,5560.6,92.68,92.68,9.912,6/10/2024
-111.7114886,33.08185497,Azule 1,TaskName 6/10/2024,Wheat (Durum),4109,6/10/2024,1,On,1293.9,38.5,0.75,2.092,3.052,15.51,270.37,14.86,14.95,6.84,5,897.28,5542.9,5542.9,92.38,92.38,9.713,6/10/2024
-111.7114988,33.08185483,Azule 1,TaskName 6/10/2024,Wheat (Durum),4110,6/10/2024,0.999,On,1294,38.5,0.75,2.072,3.138,15.77,269.95,14.41,14.75,6.941,5,885.25,5314.5,5314.5,88.58,88.58,9.994,6/10/2024
-111.7115088,33.08185482,Azule 1,TaskName 6/10/2024,Wheat (Durum),4111,6/10/2024,1,On,1294,38.5,0.75,2.144,3.062,15.2,270.06,14.67,14.48,7.039,5,868.89,5350.2,5350.2,89.17,89.17,9.744,6/10/2024
-111.711519,33.08185477,Azule 1,TaskName 6/10/2024,Wheat (Durum),4112,6/10/2024,1.005,On,1294,38.5,0.75,2.105,3.121,15.57,270.12,14.67,14.68,7.14,5,880.89,5348.1,5348.1,89.14,89.14,9.883,6/10/2024
-111.7115291,33.08185495,Azule 1,TaskName 6/10/2024,Wheat (Durum),4113,6/10/2024,0.996,On,1294,38.5,0.75,2.09,3.085,16.15,270.36,15.55,14.71,7.2,5,882.44,5371.7,5371.7,89.53,89.53,9.857,6/10/2024
-111.7115393,33.08185476,Azule 1,TaskName 6/10/2024,Wheat (Durum),4114,6/10/2024,0.999,On,1294,38.5,0.75,2.152,3.111,15.28,270.1,15.66,15.58,7.161,5,935.03,5660.7,5660.7,94.35,94.35,9.911,6/10/2024
-111.7115494,33.08185456,Azule 1,TaskName 6/10/2024,Wheat (Durum),4115,6/10/2024,1,On,1294.1,38.5,0.75,2.027,3.085,15.24,269.74,15.08,15.58,7.058,5,935,5714.4,5714.4,95.24,95.24,9.817,6/10/2024
-111.7115595,33.08185449,Azule 1,TaskName 6/10/2024,Wheat (Durum),4116,6/10/2024,1,On,1294,38.5,0.75,2.161,3.097,15.05,269.76,14.81,15.08,7,5,904.54,5507.7,5507.7,91.8,91.8,9.854,6/10/2024
-111.7115696,33.08185448,Azule 1,TaskName 6/10/2024,Wheat (Durum),4117,6/10/2024,1,On,1294,38.5,0.75,2.092,3.083,15.18,269.86,14.65,14.8,7,5,887.75,5429.8,5429.8,90.5,90.5,9.81,6/10/2024
-111.7115797,33.08185485,Azule 1,TaskName 6/10/2024,Wheat (Durum),4118,6/10/2024,1,On,1293.9,38.5,0.75,2.161,3.086,16.2,270.39,14.71,14.64,7,5,878.24,5366,5366,89.43,89.43,9.82,6/10/2024
-111.7115899,33.08185469,Azule 1,TaskName 6/10/2024,Wheat (Durum),4119,6/10/2024,1,On,1294,38.5,0.75,2.101,3.129,15.26,269.92,14.89,14.77,7,5,886.12,5340.3,5340.3,89.01,89.01,9.956,6/10/2024
-111.7115999,33.08185479,Azule 1,TaskName 6/10/2024,Wheat (Durum),4120,6/10/2024,1,On,1294,38.5,0.75,2.147,3.063,14.24,270.09,14.27,14.85,7,5,890.77,5483.3,5483.3,91.39,91.39,9.747,6/10/2024
-111.7116101,33.0818546,Azule 1,TaskName 6/10/2024,Wheat (Durum),4121,6/10/2024,1,On,1294,38.5,0.75,2.091,3.129,16.54,269.75,13.97,14.22,7,5,853.48,5143.6,5143.6,85.73,85.73,9.956,6/10/2024
-111.7116202,33.08185449,Azule 1,TaskName 6/10/2024,Wheat (Durum),4122,6/10/2024,1,On,1294,38.5,0.75,2.111,3.089,15.54,269.55,14.22,14.05,7,5,842.98,5145.1,5145.1,85.75,85.75,9.831,6/10/2024
-111.7116301,33.08185436,Azule 1,TaskName 6/10/2024,Wheat (Durum),4123,6/10/2024,1,On,1294,38.5,0.75,2.044,3.004,17.39,269.58,13.83,14.14,7,5,848.46,5325.6,5325.6,88.76,88.76,9.559,6/10/2024
-111.7116392,33.08185445,Azule 1,TaskName 6/10/2024,Wheat (Durum),4124,6/10/2024,1,On,1294.1,38.5,0.75,1.916,2.807,14.82,269.88,13.06,13.79,7,5,827.25,5556.6,5556.6,92.61,92.61,8.933,6/10/2024
-111.7116482,33.08185456,Azule 1,TaskName 6/10/2024,Wheat (Durum),4125,6/10/2024,1,On,1294,38.5,0.75,1.95,2.742,15.48,270.2,11.42,12.97,7,5,777.95,5350.5,5350.5,89.17,89.17,8.724,6/10/2024
-111.7116568,33.08185465,Azule 1,TaskName 6/10/2024,Wheat (Durum),4126,6/10/2024,1,On,1294,38.5,0.75,1.837,2.633,13.71,270.39,9.143,11.32,7,5,679.29,4864,4864,81.07,81.07,8.379,6/10/2024
-111.711665,33.08185455,Azule 1,TaskName 6/10/2024,Wheat (Durum),4127,6/10/2024,0.996,On,1294,38.5,0.75,1.713,2.499,15.95,270.3,6.216,8.801,7,5,528.03,3968.5,3968.5,66.14,66.14,7.983,6/10/2024
-111.7116813,33.0818548,Azule 1,TaskName 6/10/2024,Wheat (Durum),4129,6/10/2024,1,On,1294,11.52,8,1.681,2.518,14.36,270.46,3.01,4.298,7,5,257.86,6451.3,6451.3,107.52,107.52,2.398,6/10/2024
-111.7116805,33.08207607,Azule 1,TaskName 6/10/2024,Wheat (Durum),4130,6/10/2024,1.005,On,1294,6.483,16.76,0.835,1.322,8.919,87.75,0.833,0.696,1.568,6,41.77,3555.9,3555.9,59.26,59.26,0.705,6/10/2024
-111.7116764,33.08207581,Azule 1,TaskName 6/10/2024,Wheat (Durum),4131,6/10/2024,1,On,1294,29.03,5.505,0.929,1.24,8.541,88.44,4.392,3.477,7.1,6,208.63,4207.4,4207.4,70.12,70.12,2.975,6/10/2024
-111.7116727,33.08207601,Azule 1,TaskName 6/10/2024,Wheat (Durum),4132,6/10/2024,1.001,On,1294.2,29.03,5.505,0.661,1.148,8.415,88.14,5.098,4.473,7.143,6,268.39,5851.3,5851.3,97.52,97.52,2.752,6/10/2024
-111.7116685,33.08207634,Azule 1,TaskName 6/10/2024,Wheat (Durum),4133,6/10/2024,0.999,On,1294.2,29.53,5.255,0.856,1.286,8.24,87.87,5.761,5.14,7.2,6,308.42,5890.5,5890.5,98.17,98.17,3.142,6/10/2024
-111.7116646,33.08207644,Azule 1,TaskName 6/10/2024,Wheat (Durum),4134,6/10/2024,1,On,1294.2,30.03,5.004,0.845,1.181,8.323,87.85,6.252,5.809,7.2,6,348.51,7134.6,7134.6,118.91,118.91,2.931,6/10/2024
-111.7116603,33.0820769,Azule 1,TaskName 6/10/2024,Wheat (Durum),4135,6/10/2024,0.995,On,1294.2,30.52,4.754,0.893,1.306,8.268,87.36,6.934,6.313,7.2,6,378.8,6866.2,6866.2,114.44,114.44,3.31,6/10/2024
-111.7116558,33.08207728,Azule 1,TaskName 6/10/2024,Wheat (Durum),4136,6/10/2024,1.005,On,1294.2,30.52,4.754,0.907,1.394,8.677,86.88,7.322,6.999,7.2,6,419.94,7201.3,7201.3,120.02,120.02,3.499,6/10/2024
-111.7116512,33.08207789,Azule 1,TaskName 6/10/2024,Wheat (Durum),4137,6/10/2024,1,On,1294.3,31.02,4.503,0.947,1.446,8.623,86.38,6.823,7.298,7.2,6,437.85,7084.2,7084.2,118.07,118.07,3.708,6/10/2024
-111.7116467,33.08207806,Azule 1,TaskName 6/10/2024,Wheat (Durum),4138,6/10/2024,0.996,On,1294.3,31.52,4.253,0.895,1.381,9.431,86.53,6.819,6.848,7.2,6,410.85,6825.7,6825.7,113.76,113.76,3.612,6/10/2024
-111.7116422,33.08207842,Azule 1,TaskName 6/10/2024,Wheat (Durum),4139,6/10/2024,1.004,On,1294.2,32.02,4.002,0.92,1.404,8.841,86.23,6.562,6.749,7.161,6,404.95,6566.9,6566.9,109.45,109.45,3.7,6/10/2024
-111.7116377,33.08207838,Azule 1,TaskName 6/10/2024,Wheat (Durum),4140,6/10/2024,0.995,On,1294.2,32.52,3.752,0.929,1.381,9.116,86.66,7.199,6.605,7.022,6,396.28,6375.2,6375.2,106.25,106.25,3.73,6/10/2024
-111.7116331,33.08207855,Azule 1,TaskName 6/10/2024,Wheat (Durum),4141,6/10/2024,1.001,On,1294.1,33.02,3.502,0.991,1.404,9.53,86.61,7.878,7.252,6.861,6,435.13,6822.6,6822.6,113.71,113.71,3.827,6/10/2024
-111.7116286,33.08207865,Azule 1,TaskName 6/10/2024,Wheat (Durum),4142,6/10/2024,1.005,On,1294.1,33.52,3.252,0.925,1.384,9.261,86.87,8.304,7.928,6.759,6,475.67,7481.5,7481.5,124.69,124.69,3.815,6/10/2024
-111.7116239,33.08207885,Azule 1,TaskName 6/10/2024,Wheat (Durum),4143,6/10/2024,0.999,On,1294.1,34.02,3.001,0.958,1.453,9.742,87.01,7.882,8.302,6.7,6,498.14,7310.2,7310.2,121.84,121.84,4.089,6/10/2024
-111.7116189,33.08207866,Azule 1,TaskName 6/10/2024,Wheat (Durum),4144,6/10/2024,1.001,On,1294.1,35.01,2.501,1.059,1.555,11.38,87.75,7.478,7.78,6.7,6,466.77,6231.8,6231.8,103.86,103.86,4.494,6/10/2024
-111.7116132,33.08207834,Azule 1,TaskName 6/10/2024,Wheat (Durum),4145,6/10/2024,0.994,On,1294.1,36.01,2.001,1.217,1.745,11.64,88.55,8.415,7.588,6.7,6,455.27,5228.6,5228.6,87.14,87.14,5.224,6/10/2024
-111.7116074,33.08207796,Azule 1,TaskName 6/10/2024,Wheat (Durum),4146,6/10/2024,1,On,1294.1,37.01,1.5,1.186,1.784,10.16,89.35,8.837,8.356,6.7,6,501.38,5512.4,5512.4,91.87,91.87,5.457,6/10/2024
-111.7116017,33.0820775,Azule 1,TaskName 6/10/2024,Wheat (Durum),4147,6/10/2024,1.001,On,1294,38.01,1,1.204,1.735,10.51,90.16,10.52,9.029,6.7,6,541.76,5970.5,5970.5,99.51,99.51,5.444,6/10/2024
-111.711596,33.08207703,Azule 1,TaskName 6/10/2024,Wheat (Durum),4148,6/10/2024,0.999,On,1294,39,0.5,1.168,1.771,10.43,90.89,11.01,10.52,6.659,6,631.02,6625.1,6625.1,110.42,110.42,5.715,6/10/2024
-111.7115906,33.08207681,Azule 1,TaskName 6/10/2024,Wheat (Durum),4149,6/10/2024,1,On,1294,39.5,0.25,1.183,1.656,10.68,91.15,11.1,11.06,6.638,6,663.32,7360.4,7360.4,122.67,122.67,5.407,6/10/2024
-111.7115846,33.0820766,Azule 1,TaskName 6/10/2024,Wheat (Durum),4150,6/10/2024,1,On,1294,39.5,0.25,1.157,1.853,10.97,91.33,10.48,11.03,6.744,6,661.61,6561.5,6561.5,109.36,109.36,6.05,6/10/2024
-111.7115779,33.08207643,Azule 1,TaskName 6/10/2024,Wheat (Durum),4151,6/10/2024,1,On,1294.1,39,0.5,1.342,2.043,10.62,91.45,10.65,10.5,6.839,6,629.87,5737.4,5737.4,95.62,95.62,6.587,6/10/2024
-111.7115711,33.08207621,Azule 1,TaskName 6/10/2024,Wheat (Durum),4152,6/10/2024,1.001,On,1294.1,38.5,0.75,1.406,2.112,11.02,91.68,11.04,10.62,6.941,6,637.18,5693.2,5693.2,94.89,94.89,6.715,6/10/2024
-111.7115636,33.08207603,Azule 1,TaskName 6/10/2024,Wheat (Durum),4153,6/10/2024,1,On,1294.1,37.51,1.25,1.517,2.293,11.13,91.73,12.11,11.2,7.04,6,672.04,5673.5,5673.5,94.56,94.56,7.107,6/10/2024
-111.7115559,33.08207596,Azule 1,TaskName 6/10/2024,Wheat (Durum),4154,6/10/2024,0.999,On,1294.1,36.51,1.75,1.628,2.358,13.76,91.58,12.64,12.16,7.1,6,729.81,6147.3,6147.3,102.46,102.46,7.123,6/10/2024
-111.711548,33.08207597,Azule 1,TaskName 6/10/2024,Wheat (Durum),4155,6/10/2024,1.001,On,1294.1,36.01,2.001,1.606,2.44,12.12,91.27,12.62,12.65,7.1,6,759.14,6277.5,6277.5,104.63,104.63,7.256,6/10/2024
-111.7115396,33.08207617,Azule 1,TaskName 6/10/2024,Wheat (Durum),4156,6/10/2024,0.999,On,1294.2,35.01,2.501,1.726,2.588,13.3,90.61,12.02,12.59,7.06,6,755.47,6046.5,6046.5,100.78,100.78,7.497,6/10/2024
-111.711531,33.08207645,Azule 1,TaskName 6/10/2024,Wheat (Durum),4157,6/10/2024,1,On,1294.2,35.01,2.501,1.772,2.637,12.03,90.19,11.55,11.93,6.921,6,715.83,5628,5628,93.8,93.8,7.631,6/10/2024
-111.7115219,33.08207659,Azule 1,TaskName 6/10/2024,Wheat (Durum),4158,6/10/2024,1,On,1294.1,35.51,2.251,1.88,2.801,12.18,89.98,12.05,11.55,6.84,6,692.99,5057.3,5057.3,84.29,84.29,8.222,6/10/2024
-111.7115129,33.08207668,Azule 1,TaskName 6/10/2024,Wheat (Durum),4159,6/10/2024,1.001,On,1294.1,35.51,2.251,1.918,2.752,13.65,89.74,12.63,12.15,6.94,6,728.96,5420.3,5420.3,90.34,90.34,8.069,6/10/2024
-111.711504,33.08207669,Azule 1,TaskName 6/10/2024,Wheat (Durum),4160,6/10/2024,1,On,1294,36.01,2.001,1.881,2.729,12.95,89.71,12.91,12.7,7.04,6,761.76,5627.2,5627.2,93.79,93.79,8.122,6/10/2024
-111.7114953,33.0820767,Azule 1,TaskName 6/10/2024,Wheat (Durum),4161,6/10/2024,0.999,On,1294,36.51,1.75,1.863,2.687,13.66,89.74,12.63,12.87,7.139,6,772.06,5709,5709,95.15,95.15,8.114,6/10/2024
-111.7114863,33.08207679,Azule 1,TaskName 6/10/2024,Wheat (Durum),4162,6/10/2024,1,On,1294,37.01,1.5,1.791,2.742,13.91,89.7,12.25,12.59,7.2,6,755.16,5402.2,5402.2,90.04,90.04,8.387,6/10/2024
-111.7114776,33.08207698,Azule 1,TaskName 6/10/2024,Wheat (Durum),4163,6/10/2024,1,On,1294,37.51,1.25,1.836,2.687,13.68,89.56,11.98,12.22,7.2,6,732.94,5280.9,5280.9,88.01,88.01,8.327,6/10/2024
-111.7114687,33.08207691,Azule 1,TaskName 6/10/2024,Wheat (Durum),4164,6/10/2024,1,On,1294.1,37.51,1.25,1.811,2.736,13.58,89.58,12.81,12.14,7.159,6,728.22,5152.5,5152.5,85.88,85.88,8.48,6/10/2024
-111.7114599,33.08207709,Azule 1,TaskName 6/10/2024,Wheat (Durum),4165,6/10/2024,1,On,1294.1,36.51,1.75,1.858,2.713,12.32,89.35,12.44,12.71,7.061,6,762.88,5591.1,5591.1,93.18,93.18,8.187,6/10/2024
-111.7114511,33.08207707,Azule 1,TaskName 6/10/2024,Wheat (Durum),4166,6/10/2024,1,On,1294.1,35.51,2.251,1.846,2.696,13.25,89.62,13.27,12.56,7,6,753.72,5715.4,5715.4,95.26,95.26,7.912,6/10/2024
-111.7114422,33.08207709,Azule 1,TaskName 6/10/2024,Wheat (Durum),4167,6/10/2024,1,On,1294.1,34.51,2.751,1.855,2.712,15.3,89.57,12.87,13.22,7,6,793.38,6152.6,6152.6,102.54,102.54,7.737,6/10/2024
-111.7114334,33.08207715,Azule 1,TaskName 6/10/2024,Wheat (Durum),4168,6/10/2024,0.996,On,1294.1,34.51,2.751,1.86,2.709,13.51,89.63,12.96,12.88,7,6,772.76,5976,5976,99.6,99.6,7.759,6/10/2024
-111.7114245,33.08207715,Azule 1,TaskName 6/10/2024,Wheat (Durum),4169,6/10/2024,1.004,On,1294.1,35.01,2.501,1.84,2.722,13.17,89.63,12.92,12.99,7,6,779.34,5959.9,5959.9,99.33,99.33,7.846,6/10/2024
-111.7114156,33.08207723,Azule 1,TaskName 6/10/2024,Wheat (Durum),4170,6/10/2024,1,On,1294.1,35.51,2.251,1.858,2.722,13.52,89.52,12.91,12.88,7,6,772.53,5801.6,5801.6,96.69,96.69,7.989,6/10/2024
-111.7114058,33.08207727,Azule 1,TaskName 6/10/2024,Wheat (Durum),4171,6/10/2024,1,On,1294.1,36.01,2.001,1.99,2.991,13.68,89.61,13.93,12.99,7,6,779.14,5251.3,5251.3,87.52,87.52,8.902,6/10/2024
-111.7113956,33.082077,Azule 1,TaskName 6/10/2024,Wheat (Durum),4172,6/10/2024,1,On,1294.1,36.51,1.75,2.103,3.132,13.64,89.98,14.68,14.02,7,6,841.5,5342.1,5342.1,89.04,89.04,9.451,6/10/2024
-111.7113854,33.08207693,Azule 1,TaskName 6/10/2024,Wheat (Durum),4173,6/10/2024,1,On,1294,37.01,1.5,2.127,3.116,13.45,90.01,14.91,14.72,7,6,883,5559.2,5559.2,92.65,92.65,9.53,6/10/2024
-111.7113748,33.08207678,Azule 1,TaskName 6/10/2024,Wheat (Durum),4174,6/10/2024,1,On,1294,37.51,1.25,2.172,3.25,14.01,90.25,15.19,14.91,7,6,894.46,5326.5,5326.5,88.78,88.78,10.08,6/10/2024
-111.7113639,33.08207695,Azule 1,TaskName 6/10/2024,Wheat (Durum),4175,6/10/2024,1,On,1294,38.01,1,2.257,3.336,14.32,89.84,15.93,15.3,7.042,6,917.93,5256.6,5256.6,87.61,87.61,10.48,6/10/2024
-111.7113524,33.08207699,Azule 1,TaskName 6/10/2024,Wheat (Durum),4176,6/10/2024,1,On,1293.9,39,0.5,2.43,3.546,14.26,89.9,15.78,15.94,7.1,6,956.6,5021.9,5021.9,83.7,83.7,11.43,6/10/2024
-111.7113408,33.08207746,Azule 1,TaskName 6/10/2024,Wheat (Durum),4177,6/10/2024,1.001,On,1293.9,38.5,0.75,2.422,3.529,14.66,89.44,14.61,15.71,7.14,6,942.31,5039.2,5039.2,83.99,83.99,11.22,6/10/2024
-111.7113294,33.08207721,Azule 1,TaskName 6/10/2024,Wheat (Durum),4178,6/10/2024,0.999,On,1293.8,38.5,0.75,2.385,3.52,13.78,89.77,13.57,14.47,7.24,6,868.11,4646.1,4646.1,77.43,77.43,11.21,6/10/2024
-111.7113181,33.08207703,Azule 1,TaskName 6/10/2024,Wheat (Durum),4179,6/10/2024,1,On,1293.9,37.51,1.25,2.326,3.46,17.18,90.17,14.21,13.6,7.3,6,815.78,4563.2,4563.2,76.05,76.05,10.73,6/10/2024
-111.711307,33.08207705,Azule 1,TaskName 6/10/2024,Wheat (Durum),4180,6/10/2024,1,On,1293.9,37.01,1.5,2.339,3.401,17.13,90.17,15.25,14.27,7.262,6,856.06,4937.3,4937.3,82.29,82.29,10.4,6/10/2024
-111.7112966,33.08207696,Azule 1,TaskName 6/10/2024,Wheat (Durum),4181,6/10/2024,1,On,1294,37.01,1.5,2.141,3.188,15.49,90.16,15.95,15.4,7.159,6,924.08,5686.1,5686.1,94.77,94.77,9.751,6/10/2024
-111.7112859,33.08207684,Azule 1,TaskName 6/10/2024,Wheat (Durum),4182,6/10/2024,1,On,1294,36.51,1.75,2.232,3.267,15.45,90.3,15.87,15.89,7.061,6,953.49,5803.8,5803.8,96.73,96.73,9.857,6/10/2024
-111.7112752,33.08207671,Azule 1,TaskName 6/10/2024,Wheat (Durum),4183,6/10/2024,1,On,1294,36.51,1.75,2.206,3.267,16.06,90.32,16.19,15.99,6.96,6,959.34,5839.5,5839.5,97.32,97.32,9.857,6/10/2024
-111.7112646,33.08207671,Azule 1,TaskName 6/10/2024,Wheat (Durum),4184,6/10/2024,1,On,1294,36.01,2.001,2.262,3.254,15.49,90.39,14.38,16.04,6.9,6,962.12,5961.4,5961.4,99.36,99.36,9.683,6/10/2024
-111.711254,33.08207669,Azule 1,TaskName 6/10/2024,Wheat (Durum),4185,6/10/2024,1,On,1294,36.01,2.001,2.25,3.257,14.11,90.28,13.32,14.29,6.9,6,857.2,5306,5306,88.43,88.43,9.693,6/10/2024
-111.7112434,33.08207711,Azule 1,TaskName 6/10/2024,Wheat (Durum),4186,6/10/2024,1,On,1293.9,35.51,2.251,2.246,3.257,13.72,89.67,13.67,13.28,6.9,6,796.57,5000,5000,83.33,83.33,9.559,6/10/2024
-111.711233,33.08207745,Azule 1,TaskName 6/10/2024,Wheat (Durum),4187,6/10/2024,1,On,1293.9,35.51,2.251,2.176,3.182,18.89,89.5,15.59,13.8,6.9,6,828.09,5321.1,5321.1,88.68,88.68,9.337,6/10/2024
-111.7112224,33.08207732,Azule 1,TaskName 6/10/2024,Wheat (Durum),4188,6/10/2024,1,On,1293.9,36.01,2.001,2.198,3.26,17.92,89.77,16.59,15.75,6.9,6,944.84,5842.6,5842.6,97.38,97.38,9.703,6/10/2024
-111.7112119,33.08207706,Azule 1,TaskName 6/10/2024,Wheat (Durum),4189,6/10/2024,1.001,On,1294,36.51,1.75,2.191,3.201,17.84,90.2,15.86,16.53,6.86,6,991.82,6167.1,6167.1,102.79,102.79,9.649,6/10/2024
-111.7112015,33.08207725,Azule 1,TaskName 6/10/2024,Wheat (Durum),4190,6/10/2024,0.999,On,1294,36.51,1.75,2.151,3.198,15.46,89.98,15.38,15.77,6.8,6,946.08,5876.9,5876.9,97.95,97.95,9.659,6/10/2024
-111.711191,33.08207745,Azule 1,TaskName 6/10/2024,Wheat (Durum),4191,6/10/2024,1,On,1294,36.51,1.75,2.243,3.228,15.02,89.72,15.49,15.41,6.8,6,924.7,5697.3,5697.3,94.95,94.95,9.738,6/10/2024
-111.7111802,33.0820775,Azule 1,TaskName 6/10/2024,Wheat (Durum),4192,6/10/2024,0.996,On,1294,36.51,1.75,2.221,3.303,14.08,89.65,14.99,15.46,6.8,6,927.77,5563.2,5563.2,92.72,92.72,10.01,6/10/2024
-111.7111697,33.08207751,Azule 1,TaskName 6/10/2024,Wheat (Durum),4193,6/10/2024,1,On,1293.9,36.51,1.75,2.22,3.228,14.84,89.77,14.26,14.92,6.8,6,895.07,5514.7,5514.7,91.91,91.91,9.738,6/10/2024
-111.7111593,33.08207719,Azule 1,TaskName 6/10/2024,Wheat (Durum),4194,6/10/2024,1,On,1293.9,36.51,1.75,2.205,3.182,18.07,90.24,13.87,14.22,6.84,6,852.94,5331,5331,88.85,88.85,9.6,6/10/2024
-111.711149,33.08207693,Azule 1,TaskName 6/10/2024,Wheat (Durum),4195,6/10/2024,1,On,1293.9,36.51,1.75,2.097,3.14,19.39,90.58,14.19,13.92,6.9,6,835.37,5290.6,5290.6,88.18,88.18,9.474,6/10/2024
-111.7111386,33.08207678,Azule 1,TaskName 6/10/2024,Wheat (Durum),4196,6/10/2024,1,On,1293.9,36.51,1.75,2.185,3.22,17.28,90.78,14.65,14.2,6.861,6,851.89,5261,5261,87.68,87.68,9.715,6/10/2024
-111.7111279,33.08207683,Azule 1,TaskName 6/10/2024,Wheat (Durum),4197,6/10/2024,1,On,1293.9,36.51,1.75,2.171,3.269,15.17,90.51,14.71,14.63,6.8,6,877.55,5337.9,5337.9,88.97,88.97,9.864,6/10/2024
-111.7111173,33.08207683,Azule 1,TaskName 6/10/2024,Wheat (Durum),4198,6/10/2024,1,On,1293.9,36.51,1.75,2.173,3.249,14.23,90.47,14.82,14.78,6.8,6,886.99,5428,5428,90.47,90.47,9.805,6/10/2024
-111.7111069,33.08207671,Azule 1,TaskName 6/10/2024,Wheat (Durum),4199,6/10/2024,1,On,1294,36.51,1.75,2.205,3.181,15.14,90.64,14.16,14.72,6.8,6,883.48,5523.7,5523.7,92.06,92.06,9.597,6/10/2024
-111.7110963,33.08207654,Azule 1,TaskName 6/10/2024,Wheat (Durum),4200,6/10/2024,1,On,1293.9,36.01,2.001,2.211,3.249,14.17,90.84,13.92,14.24,6.8,6,854.11,5299.2,5299.2,88.32,88.32,9.671,6/10/2024
-111.711086,33.08207656,Azule 1,TaskName 6/10/2024,Wheat (Durum),4201,6/10/2024,1,On,1293.9,36.01,2.001,2.227,3.171,15.75,90.56,12.33,13.78,6.8,6,826.82,5257.3,5257.3,87.62,87.62,9.436,6/10/2024
-111.7110753,33.08207695,Azule 1,TaskName 6/10/2024,Wheat (Durum),4202,6/10/2024,0.999,On,1293.9,35.51,2.251,2.232,3.286,14.07,90.03,12.35,12.29,6.8,6,737.12,4582.1,4582.1,76.37,76.37,9.652,6/10/2024
-111.7110648,33.08207728,Azule 1,TaskName 6/10/2024,Wheat (Durum),4203,6/10/2024,1.005,On,1293.8,35.51,2.251,2.188,3.213,14.68,89.32,12.91,12.4,6.8,6,743.93,4756.7,4756.7,79.28,79.28,9.384,6/10/2024
-111.7110542,33.08207734,Azule 1,TaskName 6/10/2024,Wheat (Durum),4204,6/10/2024,0.996,On,1293.9,35.51,2.251,2.196,3.249,18.23,89.47,13.8,12.97,6.8,6,778.26,4876.8,4876.8,81.28,81.28,9.575,6/10/2024
-111.7110436,33.08207738,Azule 1,TaskName 6/10/2024,Wheat (Durum),4205,6/10/2024,0.999,On,1293.9,35.51,2.251,2.23,3.256,14.65,89.68,13.98,13.87,6.76,6,832,5218.8,5218.8,86.98,86.98,9.565,6/10/2024
-111.711033,33.08207713,Azule 1,TaskName 6/10/2024,Wheat (Durum),4206,6/10/2024,1,On,1293.9,35.51,2.251,2.206,3.249,14.44,90.21,14.01,13.92,6.741,6,835.45,5256.2,5256.2,87.6,87.6,9.537,6/10/2024
-111.7110224,33.08207687,Azule 1,TaskName 6/10/2024,Wheat (Durum),4207,6/10/2024,1.001,On,1293.8,35.51,2.251,2.219,3.233,13.77,90.39,14.34,14.03,6.8,6,842.06,5330,5330,88.83,88.83,9.479,6/10/2024
-111.7110118,33.082077,Azule 1,TaskName 6/10/2024,Wheat (Durum),4208,6/10/2024,1,On,1293.9,35.51,2.251,2.168,3.256,14.37,90.11,14.65,14.37,6.8,6,862.31,5414.3,5414.3,90.24,90.24,9.556,6/10/2024
-111.7110013,33.08207706,Azule 1,TaskName 6/10/2024,Wheat (Durum),4209,6/10/2024,0.999,On,1294,35.51,2.251,2.209,3.233,13.04,90,14.46,14.76,6.8,6,885.68,5594.9,5594.9,93.25,93.25,9.498,6/10/2024
-111.7109908,33.08207702,Azule 1,TaskName 6/10/2024,Wheat (Durum),4210,6/10/2024,1.001,On,1294,35.51,2.251,2.192,3.22,13.07,90.05,13.15,14.23,6.8,6,853.86,5426.8,5426.8,90.45,90.45,9.441,6/10/2024
-111.7109802,33.082077,Azule 1,TaskName 6/10/2024,Wheat (Durum),4211,6/10/2024,1,On,1293.9,36.01,2.001,2.261,3.24,15.04,90.04,13.76,13.26,6.8,6,795.5,4950.6,4950.6,82.51,82.51,9.641,6/10/2024
-111.7109696,33.08207692,Azule 1,TaskName 6/10/2024,Wheat (Durum),4212,6/10/2024,0.999,On,1293.9,36.01,2.001,2.185,3.236,17.84,90.15,13.07,13.73,6.758,6,823.61,5125.6,5125.6,85.43,85.43,9.641,6/10/2024
-111.710959,33.08207692,Azule 1,TaskName 6/10/2024,Wheat (Durum),4213,6/10/2024,1,On,1293.8,36.01,2.001,2.24,3.259,14.39,90,11.81,12.96,6.779,6,777.48,4809.2,4809.2,80.15,80.15,9.7,6/10/2024
-111.7109484,33.08207708,Azule 1,TaskName 6/10/2024,Wheat (Durum),4214,6/10/2024,1,On,1293.8,36.01,2.001,2.237,3.246,15.96,89.87,13.07,11.88,6.94,6,712.94,4427.8,4427.8,73.8,73.8,9.661,6/10/2024
-111.7109378,33.08207709,Azule 1,TaskName 6/10/2024,Wheat (Durum),4215,6/10/2024,1,On,1293.8,36.01,2.001,2.171,3.256,14.57,89.86,13.93,13.23,7.041,6,793.89,4915.6,4915.6,81.93,81.93,9.69,6/10/2024
-111.7109274,33.08207713,Azule 1,TaskName 6/10/2024,Wheat (Durum),4216,6/10/2024,1,On,1293.9,36.01,2.001,2.194,3.213,14.75,90.01,13.61,13.85,7.14,6,830.93,5213.3,5213.3,86.89,86.89,9.563,6/10/2024
-111.7109167,33.08207706,Azule 1,TaskName 6/10/2024,Wheat (Durum),4217,6/10/2024,1,On,1293.9,36.01,2.001,2.156,3.266,14.51,90.03,14.2,13.74,7.241,6,824.42,5089.3,5089.3,84.82,84.82,9.719,6/10/2024
-111.7109061,33.08207719,Azule 1,TaskName 6/10/2024,Wheat (Durum),4218,6/10/2024,1,On,1294,35.51,2.251,2.198,3.246,14.26,89.83,13.61,14.09,7.341,6,845.66,5325.9,5325.9,88.76,88.76,9.527,6/10/2024
-111.7108957,33.08207727,Azule 1,TaskName 6/10/2024,Wheat (Durum),4219,6/10/2024,1,On,1294.1,35.51,2.251,2.194,3.181,13.63,89.8,13.99,13.67,7.36,6,820.25,5272.4,5272.4,87.87,87.87,9.334,6/10/2024
-111.7108852,33.08207693,Azule 1,TaskName 6/10/2024,Wheat (Durum),4220,6/10/2024,1,On,1294.1,35.51,2.251,2.2,3.22,13.61,90.28,13.35,13.96,7.3,6,837.85,5319.7,5319.7,88.66,88.66,9.45,6/10/2024
-111.7108747,33.08207701,Azule 1,TaskName 6/10/2024,Wheat (Durum),4221,6/10/2024,1,On,1294,35.51,2.251,2.224,3.236,14.16,90.05,12.15,13.24,7.3,6,794.65,5019.8,5019.8,83.66,83.66,9.498,6/10/2024
-111.710864,33.08207695,Azule 1,TaskName 6/10/2024,Wheat (Durum),4222,6/10/2024,1,On,1294,35.51,2.251,2.223,3.289,14.59,90.1,12.14,12.09,7.3,6,725.24,4508.2,4508.2,75.14,75.14,9.652,6/10/2024
-111.7108534,33.08207703,Azule 1,TaskName 6/10/2024,Wheat (Durum),4223,6/10/2024,1,On,1294,35.51,2.251,2.279,3.223,18.5,90.1,13.27,12.29,7.3,6,737.39,4677.1,4677.1,77.95,77.95,9.46,6/10/2024
-111.7108428,33.08207678,Azule 1,TaskName 6/10/2024,Wheat (Durum),4224,6/10/2024,0.995,On,1294,36.01,2.001,2.161,3.253,16.23,90.28,12.99,13.18,7.3,6,791.07,4878.6,4878.6,81.31,81.31,9.729,6/10/2024
-111.7108322,33.08207693,Azule 1,TaskName 6/10/2024,Wheat (Durum),4225,6/10/2024,1,On,1293.9,36.01,2.001,2.262,3.262,13.5,89.92,12.32,12.97,7.3,6,777.94,4808.2,4808.2,80.14,80.14,9.708,6/10/2024
-111.7108215,33.08207708,Azule 1,TaskName 6/10/2024,Wheat (Durum),4226,6/10/2024,1,On,1293.9,35.51,2.251,2.222,3.279,15.16,89.62,11.63,12.21,7.3,6,732.85,4569.3,4569.3,76.16,76.16,9.623,6/10/2024
-111.7108109,33.08207706,Azule 1,TaskName 6/10/2024,Wheat (Durum),4227,6/10/2024,1.005,On,1293.9,36.01,2.001,2.14,3.22,15.32,89.61,12.83,11.71,7.259,6,702.86,4422.9,4422.9,73.71,73.71,9.535,6/10/2024
-111.7108005,33.08207717,Azule 1,TaskName 6/10/2024,Wheat (Durum),4228,6/10/2024,0.996,On,1293.9,36.01,2.001,2.227,3.19,14.56,89.64,14.59,12.95,7.161,6,777.12,4891.3,4891.3,81.52,81.52,9.533,6/10/2024
-111.71079,33.08207696,Azule 1,TaskName 6/10/2024,Wheat (Durum),4229,6/10/2024,1,On,1293.9,36.01,2.001,2.197,3.226,14.02,89.94,15.74,14.72,7.06,6,883.42,5520.2,5520.2,92,92,9.602,6/10/2024
-111.7107794,33.08207714,Azule 1,TaskName 6/10/2024,Wheat (Durum),4230,6/10/2024,0.999,On,1293.9,36.01,2.001,2.217,3.21,14.22,89.69,15.85,15.78,7,6,946.57,5939.1,5939.1,98.99,98.99,9.563,6/10/2024
-111.7107689,33.08207711,Azule 1,TaskName 6/10/2024,Wheat (Durum),4231,6/10/2024,1.001,On,1293.8,36.01,2.001,2.216,3.21,15.06,89.68,15.62,15.91,7,6,954.37,6000,6000,100,100,9.544,6/10/2024
-111.7107585,33.0820772,Azule 1,TaskName 6/10/2024,Wheat (Durum),4232,6/10/2024,0.999,On,1293.8,35.51,2.251,2.145,3.18,18.56,89.71,14.77,15.48,7,6,928.95,5965.3,5965.3,99.42,99.42,9.344,6/10/2024
-111.7107478,33.08207705,Azule 1,TaskName 6/10/2024,Wheat (Durum),4233,6/10/2024,1,On,1293.8,36.01,2.001,2.206,3.272,12.69,89.87,14.55,14.7,7,6,881.95,5433.7,5433.7,90.56,90.56,9.739,6/10/2024
-111.7107374,33.08207707,Azule 1,TaskName 6/10/2024,Wheat (Durum),4234,6/10/2024,1.001,On,1293.9,35.51,2.251,2.195,3.207,12.14,89.9,15.08,14.65,7,6,879.13,5610.3,5610.3,93.51,93.51,9.402,6/10/2024
-111.7107269,33.08207711,Azule 1,TaskName 6/10/2024,Wheat (Durum),4235,6/10/2024,1.004,On,1293.9,36.01,2.001,2.163,3.187,18.21,89.78,14.55,14.98,7.04,6,899,5709.7,5709.7,95.16,95.16,9.447,6/10/2024
-111.7107163,33.08207727,Azule 1,TaskName 6/10/2024,Wheat (Durum),4236,6/10/2024,0.991,On,1293.9,35.51,2.251,2.191,3.236,15.86,89.53,15.61,14.65,7.06,6,878.9,5502.2,5502.2,91.7,91.7,9.584,6/10/2024
-111.7107057,33.08207726,Azule 1,TaskName 6/10/2024,Wheat (Durum),4237,6/10/2024,1.005,On,1293.9,36.01,2.001,2.235,3.253,15.97,89.74,15.87,15.67,7.04,6,940.12,5856.3,5856.3,97.6,97.6,9.632,6/10/2024
-111.7106951,33.08207729,Azule 1,TaskName 6/10/2024,Wheat (Durum),4238,6/10/2024,0.999,On,1293.9,36.01,2.001,2.235,3.223,17.22,89.74,15.14,15.79,7.14,6,947.63,5921.5,5921.5,98.69,98.69,9.602,6/10/2024
-111.7106845,33.08207718,Azule 1,TaskName 6/10/2024,Wheat (Durum),4239,6/10/2024,1,On,1293.9,36.01,2.001,2.222,3.253,15.45,90.05,14.96,15.11,7.24,6,906.31,5617.5,5617.5,93.63,93.63,9.68,6/10/2024
-111.7106739,33.08207714,Azule 1,TaskName 6/10/2024,Wheat (Durum),4240,6/10/2024,1,On,1293.8,36.01,2.001,2.243,3.243,15.99,90.02,15.39,15,7.34,6,899.71,5593.5,5593.5,93.23,93.23,9.651,6/10/2024
-111.7106632,33.08207701,Azule 1,TaskName 6/10/2024,Wheat (Durum),4241,6/10/2024,1,On,1293.8,36.01,2.001,2.229,3.276,14.54,90.14,15.33,15.39,7.439,6,923.54,5684.2,5684.2,94.74,94.74,9.748,6/10/2024
-111.7106526,33.08207712,Azule 1,TaskName 6/10/2024,Wheat (Durum),4242,6/10/2024,1,On,1293.8,36.01,2.001,2.223,3.223,15.63,90.04,15.37,15.32,7.5,6,919.01,5748.4,5748.4,95.81,95.81,9.592,6/10/2024
-111.7106422,33.08207702,Azule 1,TaskName 6/10/2024,Wheat (Durum),4243,6/10/2024,1.001,On,1293.7,36.01,2.001,2.171,3.177,17.15,90.12,16.03,15.43,7.419,6,925.89,5881.1,5881.1,98.02,98.02,9.446,6/10/2024
-111.7106317,33.08207702,Azule 1,TaskName 6/10/2024,Wheat (Durum),4244,6/10/2024,0.999,On,1293.8,36.01,2.001,2.175,3.233,16.2,90.22,16.13,16.07,7.26,6,964.34,6007.6,6007.6,100.13,100.13,9.631,6/10/2024
-111.7106211,33.08207679,Azule 1,TaskName 6/10/2024,Wheat (Durum),4245,6/10/2024,1,On,1293.8,36.01,2.001,2.177,3.23,14.95,90.57,15.35,16.16,7.2,6,969.35,6051,6051,100.85,100.85,9.612,6/10/2024
-111.7106107,33.08207673,Azule 1,TaskName 6/10/2024,Wheat (Durum),4246,6/10/2024,1,On,1293.8,36.01,2.001,2.148,3.167,15.09,90.45,14.08,15.11,7.2,6,906.81,5772,5772,96.2,96.2,9.426,6/10/2024
-111.7106003,33.08207694,Azule 1,TaskName 6/10/2024,Wheat (Durum),4247,6/10/2024,1,On,1293.8,36.01,2.001,2.186,3.184,15.85,90.02,14.49,14.16,7.2,6,849.49,5379.3,5379.3,89.66,89.66,9.475,6/10/2024
-111.7105897,33.08207712,Azule 1,TaskName 6/10/2024,Wheat (Durum),4248,6/10/2024,1,On,1293.8,36.01,2.001,2.256,3.259,15.48,89.94,14.83,14.48,7.2,6,868.92,5375,5375,89.58,89.58,9.7,6/10/2024
-111.7105791,33.08207719,Azule 1,TaskName 6/10/2024,Wheat (Durum),4249,6/10/2024,1,On,1293.8,36.01,2.001,2.182,3.236,15.53,89.97,14.61,14.88,7.2,6,892.83,5562.1,5562.1,92.7,92.7,9.631,6/10/2024
-111.7105686,33.0820771,Azule 1,TaskName 6/10/2024,Wheat (Durum),4250,6/10/2024,1,On,1293.9,36.01,2.001,2.205,3.197,15.15,90.09,14.49,14.47,7.2,6,868.1,5474.6,5474.6,91.24,91.24,9.514,6/10/2024
-111.7105581,33.08207716,Azule 1,TaskName 6/10/2024,Wheat (Durum),4251,6/10/2024,1,On,1293.9,36.01,2.001,2.186,3.203,16.36,89.84,15.92,14.75,7.16,6,884.87,5568.9,5568.9,92.82,92.82,9.534,6/10/2024
-111.7105476,33.08207736,Azule 1,TaskName 6/10/2024,Wheat (Durum),4252,6/10/2024,1,On,1293.9,36.01,2.001,2.162,3.207,15.63,89.58,15.67,15.81,7.1,6,948.57,5963.7,5963.7,99.4,99.4,9.543,6/10/2024
-111.710537,33.08207752,Azule 1,TaskName 6/10/2024,Wheat (Durum),4253,6/10/2024,1,On,1294,35.51,2.251,2.244,3.253,14.22,89.63,16.12,15.78,7.061,6,947.08,5952.7,5952.7,99.21,99.21,9.546,6/10/2024
-111.7105265,33.08207716,Azule 1,TaskName 6/10/2024,Wheat (Durum),4254,6/10/2024,0.996,On,1294,36.01,2.001,2.197,3.217,14.77,90.25,15.55,16.03,7,6,961.84,6004.5,6004.5,100.07,100.07,9.611,6/10/2024
-111.710516,33.08207702,Azule 1,TaskName 6/10/2024,Wheat (Durum),4255,6/10/2024,1.004,On,1294,35.51,2.251,2.249,3.209,16.48,90.5,14.99,15.55,7.039,6,933.25,5970,5970,99.5,99.5,9.379,6/10/2024
-111.7105053,33.08207694,Azule 1,TaskName 6/10/2024,Wheat (Durum),4256,6/10/2024,1,On,1294,35.51,2.251,2.206,3.287,14.36,90.44,15.13,14.91,7.141,6,894.66,5564.5,5564.5,92.74,92.74,9.647,6/10/2024
-111.7104948,33.08207696,Azule 1,TaskName 6/10/2024,Wheat (Durum),4257,6/10/2024,0.996,On,1294,36.01,2.001,2.206,3.208,15.81,90.23,15.72,15.29,7.2,6,917.25,5741,5741,95.68,95.68,9.586,6/10/2024
-111.7104843,33.08207692,Azule 1,TaskName 6/10/2024,Wheat (Durum),4258,6/10/2024,1.004,On,1294,36.01,2.001,2.177,3.192,16.78,90.12,15.11,15.54,7.2,6,932.27,5912.2,5912.2,98.54,98.54,9.461,6/10/2024
-111.7104737,33.0820769,Azule 1,TaskName 6/10/2024,Wheat (Durum),4259,6/10/2024,0.996,On,1294,36.01,2.001,2.229,3.261,13.81,90.12,16.49,15.27,7.2,6,916.08,5641.4,5641.4,94.02,94.02,9.743,6/10/2024
-111.7104631,33.08207677,Azule 1,TaskName 6/10/2024,Wheat (Durum),4260,6/10/2024,1,On,1293.9,36.01,2.001,2.229,3.238,17.47,90.17,17.53,16.55,7.2,6,993.28,6185,6185,103.08,103.08,9.636,6/10/2024
-111.7104526,33.08207682,Azule 1,TaskName 6/10/2024,Wheat (Durum),4261,6/10/2024,1,On,1293.9,36.01,2.001,2.174,3.225,16.44,90,16.74,17.61,7.12,6,1056.3,6604.3,6604.3,110.07,110.07,9.597,6/10/2024
-111.710442,33.08207702,Azule 1,TaskName 6/10/2024,Wheat (Durum),4262,6/10/2024,1.004,On,1293.9,36.01,2.001,2.249,3.254,14.66,89.8,14.61,16.5,6.961,6,990.17,6159,6159,102.65,102.65,9.646,6/10/2024
-111.7104314,33.08207695,Azule 1,TaskName 6/10/2024,Wheat (Durum),4263,6/10/2024,0.995,On,1293.9,36.01,2.001,2.181,3.221,15.15,89.82,14.22,14.67,6.86,6,879.91,5479.4,5479.4,91.32,91.32,9.635,6/10/2024
-111.710421,33.08207681,Azule 1,TaskName 6/10/2024,Wheat (Durum),4264,6/10/2024,1.001,On,1293.8,36.01,2.001,2.185,3.185,17.68,90.04,14.62,14.09,6.8,6,845.47,5356.7,5356.7,89.28,89.28,9.47,6/10/2024
-111.7104104,33.08207695,Azule 1,TaskName 6/10/2024,Wheat (Durum),4265,6/10/2024,1,On,1293.8,36.01,2.001,2.217,3.244,15.76,89.81,15.8,14.81,6.84,6,888.64,5522.2,5522.2,92.04,92.04,9.655,6/10/2024
-111.7103999,33.08207707,Azule 1,TaskName 6/10/2024,Wheat (Durum),4266,6/10/2024,1,On,1293.9,35.51,2.251,2.135,3.225,17.04,89.52,15.52,15.71,6.819,6,942.85,5977.6,5977.6,99.63,99.63,9.464,6/10/2024
-111.7103894,33.08207714,Azule 1,TaskName 6/10/2024,Wheat (Durum),4267,6/10/2024,1,On,1293.9,35.51,2.251,2.205,3.228,15.85,89.66,15.67,15.58,6.74,6,934.68,5919.8,5919.8,98.66,98.66,9.473,6/10/2024
-111.7103789,33.08207695,Azule 1,TaskName 6/10/2024,Wheat (Durum),4268,6/10/2024,0.999,On,1293.9,36.01,2.001,2.209,3.198,16.35,90,15.94,15.71,6.839,6,942.6,5935.7,5935.7,98.93,98.93,9.528,6/10/2024
-111.7103683,33.08207703,Azule 1,TaskName 6/10/2024,Wheat (Durum),4269,6/10/2024,1,On,1293.9,36.01,2.001,2.161,3.241,17.32,89.8,15.93,15.98,6.941,6,958.99,5965.4,5965.4,99.42,99.42,9.646,6/10/2024
-111.7103576,33.08207715,Azule 1,TaskName 6/10/2024,Wheat (Durum),4270,6/10/2024,1,On,1293.9,36.01,2.001,2.282,3.267,14.69,89.79,15.74,15.87,7,6,952.09,5874.9,5874.9,97.91,97.91,9.724,6/10/2024
-111.7103469,33.08207709,Azule 1,TaskName 6/10/2024,Wheat (Durum),4271,6/10/2024,1.001,On,1293.8,36.01,2.001,2.274,3.274,14.37,89.87,15.68,15.76,7,6,945.68,5829.5,5829.5,97.16,97.16,9.733,6/10/2024
-111.7103364,33.08207692,Azule 1,TaskName 6/10/2024,Wheat (Durum),4272,6/10/2024,1,On,1293.7,36.01,2.001,2.239,3.238,16.99,90.21,15.85,15.66,7.039,6,939.74,5851.5,5851.5,97.53,97.53,9.636,6/10/2024
-111.7103261,33.08207692,Azule 1,TaskName 6/10/2024,Wheat (Durum),4273,6/10/2024,0.999,On,1293.8,36.01,2.001,2.113,3.143,18.83,90.08,15.22,15.89,7.1,6,953.18,6108.8,6108.8,101.81,101.81,9.362,6/10/2024
-111.7103153,33.08207699,Azule 1,TaskName 6/10/2024,Wheat (Durum),4274,6/10/2024,1,On,1293.8,36.01,2.001,2.232,3.297,14.04,89.93,14.54,15.14,7.1,6,908.67,5556.8,5556.8,92.61,92.61,9.812,6/10/2024
-111.7103049,33.08207696,Azule 1,TaskName 6/10/2024,Wheat (Durum),4275,6/10/2024,1,On,1293.9,36.01,2.001,2.151,3.192,17.91,89.98,15.17,14.54,7.14,6,872.27,5509.6,5509.6,91.83,91.83,9.499,6/10/2024
-111.7102944,33.08207718,Azule 1,TaskName 6/10/2024,Wheat (Durum),4276,6/10/2024,1.001,On,1293.9,36.01,2.001,2.213,3.231,14.65,89.58,16.08,15.21,7.2,6,912.32,5698.1,5698.1,94.97,94.97,9.607,6/10/2024
-111.7102839,33.08207701,Azule 1,TaskName 6/10/2024,Wheat (Durum),4277,6/10/2024,1,On,1293.9,36.01,2.001,2.232,3.215,16.14,89.89,16,16.17,7.2,6,970.14,6084,6084,101.4,101.4,9.567,6/10/2024
-111.7102733,33.08207721,Azule 1,TaskName 6/10/2024,Wheat (Durum),4278,6/10/2024,0.995,On,1293.9,36.01,2.001,2.207,3.231,14.96,89.56,15.28,15.86,7.2,6,951.56,5907.5,5907.5,98.46,98.46,9.665,6/10/2024
-111.7102628,33.08207743,Azule 1,TaskName 6/10/2024,Wheat (Durum),4279,6/10/2024,1.005,On,1293.9,35.51,2.251,2.223,3.231,15.52,89.56,15.48,15.37,7.2,6,922.37,5865,5865,97.75,97.75,9.436,6/10/2024
-111.710252,33.08207736,Azule 1,TaskName 6/10/2024,Wheat (Durum),4280,6/10/2024,0.999,On,1293.9,35.51,2.251,2.206,3.287,15.25,89.72,15.13,15.37,7.2,6,922.06,5729.2,5729.2,95.49,95.49,9.656,6/10/2024
-111.7102416,33.08207716,Azule 1,TaskName 6/10/2024,Wheat (Durum),4281,6/10/2024,1,On,1294,36.01,2.001,2.19,3.205,15.08,90.11,15.25,15.2,7.2,6,911.94,5736.6,5736.6,95.61,95.61,9.538,6/10/2024
-111.710231,33.08207712,Azule 1,TaskName 6/10/2024,Wheat (Durum),4282,6/10/2024,1,On,1294,36.01,2.001,2.184,3.218,15.16,90.02,15.22,15.24,7.16,6,914.57,5729.7,5729.7,95.49,95.49,9.577,6/10/2024
-111.7102205,33.08207711,Azule 1,TaskName 6/10/2024,Wheat (Durum),4283,6/10/2024,1,On,1294,36.01,2.001,2.219,3.221,15.65,90.01,15.36,15.23,7.06,6,914.04,5720.5,5720.5,95.34,95.34,9.587,6/10/2024
-111.71021,33.08207706,Azule 1,TaskName 6/10/2024,Wheat (Durum),4284,6/10/2024,1,On,1294,36.01,2.001,2.222,3.221,15.61,90.11,15.22,15.3,7,6,918,5745.3,5745.3,95.76,95.76,9.587,6/10/2024
-111.7101995,33.08207679,Azule 1,TaskName 6/10/2024,Wheat (Durum),4285,6/10/2024,1,On,1294,36.01,2.001,2.152,3.213,15.75,90.29,15.11,15.29,7,6,917.47,5757.3,5757.3,95.95,95.95,9.562,6/10/2024
-111.7101889,33.08207677,Azule 1,TaskName 6/10/2024,Wheat (Durum),4286,6/10/2024,1.001,On,1294.1,36.01,2.001,2.201,3.254,15.02,90.44,14.79,14.95,7,6,897.18,5564.1,5564.1,92.73,92.73,9.675,6/10/2024
-111.7101782,33.0820767,Azule 1,TaskName 6/10/2024,Wheat (Durum),4287,6/10/2024,0.999,On,1294.1,36.01,2.001,2.234,3.284,13.81,90.34,15.48,14.99,7.04,6,899.55,5517.5,5517.5,91.96,91.96,9.782,6/10/2024
-111.7101677,33.08207713,Azule 1,TaskName 6/10/2024,Wheat (Durum),4288,6/10/2024,1.001,On,1294,36.01,2.001,2.249,3.228,16.53,89.91,14.72,15.31,7.1,6,918.56,5743,5743,95.72,95.72,9.597,6/10/2024
-111.7101569,33.08207695,Azule 1,TaskName 6/10/2024,Wheat (Durum),4289,6/10/2024,0.999,On,1294,36.01,2.001,2.238,3.28,14.36,90.16,15.52,14.85,7.1,6,891.1,5471.2,5471.2,91.19,91.19,9.772,6/10/2024
-111.7101463,33.08207711,Azule 1,TaskName 6/10/2024,Wheat (Durum),4290,6/10/2024,1.001,On,1293.9,36.01,2.001,2.203,3.248,15.95,89.91,15.8,15.5,7.1,6,930.28,5781,5781,96.35,96.35,9.655,6/10/2024
-111.7101358,33.08207714,Azule 1,TaskName 6/10/2024,Wheat (Durum),4291,6/10/2024,1,On,1294,36.01,2.001,2.184,3.218,15.49,89.98,15.45,15.88,7.1,6,952.67,5968.5,5968.5,99.47,99.47,9.577,6/10/2024
-111.7101252,33.08207699,Azule 1,TaskName 6/10/2024,Wheat (Durum),4292,6/10/2024,1,On,1293.9,36.01,2.001,2.212,3.264,15.57,90.15,14.91,15.34,7.021,6,920.68,5686.9,5686.9,94.78,94.78,9.714,6/10/2024
-111.7101147,33.08207703,Azule 1,TaskName 6/10/2024,Wheat (Durum),4293,6/10/2024,0.995,On,1293.9,36.01,2.001,2.193,3.211,17.42,90.08,15.84,15,6.94,6,899.98,5621.7,5621.7,93.69,93.69,9.606,6/10/2024
-111.7101041,33.08207719,Azule 1,TaskName 6/10/2024,Wheat (Durum),4294,6/10/2024,1,On,1293.9,35.51,2.251,2.197,3.251,15.59,89.74,16.1,15.89,7,6,953.11,5993.9,5993.9,99.9,99.9,9.541,6/10/2024
-111.7100935,33.08207729,Azule 1,TaskName 6/10/2024,Wheat (Durum),4295,6/10/2024,1.004,On,1294,35.51,2.251,2.279,3.241,17.13,89.8,15.57,16.06,7.039,6,963.83,6104.1,6104.1,101.74,101.74,9.474,6/10/2024
-111.7100829,33.08207708,Azule 1,TaskName 6/10/2024,Wheat (Durum),4296,6/10/2024,0.996,On,1293.9,36.01,2.001,2.196,3.257,15.5,90.11,15.16,15.5,7.1,6,929.78,5731.6,5731.6,95.53,95.53,9.733,6/10/2024
-111.7100725,33.08207696,Azule 1,TaskName 6/10/2024,Wheat (Durum),4297,6/10/2024,1.004,On,1293.9,36.01,2.001,2.198,3.188,16.83,90.23,15.31,15.26,7.1,6,915.54,5812.1,5812.1,96.87,96.87,9.451,6/10/2024
-111.7100619,33.08207698,Azule 1,TaskName 6/10/2024,Wheat (Durum),4298,6/10/2024,1.001,On,1293.9,36.01,2.001,2.187,3.257,16.15,90.11,14.86,15.28,7.1,6,916.51,5678.2,5678.2,94.64,94.64,9.685,6/10/2024
-111.7100514,33.08207713,Azule 1,TaskName 6/10/2024,Wheat (Durum),4299,6/10/2024,0.999,On,1293.9,35.51,2.251,2.192,3.208,16.05,89.65,14.8,14.82,7.1,6,889.01,5659.5,5659.5,94.32,94.32,9.425,6/10/2024
-111.7100408,33.08207727,Azule 1,TaskName 6/10/2024,Wheat (Durum),4300,6/10/2024,1.001,On,1293.9,35.51,2.251,2.195,3.244,15.6,89.61,15.28,14.79,7.1,6,887.22,5596.4,5596.4,93.27,93.27,9.512,6/10/2024
-111.7100302,33.08207722,Azule 1,TaskName 6/10/2024,Wheat (Durum),4301,6/10/2024,0.994,On,1293.9,35.51,2.251,2.202,3.238,14.99,89.7,15.71,15.38,7.06,6,923.04,5793.4,5793.4,96.56,96.56,9.56,6/10/2024
-111.7100199,33.08207693,Azule 1,TaskName 6/10/2024,Wheat (Durum),4302,6/10/2024,1.005,On,1293.9,36.01,2.001,2.194,3.159,18.34,90.17,15.5,15.66,7,6,939.7,6027.2,6027.2,100.45,100.45,9.355,6/10/2024
-111.7100091,33.08207689,Azule 1,TaskName 6/10/2024,Wheat (Durum),4303,6/10/2024,0.996,On,1294,36.01,2.001,2.197,3.307,15.4,90.17,15.57,15.51,7,6,930.33,5649.7,5649.7,94.16,94.16,9.88,6/10/2024
-111.7099978,33.08207695,Azule 1,TaskName 6/10/2024,Wheat (Durum),4304,6/10/2024,1.005,On,1293.9,36.01,2.001,2.356,3.477,16.29,90.03,16.03,15.69,7,6,941.61,5486.7,5486.7,91.45,91.45,10.3,6/10/2024
-111.7099863,33.08207714,Azule 1,TaskName 6/10/2024,Wheat (Durum),4305,6/10/2024,0.995,On,1294,35.51,2.251,2.405,3.523,15.67,89.56,15.21,15.91,7,6,954.84,5513,5513,91.88,91.88,10.39,6/10/2024
-111.709975,33.08207733,Azule 1,TaskName 6/10/2024,Wheat (Durum),4306,6/10/2024,1.004,On,1293.9,35.51,2.251,2.365,3.438,17,89.49,15.6,15.25,7,6,914.96,5462.8,5462.8,91.05,91.05,10.05,6/10/2024
-111.7099639,33.0820772,Azule 1,TaskName 6/10/2024,Wheat (Durum),4307,6/10/2024,0.991,On,1293.9,36.01,2.001,2.331,3.412,15.99,89.91,15.97,15.62,7,6,937.3,5489.1,5489.1,91.49,91.49,10.25,6/10/2024
-111.7099527,33.082077,Azule 1,TaskName 6/10/2024,Wheat (Durum),4308,6/10/2024,1.005,On,1293.9,36.01,2.001,2.313,3.438,16.56,90.14,16.22,16.02,7,6,961.4,5666.2,5666.2,94.44,94.44,10.18,6/10/2024
-111.7099416,33.08207686,Azule 1,TaskName 6/10/2024,Wheat (Durum),4309,6/10/2024,0.999,On,1293.9,36.01,2.001,2.304,3.412,16.98,90.35,15.52,16.12,7,6,967.34,5710.8,5710.8,95.18,95.18,10.16,6/10/2024
-111.7099304,33.08207701,Azule 1,TaskName 6/10/2024,Wheat (Durum),4310,6/10/2024,1.001,On,1293.9,36.01,2.001,2.343,3.421,16.09,90.02,15.62,15.53,7,6,931.75,5495.9,5495.9,91.6,91.6,10.17,6/10/2024
-111.7099192,33.08207711,Azule 1,TaskName 6/10/2024,Wheat (Durum),4311,6/10/2024,0.995,On,1293.9,35.51,2.251,2.374,3.428,15.81,89.97,15.74,15.64,7.039,6,938.61,5569.7,5569.7,92.83,92.83,10.11,6/10/2024
-111.7099079,33.08207705,Azule 1,TaskName 6/10/2024,Wheat (Durum),4312,6/10/2024,1.005,On,1293.8,36.01,2.001,2.374,3.48,16.18,90.07,15.42,15.73,7.1,6,943.95,5495.2,5495.2,91.59,91.59,10.31,6/10/2024
-111.7098966,33.08207702,Azule 1,TaskName 6/10/2024,Wheat (Durum),4313,6/10/2024,1,On,1293.9,36.01,2.001,2.384,3.448,18.08,90.05,14.68,15.33,7.1,6,919.88,5379.1,5379.1,89.65,89.65,10.26,6/10/2024
-111.7098853,33.08207696,Azule 1,TaskName 6/10/2024,Wheat (Durum),4314,6/10/2024,1.001,On,1293.8,36.01,2.001,2.322,3.464,16.94,90.02,14.79,14.67,7.06,6,880.18,5127.7,5127.7,85.46,85.46,10.3,6/10/2024
-111.7098742,33.08207717,Azule 1,TaskName 6/10/2024,Wheat (Durum),4315,6/10/2024,0.999,On,1293.8,35.51,2.251,2.322,3.403,17.56,89.73,15.05,14.91,7,6,894.65,5368.8,5368.8,89.48,89.48,9.998,6/10/2024
-111.709863,33.08207725,Azule 1,TaskName 6/10/2024,Wheat (Durum),4316,6/10/2024,1,On,1293.9,35.51,2.251,2.295,3.419,17.48,89.56,14.44,14.9,6.96,6,894.15,5346.7,5346.7,89.11,89.11,10.03,6/10/2024
-111.7098519,33.08207717,Azule 1,TaskName 6/10/2024,Wheat (Durum),4317,6/10/2024,1,On,1293.9,36.01,2.001,2.348,3.432,17.33,89.93,15.25,14.55,6.939,6,872.88,5127.6,5127.6,85.46,85.46,10.21,6/10/2024
-111.7098406,33.082077,Azule 1,TaskName 6/10/2024,Wheat (Durum),4318,6/10/2024,1,On,1294,36.01,2.001,2.351,3.465,16.92,90.07,16.21,15.27,7.04,6,916.24,5331.3,5331.3,88.85,88.85,10.31,6/10/2024
-111.7098293,33.082077,Azule 1,TaskName 6/10/2024,Wheat (Durum),4319,6/10/2024,1,On,1294,36.01,2.001,2.347,3.462,17.3,89.92,16.39,16.28,7.14,6,976.72,5688.6,5688.6,94.81,94.81,10.3,6/10/2024
-111.7098181,33.08207704,Azule 1,TaskName 6/10/2024,Wheat (Durum),4320,6/10/2024,1,On,1294,36.01,2.001,2.35,3.425,17.9,89.77,15.67,16.29,7.24,6,977.46,5752.9,5752.9,95.88,95.88,10.19,6/10/2024
-111.709807,33.08207711,Azule 1,TaskName 6/10/2024,Wheat (Durum),4321,6/10/2024,1,On,1293.9,36.01,2.001,2.385,3.416,16.09,89.69,15.21,15.69,7.3,6,941.25,5555.8,5555.8,92.6,92.6,10.17,6/10/2024
-111.7097957,33.08207723,Azule 1,TaskName 6/10/2024,Wheat (Durum),4322,6/10/2024,1,On,1293.9,35.51,2.251,2.321,3.448,16.47,89.69,14.26,15.05,7.3,6,903.22,5354.7,5354.7,89.24,89.24,10.12,6/10/2024
-111.7097844,33.08207704,Azule 1,TaskName 6/10/2024,Wheat (Durum),4323,6/10/2024,1,On,1293.9,36.01,2.001,2.369,3.481,16.59,89.93,14.78,14.34,7.221,6,860.7,4984.5,4984.5,83.08,83.08,10.36,6/10/2024
-111.7097732,33.0820771,Azule 1,TaskName 6/10/2024,Wheat (Durum),4324,6/10/2024,1,On,1293.9,36.01,2.001,2.3,3.425,17.82,89.73,15.02,14.82,7.1,6,888.97,5232.1,5232.1,87.2,87.2,10.19,6/10/2024
-111.709762,33.08207741,Azule 1,TaskName 6/10/2024,Wheat (Durum),4325,6/10/2024,1,On,1293.8,35.51,2.251,2.352,3.435,17.24,89.4,15.49,15.03,7.1,6,901.68,5366,5366,89.43,89.43,10.08,6/10/2024
-111.7097509,33.08207731,Azule 1,TaskName 6/10/2024,Wheat (Durum),4326,6/10/2024,0.996,On,1293.8,35.51,2.251,2.363,3.429,17,89.74,15.39,15.44,7.1,6,926.56,5502.5,5502.5,91.71,91.71,10.1,6/10/2024
-111.7097398,33.08207713,Azule 1,TaskName 6/10/2024,Wheat (Durum),4327,6/10/2024,1.003,On,1293.8,35.51,2.251,2.253,3.393,17.85,89.97,16.08,15.49,7.1,6,929.47,5617.7,5617.7,93.63,93.63,9.927,6/10/2024
-111.7097285,33.08207696,Azule 1,TaskName 6/10/2024,Wheat (Durum),4328,6/10/2024,1,On,1293.9,36.01,2.001,2.356,3.462,16.7,90.26,15.28,15.99,7.1,6,959.58,5588.8,5588.8,93.15,93.15,10.3,6/10/2024
-111.7097172,33.08207682,Azule 1,TaskName 6/10/2024,Wheat (Durum),4329,6/10/2024,1,On,1293.9,36.01,2.001,2.352,3.488,14.27,90.24,14.09,15.24,7.139,6,914.21,5284.5,5284.5,88.07,88.07,10.38,6/10/2024
-111.709706,33.08207687,Azule 1,TaskName 6/10/2024,Wheat (Durum),4330,6/10/2024,1,On,1293.9,36.01,2.001,2.358,3.429,16.72,90.16,13.76,14.02,7.2,6,841.19,4946.1,4946.1,82.44,82.44,10.2,6/10/2024
-111.7096949,33.08207698,Azule 1,TaskName 6/10/2024,Wheat (Durum),4331,6/10/2024,1,On,1293.8,36.01,2.001,2.398,3.416,16.85,89.95,14.67,13.81,7.161,6,828.63,4891,4891,81.52,81.52,10.17,6/10/2024
-111.7096835,33.08207699,Azule 1,TaskName 6/10/2024,Wheat (Durum),4332,6/10/2024,1.001,On,1293.8,36.01,2.001,2.317,3.471,17.36,90.04,15.7,14.79,7.1,6,887.28,5158.2,5158.2,85.97,85.97,10.32,6/10/2024
-111.7096724,33.08207678,Azule 1,TaskName 6/10/2024,Wheat (Durum),4333,6/10/2024,1,On,1293.9,36.01,2.001,2.287,3.409,18.45,90.11,16.49,15.84,7.1,6,950.19,5619.3,5619.3,93.66,93.66,10.15,6/10/2024
-111.7096613,33.0820769,Azule 1,TaskName 6/10/2024,Wheat (Durum),4334,6/10/2024,1,On,1293.9,36.01,2.001,2.34,3.416,16.84,89.86,16.5,16.45,7.1,6,987.22,5827.1,5827.1,97.12,97.12,10.17,6/10/2024
-111.7096501,33.08207704,Azule 1,TaskName 6/10/2024,Wheat (Durum),4335,6/10/2024,0.999,On,1294,36.01,2.001,2.297,3.448,16.89,89.73,15.78,16.43,7.1,6,985.67,5756.8,5756.8,95.95,95.95,10.27,6/10/2024
-111.7096388,33.08207726,Azule 1,TaskName 6/10/2024,Wheat (Durum),4336,6/10/2024,1,On,1293.9,36.01,2.001,2.394,3.471,15.21,89.41,15.31,15.77,7.1,6,946.15,5494.9,5494.9,91.58,91.58,10.33,6/10/2024
-111.7096275,33.08207726,Azule 1,TaskName 6/10/2024,Wheat (Durum),4337,6/10/2024,1,On,1293.8,36.01,2.001,2.367,3.448,16.48,89.63,14.99,15.21,7.1,6,912.37,5334,5334,88.9,88.9,10.26,6/10/2024
-111.7096163,33.08207716,Azule 1,TaskName 6/10/2024,Wheat (Durum),4338,6/10/2024,1.001,On,1293.8,36.01,2.001,2.348,3.429,16.14,89.93,15.74,15.12,7.1,6,907.47,5341.2,5341.2,89.02,89.02,10.19,6/10/2024
-111.7096056,33.08207716,Azule 1,TaskName 6/10/2024,Wheat (Durum),4339,6/10/2024,0.999,On,1293.8,36.01,2.001,2.293,3.291,20.1,90.08,15.29,15.68,7.061,6,940.75,5757.4,5757.4,95.96,95.96,9.804,6/10/2024
-111.7095946,33.0820771,Azule 1,TaskName 6/10/2024,Wheat (Durum),4340,6/10/2024,1,On,1293.8,35.51,2.251,2.178,3.37,19.5,90.03,15.65,15.34,6.958,6,920.64,5585.5,5585.5,93.09,93.09,9.89,6/10/2024
-111.7095834,33.08207719,Azule 1,TaskName 6/10/2024,Wheat (Durum),4341,6/10/2024,1.001,On,1293.8,35.51,2.251,2.359,3.432,18.41,90.02,15.75,15.63,6.94,6,937.57,5590.5,5590.5,93.17,93.17,10.06,6/10/2024
-111.7095722,33.0820772,Azule 1,TaskName 6/10/2024,Wheat (Durum),4342,6/10/2024,0.999,On,1293.8,35.51,2.251,2.336,3.435,16.68,90.09,15.65,15.81,7,6,948.82,5640.9,5640.9,94.01,94.01,10.09,6/10/2024
-111.7095611,33.08207707,Azule 1,TaskName 6/10/2024,Wheat (Durum),4343,6/10/2024,1.001,On,1293.8,36.01,2.001,2.38,3.432,17.3,90.3,14.62,15.51,7.04,6,930.79,5473.2,5473.2,91.22,91.22,10.2,6/10/2024
-111.7095499,33.08207705,Azule 1,TaskName 6/10/2024,Wheat (Durum),4344,6/10/2024,0.999,On,1293.8,36.01,2.001,2.305,3.416,16.83,90.2,15.09,14.65,7.1,6,878.74,5181.6,5181.6,86.36,86.36,10.18,6/10/2024
-111.7095387,33.08207723,Azule 1,TaskName 6/10/2024,Wheat (Durum),4345,6/10/2024,1.001,On,1293.9,36.01,2.001,2.39,3.433,14.72,90.05,15.62,15.15,7.1,6,908.81,5343.2,5343.2,89.05,89.05,10.21,6/10/2024
-111.7095279,33.08207716,Azule 1,TaskName 6/10/2024,Wheat (Durum),4346,6/10/2024,1,On,1293.9,36.01,2.001,2.252,3.328,19.38,90.14,15.8,15.68,7.1,6,941.02,5700.1,5700.1,95,95,9.905,6/10/2024
-111.7095166,33.08207684,Azule 1,TaskName 6/10/2024,Wheat (Durum),4347,6/10/2024,1,On,1293.9,36.01,2.001,2.328,3.446,17.12,90.5,16.06,15.83,7.06,6,949.71,5555.6,5555.6,92.59,92.59,10.26,6/10/2024
-111.7095053,33.08207675,Azule 1,TaskName 6/10/2024,Wheat (Durum),4348,6/10/2024,0.995,On,1294,36.01,2.001,2.351,3.483,14.34,90.48,15.79,15.97,7.04,6,957.94,5518,5518,91.97,91.97,10.42,6/10/2024
-111.7094942,33.0820768,Azule 1,TaskName 6/10/2024,Wheat (Durum),4349,6/10/2024,1,On,1294,36.01,2.001,2.347,3.4,17.51,90.4,15.58,15.79,7.139,6,947.24,5616,5616,93.6,93.6,10.12,6/10/2024
-111.7094831,33.08207686,Azule 1,TaskName 6/10/2024,Wheat (Durum),4350,6/10/2024,1,On,1294.1,36.01,2.001,2.293,3.394,17.93,90.31,15.37,15.54,7.2,6,932.67,5540.3,5540.3,92.34,92.34,10.1,6/10/2024
-111.7094719,33.08207692,Azule 1,TaskName 6/10/2024,Wheat (Durum),4351,6/10/2024,1.005,On,1294.1,36.01,2.001,2.38,3.45,15.21,90.12,15.17,15.38,7.2,6,922.78,5419.9,5419.9,90.33,90.33,10.22,6/10/2024
-111.7094608,33.0820771,Azule 1,TaskName 6/10/2024,Wheat (Durum),4352,6/10/2024,0.995,On,1294,36.01,2.001,2.355,3.414,18.38,89.92,15.25,15.2,7.2,6,911.86,5358.5,5358.5,89.31,89.31,10.21,6/10/2024
-111.7094497,33.08207718,Azule 1,TaskName 6/10/2024,Wheat (Durum),4353,6/10/2024,0.999,On,1294,36.01,2.001,2.319,3.407,19.2,89.95,15.87,15.35,7.2,6,921.2,5445.7,5445.7,90.76,90.76,10.15,6/10/2024
-111.7094385,33.08207687,Azule 1,TaskName 6/10/2024,Wheat (Durum),4354,6/10/2024,1.001,On,1294,36.01,2.001,2.319,3.427,17.53,90.18,15.56,15.75,7.159,6,944.75,5563.9,5563.9,92.73,92.73,10.19,6/10/2024
-111.7094273,33.08207688,Azule 1,TaskName 6/10/2024,Wheat (Durum),4355,6/10/2024,0.999,On,1294,36.01,2.001,2.314,3.433,18.53,90.19,15.84,15.67,7.1,6,940.2,5515.5,5515.5,91.92,91.92,10.23,6/10/2024
-111.709416,33.0820769,Azule 1,TaskName 6/10/2024,Wheat (Durum),4356,6/10/2024,1.005,On,1294,36.01,2.001,2.362,3.469,16.21,90.07,15.41,15.73,7.061,6,943.72,5511.4,5511.4,91.86,91.86,10.27,6/10/2024
-111.7094048,33.08207695,Azule 1,TaskName 6/10/2024,Wheat (Durum),4357,6/10/2024,0.995,On,1294,36.01,2.001,2.325,3.453,16.01,89.94,15.7,15.45,6.96,6,927.08,5385.8,5385.8,89.76,89.76,10.33,6/10/2024
-111.7093936,33.08207716,Azule 1,TaskName 6/10/2024,Wheat (Durum),4358,6/10/2024,1.005,On,1294,35.51,2.251,2.385,3.443,17.42,89.8,15.55,15.69,6.9,6,941.35,5617.3,5617.3,93.62,93.62,10.05,6/10/2024
-111.7093824,33.08207706,Azule 1,TaskName 6/10/2024,Wheat (Durum),4359,6/10/2024,0.995,On,1293.9,36.01,2.001,2.303,3.423,18.41,89.97,15.17,15.53,6.9,6,931.71,5459.5,5459.5,90.99,90.99,10.24,6/10/2024
-111.7093712,33.08207708,Azule 1,TaskName 6/10/2024,Wheat (Durum),4360,6/10/2024,1.005,On,1293.9,36.01,2.001,2.331,3.437,17.2,89.78,15.28,15.2,6.9,6,912.02,5377.1,5377.1,89.62,89.62,10.18,6/10/2024
-111.7093601,33.08207721,Azule 1,TaskName 6/10/2024,Wheat (Durum),4361,6/10/2024,0.995,On,1294,35.51,2.251,2.292,3.427,16.42,89.84,15.93,15.38,6.941,6,922.67,5477.1,5477.1,91.29,91.29,10.11,6/10/2024
-111.709349,33.08207722,Azule 1,TaskName 6/10/2024,Wheat (Durum),4362,6/10/2024,1.001,On,1294,36.01,2.001,2.33,3.384,18.2,89.96,15.5,15.89,6.961,6,953.2,5684.4,5684.4,94.74,94.74,10.06,6/10/2024
-111.7093377,33.08207695,Azule 1,TaskName 6/10/2024,Wheat (Durum),4363,6/10/2024,1,On,1294,36.01,2.001,2.352,3.483,15.42,90.44,15.46,15.41,6.9,6,924.39,5351.5,5351.5,89.19,89.19,10.36,6/10/2024
-111.7093265,33.08207692,Azule 1,TaskName 6/10/2024,Wheat (Durum),4364,6/10/2024,1,On,1294,36.01,2.001,2.375,3.423,16.88,90.38,16.11,15.62,6.9,6,937.08,5518.5,5518.5,91.97,91.97,10.19,6/10/2024
-111.7093152,33.0820771,Azule 1,TaskName 6/10/2024,Wheat (Durum),4365,6/10/2024,1,On,1293.9,36.01,2.001,2.4,3.469,16.78,90.24,15.18,15.98,6.94,6,959.06,5573.2,5573.2,92.89,92.89,10.33,6/10/2024
-111.7093038,33.08207708,Azule 1,TaskName 6/10/2024,Wheat (Durum),4366,6/10/2024,1.005,On,1293.9,36.01,2.001,2.352,3.486,16.85,90.24,14.77,15.18,7.04,6,910.9,5294.7,5294.7,88.25,88.25,10.32,6/10/2024
-111.7092927,33.08207714,Azule 1,TaskName 6/10/2024,Wheat (Durum),4367,6/10/2024,0.995,On,1293.9,36.01,2.001,2.351,3.427,17.9,89.92,15.26,14.77,7.14,6,886.19,5187.8,5187.8,86.46,86.46,10.25,6/10/2024
-111.7092815,33.08207732,Azule 1,TaskName 6/10/2024,Wheat (Durum),4368,6/10/2024,0.999,On,1293.9,36.01,2.001,2.286,3.41,16.76,89.71,15.85,15.36,7.241,6,921.57,5442.6,5442.6,90.71,90.71,10.16,6/10/2024
-111.7092705,33.08207728,Azule 1,TaskName 6/10/2024,Wheat (Durum),4369,6/10/2024,1.005,On,1293.9,36.01,2.001,2.341,3.4,18.53,89.95,15.55,15.81,7.261,6,948.32,5650.6,5650.6,94.18,94.18,10.07,6/10/2024
-111.7092593,33.082077,Azule 1,TaskName 6/10/2024,Wheat (Durum),4370,6/10/2024,0.996,On,1293.9,36.01,2.001,2.323,3.446,16.29,90.18,15.6,15.6,7.16,6,935.78,5452.2,5452.2,90.87,90.87,10.3,6/10/2024
-111.7092481,33.08207716,Azule 1,TaskName 6/10/2024,Wheat (Durum),4371,6/10/2024,1,On,1293.9,35.51,2.251,2.327,3.417,15.8,90.04,15.42,15.52,7.06,6,931.41,5572.8,5572.8,92.88,92.88,10.03,6/10/2024
-111.7092369,33.08207718,Azule 1,TaskName 6/10/2024,Wheat (Durum),4372,6/10/2024,0.999,On,1293.9,35.51,2.251,2.371,3.44,15.61,90,15.49,15.41,6.961,6,924.44,5488.7,5488.7,91.48,91.48,10.11,6/10/2024
-111.7092258,33.08207708,Azule 1,TaskName 6/10/2024,Wheat (Durum),4373,6/10/2024,1.001,On,1293.9,36.01,2.001,2.288,3.41,16.9,90.14,14.69,15.39,6.9,6,923.13,5462.7,5462.7,91.05,91.05,10.14,6/10/2024
-111.7092146,33.08207695,Azule 1,TaskName 6/10/2024,Wheat (Durum),4374,6/10/2024,0.999,On,1293.9,36.01,2.001,2.371,3.433,16.5,90.38,15.32,14.8,6.9,6,887.78,5208,5208,86.8,86.8,10.23,6/10/2024
-111.7092034,33.08207682,Azule 1,TaskName 6/10/2024,Wheat (Durum),4375,6/10/2024,1.001,On,1293.9,36.01,2.001,2.386,3.434,16.57,90.38,15.8,15.37,6.9,6,922.49,5420.5,5420.5,90.34,90.34,10.21,6/10/2024
-111.7091923,33.08207679,Azule 1,TaskName 6/10/2024,Wheat (Durum),4376,6/10/2024,1,On,1293.9,36.01,2.001,2.308,3.399,17.05,90.48,15.08,15.77,6.9,6,946.44,5614.4,5614.4,93.57,93.57,10.11,6/10/2024
-111.7091812,33.0820767,Azule 1,TaskName 6/10/2024,Wheat (Durum),4377,6/10/2024,1,On,1293.9,36.01,2.001,2.265,3.402,17.44,90.33,14.19,14.95,6.9,6,897.23,5317.4,5317.4,88.62,88.62,10.12,6/10/2024
-111.70917,33.0820772,Azule 1,TaskName 6/10/2024,Wheat (Durum),4378,6/10/2024,1,On,1293.9,36.01,2.001,2.358,3.438,17.07,89.76,14.62,14.21,6.861,6,852.47,4999.1,4999.1,83.32,83.32,10.23,6/10/2024
-111.7091587,33.08207707,Azule 1,TaskName 6/10/2024,Wheat (Durum),4379,6/10/2024,1,On,1293.9,36.01,2.001,2.346,3.461,15.88,89.91,14.96,14.68,6.76,6,881.07,5132.5,5132.5,85.54,85.54,10.3,6/10/2024
-111.7091477,33.08207713,Azule 1,TaskName 6/10/2024,Wheat (Durum),4380,6/10/2024,1,On,1293.9,36.01,2.001,2.36,3.372,18.48,90.06,14.75,14.94,6.66,6,896.56,5359.9,5359.9,89.33,89.33,10.04,6/10/2024
-111.7091363,33.08207703,Azule 1,TaskName 6/10/2024,Wheat (Durum),4381,6/10/2024,1,On,1293.9,36.01,2.001,2.342,3.487,17.25,90.15,14.42,14.71,6.641,6,882.71,5103.4,5103.4,85.06,85.06,10.38,6/10/2024
-111.7091252,33.08207706,Azule 1,TaskName 6/10/2024,Wheat (Durum),4382,6/10/2024,1,On,1293.9,35.51,2.251,2.34,3.422,17.79,90.05,14.43,14.47,6.74,6,868,5186.4,5186.4,86.44,86.44,10.04,6/10/2024
-111.709114,33.08207704,Azule 1,TaskName 6/10/2024,Wheat (Durum),4383,6/10/2024,0.999,On,1293.9,35.51,2.251,2.303,3.431,17.42,90.14,14.66,14.37,6.84,6,862.45,5133.3,5133.3,85.55,85.55,10.08,6/10/2024
-111.7091028,33.08207705,Azule 1,TaskName 6/10/2024,Wheat (Durum),4384,6/10/2024,1.001,On,1293.9,36.01,2.001,2.326,3.412,17.66,90.09,15.16,14.72,6.9,6,883.47,5226,5226,87.1,87.1,10.14,6/10/2024
-111.7090916,33.0820769,Azule 1,TaskName 6/10/2024,Wheat (Durum),4385,6/10/2024,1,On,1294,36.01,2.001,2.321,3.441,15.95,90.37,14.65,15.23,6.9,6,913.78,5353.5,5353.5,89.23,89.23,10.24,6/10/2024
-111.7090804,33.08207704,Azule 1,TaskName 6/10/2024,Wheat (Durum),4386,6/10/2024,0.995,On,1294,36.01,2.001,2.332,3.435,15.29,90.15,13.59,14.5,6.86,6,869.98,5081.1,5081.1,84.69,84.69,10.27,6/10/2024
-111.7090693,33.08207707,Azule 1,TaskName 6/10/2024,Wheat (Durum),4387,6/10/2024,1.004,On,1294,36.01,2.001,2.343,3.408,18.12,90.16,13.19,13.56,6.76,6,813.51,4831.2,4831.2,80.52,80.52,10.1,6/10/2024
-111.709058,33.08207702,Azule 1,TaskName 6/10/2024,Wheat (Durum),4388,6/10/2024,1.001,On,1294,36.01,2.001,2.328,3.444,16.26,90.26,12.92,13.12,6.66,6,787.48,4613.8,4613.8,76.9,76.9,10.24,6/10/2024
-111.7090469,33.08207697,Azule 1,TaskName 6/10/2024,Wheat (Durum),4389,6/10/2024,1,On,1294.1,36.01,2.001,2.338,3.405,16.06,90.24,14.07,12.99,6.639,6,779.44,4614.9,4614.9,76.91,76.91,10.13,6/10/2024
-111.7090357,33.08207699,Azule 1,TaskName 6/10/2024,Wheat (Durum),4390,6/10/2024,0.999,On,1294,36.01,2.001,2.318,3.441,17.7,90.02,14.36,14.08,6.74,6,844.73,4944,4944,82.4,82.4,10.25,6/10/2024
-111.7090244,33.08207697,Azule 1,TaskName 6/10/2024,Wheat (Durum),4391,6/10/2024,1,On,1294,36.01,2.001,2.369,3.461,14.63,89.94,14.35,14.41,6.84,6,864.85,5038,5038,83.97,83.97,10.3,6/10/2024
-111.7090133,33.08207693,Azule 1,TaskName 6/10/2024,Wheat (Durum),4392,6/10/2024,1,On,1294,36.01,2.001,2.314,3.399,16.76,89.98,12.47,14.18,6.941,6,851.02,5048.4,5048.4,84.14,84.14,10.11,6/10/2024
-111.7090021,33.08207709,Azule 1,TaskName 6/10/2024,Wheat (Durum),4393,6/10/2024,1,On,1294,36.01,2.001,2.363,3.438,16.07,89.67,11.58,12.43,7,6,745.76,4373.3,4373.3,72.89,72.89,10.23,6/10/2024
-111.7089906,33.0820768,Azule 1,TaskName 6/10/2024,Wheat (Durum),4394,6/10/2024,0.996,On,1293.9,36.01,2.001,2.354,3.52,15.15,90.1,12.58,11.55,7,6,692.71,3951.7,3951.7,65.86,65.86,10.52,6/10/2024
-111.7089794,33.08207699,Azule 1,TaskName 6/10/2024,Wheat (Durum),4395,6/10/2024,0.999,On,1293.9,35.51,2.251,2.376,3.425,14.22,89.75,14.7,12.77,6.961,6,766.39,4570.3,4570.3,76.17,76.17,10.06,6/10/2024
-111.7089683,33.08207699,Azule 1,TaskName 6/10/2024,Wheat (Durum),4396,6/10/2024,1.005,On,1293.9,35.51,2.251,2.331,3.412,18.93,89.77,14.9,14.78,6.9,6,886.8,5340.6,5340.6,89.01,89.01,9.963,6/10/2024
-111.7089572,33.08207719,Azule 1,TaskName 6/10/2024,Wheat (Durum),4397,6/10/2024,0.995,On,1293.8,35.51,2.251,2.322,3.418,17.91,89.52,14.02,14.86,6.9,6,891.52,5305.4,5305.4,88.42,88.42,10.08,6/10/2024
-111.7089461,33.08207708,Azule 1,TaskName 6/10/2024,Wheat (Durum),4398,6/10/2024,1.001,On,1293.9,36.01,2.001,2.342,3.405,16.86,89.76,13.44,13.92,6.9,6,835.25,4950.2,4950.2,82.5,82.5,10.12,6/10/2024
-111.7089349,33.08207715,Azule 1,TaskName 6/10/2024,Wheat (Durum),4399,6/10/2024,1,On,1293.9,36.01,2.001,2.319,3.418,18.67,89.63,13.49,13.47,6.9,6,807.97,4765.4,4765.4,79.42,79.42,10.17,6/10/2024
-111.7089237,33.08207714,Azule 1,TaskName 6/10/2024,Wheat (Durum),4400,6/10/2024,1.004,On,1294,36.01,2.001,2.333,3.431,16.25,89.84,13.75,13.49,6.9,6,809.17,4773.3,4773.3,79.55,79.55,10.17,6/10/2024
-111.7089124,33.08207708,Azule 1,TaskName 6/10/2024,Wheat (Durum),4401,6/10/2024,0.995,On,1294,36.01,2.001,2.34,3.471,14.37,89.91,13.74,13.76,6.9,6,825.44,4770.9,4770.9,79.51,79.51,10.38,6/10/2024
-111.7089013,33.08207723,Azule 1,TaskName 6/10/2024,Wheat (Durum),4402,6/10/2024,1.001,On,1294,36.01,2.001,2.371,3.392,19.07,89.77,14.51,13.84,6.86,6,830.35,4940.3,4940.3,82.34,82.34,10.08,6/10/2024
-111.70889,33.08207724,Azule 1,TaskName 6/10/2024,Wheat (Durum),4403,6/10/2024,1,On,1294,36.01,2.001,2.301,3.458,16.04,89.78,14.81,14.5,6.8,6,869.91,5072.3,5072.3,84.54,84.54,10.29,6/10/2024
-111.7088788,33.0820771,Azule 1,TaskName 6/10/2024,Wheat (Durum),4404,6/10/2024,0.999,On,1294,36.01,2.001,2.35,3.435,15.19,90.08,14.82,14.87,6.8,6,892.35,5232.7,5232.7,87.21,87.21,10.23,6/10/2024
-111.7088677,33.0820769,Azule 1,TaskName 6/10/2024,Wheat (Durum),4405,6/10/2024,1.001,On,1294,36.01,2.001,2.248,3.403,17.1,90.17,14.24,14.77,6.841,6,885.96,5253.8,5253.8,87.56,87.56,10.12,6/10/2024
-111.7088565,33.08207699,Azule 1,TaskName 6/10/2024,Wheat (Durum),4406,6/10/2024,0.999,On,1294,36.01,2.001,2.359,3.453,13.27,89.98,14.16,14.24,6.9,6,854.5,4984.6,4984.6,83.08,83.08,10.29,6/10/2024
-111.7088455,33.08207714,Azule 1,TaskName 6/10/2024,Wheat (Durum),4407,6/10/2024,1,On,1294.1,35.51,2.251,2.289,3.367,18.97,89.84,12.3,13.97,6.9,6,838.49,5090.6,5090.6,84.84,84.84,9.883,6/10/2024
-111.7088342,33.0820772,Azule 1,TaskName 6/10/2024,Wheat (Durum),4408,6/10/2024,1.001,On,1294,35.51,2.251,2.367,3.453,14.57,89.88,11.5,12.18,6.9,6,730.65,4330.6,4330.6,72.18,72.18,10.12,6/10/2024
-111.7088229,33.08207731,Azule 1,TaskName 6/10/2024,Wheat (Durum),4409,6/10/2024,0.999,On,1294,35.51,2.251,2.404,3.446,18.31,89.94,12.91,11.47,6.9,6,688.45,4080.1,4080.1,68,68,10.12,6/10/2024
-111.7088117,33.08207724,Azule 1,TaskName 6/10/2024,Wheat (Durum),4410,6/10/2024,1,On,1294,36.01,2.001,2.355,3.446,15.73,90.02,15.79,13.35,6.9,6,800.94,4685.7,4685.7,78.1,78.1,10.26,6/10/2024
-111.7088006,33.08207715,Azule 1,TaskName 6/10/2024,Wheat (Durum),4411,6/10/2024,1,On,1293.9,36.01,2.001,2.353,3.381,18.17,90.12,16.13,15.83,6.9,6,949.7,5663.8,5663.8,94.4,94.4,10.06,6/10/2024
-111.7087891,33.08207711,Azule 1,TaskName 6/10/2024,Wheat (Durum),4412,6/10/2024,1.001,On,1293.9,35.51,2.251,2.352,3.522,14.34,90.21,15.25,16.07,6.9,6,964.49,5604.8,5604.8,93.41,93.41,10.33,6/10/2024
-111.708778,33.08207705,Azule 1,TaskName 6/10/2024,Wheat (Durum),4413,6/10/2024,0.999,On,1294,36.01,2.001,2.342,3.407,15.37,90.07,14.23,15.15,6.9,6,908.98,5373.8,5373.8,89.56,89.56,10.15,6/10/2024
-111.7087666,33.08207711,Azule 1,TaskName 6/10/2024,Wheat (Durum),4414,6/10/2024,1,On,1294,36.01,2.001,2.337,3.469,13.58,90.05,14.02,14.2,6.9,6,851.92,4951,4951,82.52,82.52,10.32,6/10/2024
-111.7087556,33.08207708,Azule 1,TaskName 6/10/2024,Wheat (Durum),4415,6/10/2024,1.001,On,1294,36.01,2.001,2.296,3.381,14.66,90.09,14.28,14.03,6.9,6,841.8,5025.3,5025.3,83.76,83.76,10.05,6/10/2024
-111.7087444,33.0820768,Azule 1,TaskName 6/10/2024,Wheat (Durum),4416,6/10/2024,0.995,On,1294,36.01,2.001,2.356,3.426,17.55,90.43,15.51,14.41,6.9,6,864.83,5063.1,5063.1,84.39,84.39,10.25,6/10/2024
-111.7087332,33.0820769,Azule 1,TaskName 6/10/2024,Wheat (Durum),4417,6/10/2024,1.004,On,1294,36.01,2.001,2.321,3.433,17.1,90.13,15.85,15.54,6.9,6,932.35,5497.2,5497.2,91.62,91.62,10.18,6/10/2024
-111.7087224,33.08207679,Azule 1,TaskName 6/10/2024,Wheat (Durum),4418,6/10/2024,1,On,1294,36.01,2.001,2.293,3.302,19.51,90.19,15.67,15.86,6.86,6,951.83,5811.9,5811.9,96.87,96.87,9.826,6/10/2024
-111.7087111,33.08207691,Azule 1,TaskName 6/10/2024,Wheat (Durum),4419,6/10/2024,0.995,On,1294,36.01,2.001,2.345,3.459,18.41,89.95,15.33,15.64,6.8,6,938.4,5441.7,5441.7,90.7,90.7,10.35,6/10/2024
-111.7086998,33.08207706,Azule 1,TaskName 6/10/2024,Wheat (Durum),4420,6/10/2024,1.005,On,1294,36.01,2.001,2.372,3.463,16.55,89.89,14.15,15.16,6.759,6,909.59,5322.7,5322.7,88.71,88.71,10.25,6/10/2024
-111.7086885,33.08207684,Azule 1,TaskName 6/10/2024,Wheat (Durum),4421,6/10/2024,1,On,1294,36.01,2.001,2.338,3.446,13.43,90.32,14.6,14.21,6.659,6,852.32,4986.3,4986.3,83.11,83.11,10.26,6/10/2024
-111.7086778,33.08207658,Azule 1,TaskName 6/10/2024,Wheat (Durum),4422,6/10/2024,1,On,1294.1,36.01,2.001,2.273,3.282,19.22,90.47,14.85,14.61,6.6,6,876.39,5383.4,5383.4,89.72,89.72,9.768,6/10/2024
-111.708667,33.08207687,Azule 1,TaskName 6/10/2024,Wheat (Durum),4423,6/10/2024,1,On,1294.1,35.51,2.251,2.172,3.295,19.55,89.9,15.03,14.89,6.6,6,893.46,5543.1,5543.1,92.39,92.39,9.671,6/10/2024
-111.7086564,33.08207732,Azule 1,TaskName 6/10/2024,Wheat (Durum),4424,6/10/2024,1,On,1294,35.51,2.251,2.318,3.253,15.98,89.57,14.95,15.02,6.6,6,901.28,5665,5665,94.42,94.42,9.546,6/10/2024
-111.7086462,33.08207743,Azule 1,TaskName 6/10/2024,Wheat (Durum),4425,6/10/2024,1,On,1294.1,35.51,2.251,2.138,3.121,18.94,89.61,15.06,15,6.64,6,899.93,5894.3,5894.3,98.24,98.24,9.161,6/10/2024
-111.7086359,33.08207723,Azule 1,TaskName 6/10/2024,Wheat (Durum),4426,6/10/2024,0.996,On,1294.1,36.01,2.001,2.177,3.161,17.07,89.92,14.56,14.98,6.7,6,898.8,5710.2,5710.2,95.17,95.17,9.444,6/10/2024
-111.7086253,33.08207713,Azule 1,TaskName 6/10/2024,Wheat (Durum),4427,6/10/2024,0.999,On,1294.1,36.01,2.001,2.212,3.236,13.1,90.09,14.98,14.62,6.7,6,877.29,5459.9,5459.9,91,91,9.641,6/10/2024
-111.7086152,33.08207711,Azule 1,TaskName 6/10/2024,Wheat (Durum),4428,6/10/2024,1,On,1294.1,36.01,2.001,2.096,3.098,14.72,90.28,14.8,14.95,6.7,6,897.04,5837,5837,97.28,97.28,9.221,6/10/2024
-111.7086051,33.08207699,Azule 1,TaskName 6/10/2024,Wheat (Durum),4429,6/10/2024,1.005,On,1294.1,36.01,2.001,2.12,3.085,18.84,90.33,14.81,14.82,6.7,6,889.32,5840.4,5840.4,97.34,97.34,9.136,6/10/2024
-111.7085947,33.0820769,Azule 1,TaskName 6/10/2024,Wheat (Durum),4430,6/10/2024,1,On,1294,36.01,2.001,2.166,3.187,15.75,90.44,14.96,14.84,6.7,6,890.68,5634.5,5634.5,93.91,93.91,9.485,6/10/2024
-111.7085845,33.08207696,Azule 1,TaskName 6/10/2024,Wheat (Durum),4431,6/10/2024,0.996,On,1294.1,36.01,2.001,2.152,3.111,18.06,90.23,15.18,14.94,6.7,6,896.27,5784.2,5784.2,96.4,96.4,9.297,6/10/2024
-111.7085741,33.08207704,Azule 1,TaskName 6/10/2024,Wheat (Durum),4432,6/10/2024,1.004,On,1294,36.01,2.001,2.106,3.187,16.25,90.05,15.08,15.23,6.7,6,913.83,5804.1,5804.1,96.73,96.73,9.447,6/10/2024
-111.7085639,33.08207713,Azule 1,TaskName 6/10/2024,Wheat (Durum),4433,6/10/2024,0.995,On,1294,36.01,2.001,2.189,3.105,14.98,89.91,14.77,15,6.661,6,900.07,5815.1,5815.1,96.92,96.92,9.287,6/10/2024
-111.7085536,33.082077,Azule 1,TaskName 6/10/2024,Wheat (Durum),4434,6/10/2024,1.001,On,1294,36.01,2.001,2.128,3.154,15.13,90.08,14.57,14.83,6.6,6,889.98,5694.3,5694.3,94.91,94.91,9.378,6/10/2024
-111.7085435,33.08207673,Azule 1,TaskName 6/10/2024,Wheat (Durum),4435,6/10/2024,0.999,On,1294,36.01,2.001,2.129,3.098,16.38,90.36,14.11,14.44,6.6,6,866.6,5634.4,5634.4,93.91,93.91,9.228,6/10/2024
-111.7085333,33.08207674,Azule 1,TaskName 6/10/2024,Wheat (Durum),4436,6/10/2024,0.997,On,1294,36.01,2.001,2.132,3.133,17.61,90.12,14.47,14.3,6.64,6,857.79,5503.4,5503.4,91.72,91.72,9.352,6/10/2024
-111.708523,33.08207697,Azule 1,TaskName 6/10/2024,Wheat (Durum),4437,6/10/2024,1.003,On,1294,36.01,2.001,2.119,3.126,16.24,89.84,14.11,14.35,6.74,6,861.26,5570.6,5570.6,92.84,92.84,9.276,6/10/2024
-111.7085126,33.08207711,Azule 1,TaskName 6/10/2024,Wheat (Durum),4438,6/10/2024,1,On,1294,35.51,2.251,2.189,3.199,14.78,89.62,14.6,14.13,6.8,6,848.08,5420.6,5420.6,90.34,90.34,9.387,6/10/2024
-111.7085025,33.08207719,Azule 1,TaskName 6/10/2024,Wheat (Durum),4439,6/10/2024,1,On,1294,35.51,2.251,2.109,3.084,15.77,89.61,15.07,14.61,6.841,6,876.38,5810.1,5810.1,96.83,96.83,9.05,6/10/2024
-111.7084922,33.08207712,Azule 1,TaskName 6/10/2024,Wheat (Durum),4440,6/10/2024,1,On,1294,36.01,2.001,2.163,3.143,16.76,89.79,14.78,15.17,6.9,6,910.47,5840.6,5840.6,97.34,97.34,9.353,6/10/2024
-111.708482,33.08207703,Azule 1,TaskName 6/10/2024,Wheat (Durum),4441,6/10/2024,0.996,On,1294,36.01,2.001,2.122,3.113,16.05,89.92,13.46,14.6,6.9,6,876.02,5650.3,5650.3,94.17,94.17,9.302,6/10/2024
-111.7084717,33.08207702,Azule 1,TaskName 6/10/2024,Wheat (Durum),4442,6/10/2024,1.005,On,1294,35.51,2.251,2.097,3.146,16.07,89.89,13.86,13.46,6.86,6,807.42,5273.1,5273.1,87.88,87.88,9.187,6/10/2024
-111.7084616,33.082077,Azule 1,TaskName 6/10/2024,Wheat (Durum),4443,6/10/2024,0.999,On,1294,36.01,2.001,2.146,3.12,16.03,90.03,14.63,13.94,6.761,6,836.47,5400.1,5400.1,90,90,9.294,6/10/2024
-111.7084511,33.08207727,Azule 1,TaskName 6/10/2024,Wheat (Durum),4444,6/10/2024,1.001,On,1294,35.51,2.251,2.187,3.182,16.98,89.63,14.56,14.62,6.74,6,877.28,5641.8,5641.8,94.03,94.03,9.33,6/10/2024
-111.708441,33.08207726,Azule 1,TaskName 6/10/2024,Wheat (Durum),4445,6/10/2024,0.999,On,1294,35.51,2.251,2.147,3.094,17.37,89.91,14.61,14.56,6.8,6,873.88,5769.3,5769.3,96.16,96.16,9.088,6/10/2024
-111.7084308,33.08207715,Azule 1,TaskName 6/10/2024,Wheat (Durum),4446,6/10/2024,1,On,1294,35.51,2.251,2.132,3.136,17.34,89.98,14.7,14.61,6.8,6,876.47,5713.5,5713.5,95.22,95.22,9.204,6/10/2024
-111.7084205,33.082077,Azule 1,TaskName 6/10/2024,Wheat (Durum),4447,6/10/2024,1,On,1294,36.01,2.001,2.116,3.149,16.09,90.26,14.86,14.71,6.8,6,882.6,5650.1,5650.1,94.17,94.17,9.373,6/10/2024
-111.7084102,33.08207697,Azule 1,TaskName 6/10/2024,Wheat (Durum),4448,6/10/2024,1,On,1294,36.01,2.001,2.149,3.133,14.94,90.29,14.97,14.87,6.839,6,892.35,5742.4,5742.4,95.71,95.71,9.324,6/10/2024
-111.7084001,33.08207705,Azule 1,TaskName 6/10/2024,Wheat (Durum),4449,6/10/2024,1,On,1294,36.01,2.001,2.09,3.08,15.88,90.23,15.24,14.98,6.94,6,899.03,5884,5884,98.07,98.07,9.168,6/10/2024
-111.7083897,33.08207706,Azule 1,TaskName 6/10/2024,Wheat (Durum),4450,6/10/2024,1,On,1294,36.01,2.001,2.208,3.182,14.71,90.23,15.57,15.28,7,6,916.88,5809,5809,96.82,96.82,9.47,6/10/2024
-111.7083796,33.08207714,Azule 1,TaskName 6/10/2024,Wheat (Durum),4451,6/10/2024,1,On,1294,36.01,2.001,2.157,3.107,15.7,90.1,15.35,15.59,7,6,935.63,6071.8,6071.8,101.2,101.2,9.246,6/10/2024
-111.7083693,33.08207713,Azule 1,TaskName 6/10/2024,Wheat (Durum),4452,6/10/2024,0.996,On,1293.9,36.01,2.001,2.133,3.143,16.49,90.21,14.92,15.32,7.039,6,919.17,5872.9,5872.9,97.88,97.88,9.391,6/10/2024
-111.7083591,33.08207696,Azule 1,TaskName 6/10/2024,Wheat (Durum),4453,6/10/2024,1.004,On,1293.9,36.01,2.001,2.128,3.136,16.63,90.33,15.06,14.91,7.141,6,894.72,5774.6,5774.6,96.24,96.24,9.296,6/10/2024
-111.7083489,33.08207698,Azule 1,TaskName 6/10/2024,Wheat (Durum),4454,6/10/2024,0.996,On,1294,36.01,2.001,2.122,3.113,15.32,90.24,14.88,14.99,7.24,6,899.44,5801.3,5801.3,96.69,96.69,9.302,6/10/2024
-111.7083386,33.08207694,Azule 1,TaskName 6/10/2024,Wheat (Durum),4455,6/10/2024,0.999,On,1294,36.01,2.001,2.128,3.13,15.78,90.34,16.13,15.02,7.34,6,901.11,5799,5799,96.65,96.65,9.323,6/10/2024
-111.7083284,33.0820769,Azule 1,TaskName 6/10/2024,Wheat (Durum),4456,6/10/2024,1.001,On,1294,36.01,2.001,2.139,3.117,16.27,90.3,16.15,16.15,7.4,6,969.13,6275.6,6275.6,104.59,104.59,9.266,6/10/2024
-111.7083183,33.08207685,Azule 1,TaskName 6/10/2024,Wheat (Durum),4457,6/10/2024,0.999,On,1294,36.01,2.001,2.106,3.1,16.61,90.37,15.43,16.1,7.36,6,965.91,6275.3,6275.3,104.59,104.59,9.235,6/10/2024
-111.7083079,33.082077,Azule 1,TaskName 6/10/2024,Wheat (Durum),4458,6/10/2024,1,On,1294.1,36.01,2.001,2.147,3.189,15.62,90.14,15.25,15.44,7.26,6,926.44,5857.5,5857.5,97.63,97.63,9.49,6/10/2024
-111.7082976,33.08207688,Azule 1,TaskName 6/10/2024,Wheat (Durum),4459,6/10/2024,1,On,1294,36.01,2.001,2.17,3.139,15.97,90.23,15.53,15.2,7.2,6,912.07,5857,5857,97.62,97.62,9.343,6/10/2024
-111.7082874,33.08207695,Azule 1,TaskName 6/10/2024,Wheat (Durum),4460,6/10/2024,1.005,On,1294,36.01,2.001,2.156,3.136,15.76,90.02,15.99,15.56,7.16,6,933.33,6029.8,6029.8,100.5,100.5,9.287,6/10/2024
-111.708277,33.08207694,Azule 1,TaskName 6/10/2024,Wheat (Durum),4461,6/10/2024,0.996,On,1293.9,36.01,2.001,2.172,3.169,14.79,89.95,16.97,16.19,7.06,6,971.54,6156,6156,102.6,102.6,9.469,6/10/2024
-111.7082668,33.08207694,Azule 1,TaskName 6/10/2024,Wheat (Durum),4462,6/10/2024,1,On,1293.9,36.01,2.001,2.171,3.107,18.67,89.88,16.53,16.94,7,6,1016.5,6596.9,6596.9,109.95,109.95,9.246,6/10/2024
-111.7082567,33.08207707,Azule 1,TaskName 6/10/2024,Wheat (Durum),4463,6/10/2024,1,On,1293.9,36.01,2.001,2.047,3.11,18.41,89.74,15.81,16.44,7,6,986.29,6393.8,6393.8,106.56,106.56,9.255,6/10/2024
-111.7082463,33.08207704,Azule 1,TaskName 6/10/2024,Wheat (Durum),4464,6/10/2024,0.995,On,1293.9,36.01,2.001,2.181,3.162,16.2,89.83,15.45,15.86,7,6,951.88,6037.9,6037.9,100.63,100.63,9.459,6/10/2024
-111.708236,33.08207703,Azule 1,TaskName 6/10/2024,Wheat (Durum),4465,6/10/2024,1.005,On,1294,36.01,2.001,2.115,3.171,15.32,89.82,14.75,15.28,7,6,917.07,5859.2,5859.2,97.65,97.65,9.391,6/10/2024
-111.7082257,33.08207713,Azule 1,TaskName 6/10/2024,Wheat (Durum),4466,6/10/2024,0.995,On,1294,36.01,2.001,2.172,3.124,15.35,89.67,15.07,14.76,6.961,6,885.42,5685.8,5685.8,94.76,94.76,9.343,6/10/2024
-111.7082157,33.08207716,Azule 1,TaskName 6/10/2024,Wheat (Durum),4467,6/10/2024,1.004,On,1293.9,36.01,2.001,2.159,3.081,17.85,89.79,16.12,15.13,6.9,6,908.09,5965.7,5965.7,99.43,99.43,9.133,6/10/2024
-111.7082059,33.08207704,Azule 1,TaskName 6/10/2024,Wheat (Durum),4468,6/10/2024,1,On,1293.9,36.01,2.001,2.022,2.97,17.84,90.04,16.98,16.26,6.94,6,975.52,6622.9,6622.9,110.38,110.38,8.838,6/10/2024
-111.7081965,33.08207694,Azule 1,TaskName 6/10/2024,Wheat (Durum),4469,6/10/2024,1.001,On,1294,36.01,2.001,1.991,2.878,15.61,90.25,16.44,16.91,7,6,1014.8,7116.6,7116.6,118.61,118.61,8.556,6/10/2024
-111.7081869,33.08207692,Azule 1,TaskName 6/10/2024,Wheat (Durum),4470,6/10/2024,0.999,On,1294,36.01,2.001,1.973,2.93,15.98,90.2,16.36,16.46,7,6,987.59,6788.1,6788.1,113.14,113.14,8.729,6/10/2024
-111.708177,33.08207704,Azule 1,TaskName 6/10/2024,Wheat (Durum),4471,6/10/2024,0.996,On,1294,36.01,2.001,2.045,3.029,14.38,89.96,15.59,16.22,7,6,973.04,6451.3,6451.3,107.52,107.52,9.05,6/10/2024
-111.7081668,33.08207734,Azule 1,TaskName 6/10/2024,Wheat (Durum),4472,6/10/2024,1.004,On,1294,35.51,2.251,2.162,3.134,15.04,89.57,15.71,15.65,7,6,938.9,6149.9,6149.9,102.5,102.5,9.16,6/10/2024
-111.7081568,33.08207739,Azule 1,TaskName 6/10/2024,Wheat (Durum),4473,6/10/2024,1.001,On,1293.9,35.51,2.251,2.112,3.052,15.4,89.96,16.12,15.73,7,6,943.91,6329.9,6329.9,105.5,105.5,8.947,6/10/2024
-111.7081469,33.08207719,Azule 1,TaskName 6/10/2024,Wheat (Durum),4474,6/10/2024,0.999,On,1293.9,36.01,2.001,2.075,3.029,17.58,90.46,16.48,16.19,7,6,971.57,6461,6461,107.68,107.68,9.023,6/10/2024
-111.7081369,33.08207705,Azule 1,TaskName 6/10/2024,Wheat (Durum),4475,6/10/2024,1.001,On,1293.9,36.01,2.001,2.057,3.029,16.03,90.51,16.2,16.44,7,6,986.53,6573.6,6573.6,109.56,109.56,9.004,6/10/2024
-111.7081268,33.08207712,Azule 1,TaskName 6/10/2024,Wheat (Durum),4476,6/10/2024,0.999,On,1294,36.01,2.001,2.072,3.091,17.92,90.37,16.08,16.2,7,6,972.24,6335,6335,105.58,105.58,9.208,6/10/2024
-111.7081166,33.08207708,Azule 1,TaskName 6/10/2024,Wheat (Durum),4477,6/10/2024,1.001,On,1294.1,35.51,2.251,2.124,3.107,15.05,90.43,16.01,16.03,7,6,961.76,6333.9,6333.9,105.56,105.56,9.111,6/10/2024
-111.7081065,33.08207718,Azule 1,TaskName 6/10/2024,Wheat (Durum),4478,6/10/2024,0.999,On,1294,35.51,2.251,2.107,3.091,16.83,90.27,16.7,16.1,7,6,966.22,6384.2,6384.2,106.4,106.4,9.081,6/10/2024
-111.7080965,33.08207718,Azule 1,TaskName 6/10/2024,Wheat (Durum),4479,6/10/2024,1.001,On,1293.9,36.01,2.001,2.184,3.075,16.07,90.48,16.63,16.73,6.961,6,1003.9,6589.1,6589.1,109.82,109.82,9.141,6/10/2024
-111.7080864,33.08207699,Azule 1,TaskName 6/10/2024,Wheat (Durum),4480,6/10/2024,0.999,On,1293.9,36.01,2.001,2.111,3.075,16.26,90.59,16.07,16.54,6.86,6,992.35,6500.6,6500.6,108.34,108.34,9.159,6/10/2024
-111.7080765,33.08207681,Azule 1,TaskName 6/10/2024,Wheat (Durum),4481,6/10/2024,1.001,On,1293.9,36.01,2.001,2.072,3.022,17.91,90.7,15.95,16.1,6.8,6,966.17,6451.9,6451.9,107.53,107.53,8.985,6/10/2024
-111.7080663,33.08207669,Azule 1,TaskName 6/10/2024,Wheat (Durum),4482,6/10/2024,1,On,1294,36.01,2.001,2.117,3.137,16.2,90.67,15.18,15.85,6.8,6,951.06,6112.4,6112.4,101.87,101.87,9.336,6/10/2024
-111.7080562,33.0820768,Azule 1,TaskName 6/10/2024,Wheat (Durum),4483,6/10/2024,1,On,1294,36.01,2.001,2.068,3.071,15.77,90.44,15.17,15.19,6.8,6,911.42,5982.8,5982.8,99.71,99.71,9.14,6/10/2024
-111.7080462,33.08207672,Azule 1,TaskName 6/10/2024,Wheat (Durum),4484,6/10/2024,1,On,1294,36.01,2.001,2.105,3.078,17.04,90.33,15.56,15.14,6.76,6,908.43,5950.4,5950.4,99.17,99.17,9.16,6/10/2024
-111.708036,33.08207677,Azule 1,TaskName 6/10/2024,Wheat (Durum),4485,6/10/2024,0.999,On,1294,36.01,2.001,2.127,3.098,14.8,90.24,16.23,15.72,6.74,6,943.07,6131.9,6131.9,102.2,102.2,9.228,6/10/2024
-111.708026,33.08207684,Azule 1,TaskName 6/10/2024,Wheat (Durum),4486,6/10/2024,0.996,On,1294,36.01,2.001,2.106,3.068,18.47,90.04,14.9,16.05,6.8,6,963.26,6304.5,6304.5,105.07,105.07,9.167,6/10/2024
-111.7080159,33.08207698,Azule 1,TaskName 6/10/2024,Wheat (Durum),4487,6/10/2024,1.005,On,1294,36.01,2.001,2.126,3.084,16.42,89.93,14.99,14.89,6.8,6,893.39,5868.7,5868.7,97.81,97.81,9.134,6/10/2024
-111.7080058,33.08207691,Azule 1,TaskName 6/10/2024,Wheat (Durum),4488,6/10/2024,0.994,On,1294,36.01,2.001,2.064,3.081,15.56,90.02,15.43,15.04,6.841,6,902.27,5868.4,5868.4,97.81,97.81,9.225,6/10/2024
-111.7079957,33.08207705,Azule 1,TaskName 6/10/2024,Wheat (Durum),4489,6/10/2024,1.006,On,1294,35.51,2.251,2.101,3.081,15.63,89.78,15.72,15.48,6.9,6,928.99,6201,6201,103.35,103.35,8.989,6/10/2024
-111.7079856,33.08207703,Azule 1,TaskName 6/10/2024,Wheat (Durum),4490,6/10/2024,0.999,On,1294,36.01,2.001,2.163,3.091,15.47,89.9,15.58,15.67,6.9,6,940.28,6126.8,6126.8,102.11,102.11,9.208,6/10/2024
-111.7079755,33.08207695,Azule 1,TaskName 6/10/2024,Wheat (Durum),4491,6/10/2024,1.001,On,1294,36.01,2.001,2.086,3.075,16.29,90.11,15.79,15.63,6.859,6,937.93,6156.4,6156.4,102.61,102.61,9.141,6/10/2024
-111.7079655,33.08207699,Azule 1,TaskName 6/10/2024,Wheat (Durum),4492,6/10/2024,0.999,On,1294,36.01,2.001,2.14,3.081,15.65,89.97,15.6,15.76,6.8,6,945.57,6180.9,6180.9,103.02,103.02,9.179,6/10/2024
-111.7079553,33.08207711,Azule 1,TaskName 6/10/2024,Wheat (Durum),4493,6/10/2024,1,On,1294,36.01,2.001,2.116,3.114,16.36,89.9,15.76,15.65,6.8,6,939.03,6079.6,6079.6,101.33,101.33,9.267,6/10/2024
-111.7079452,33.08207713,Azule 1,TaskName 6/10/2024,Wheat (Durum),4494,6/10/2024,0.996,On,1293.9,36.01,2.001,2.084,3.088,16.81,89.79,15.25,15.67,6.8,6,940.31,6115.1,6115.1,101.92,101.92,9.226,6/10/2024
-111.7079351,33.08207712,Azule 1,TaskName 6/10/2024,Wheat (Durum),4495,6/10/2024,1.004,On,1293.9,36.01,2.001,2.144,3.073,14.59,89.87,15.59,15.27,6.839,6,915.99,6033.6,6033.6,100.56,100.56,9.109,6/10/2024
-111.707925,33.08207717,Azule 1,TaskName 6/10/2024,Wheat (Durum),4496,6/10/2024,0.996,On,1293.9,36.01,2.001,2.069,3.11,17.85,89.9,15.83,15.67,6.9,6,940.32,6071.6,6071.6,101.19,101.19,9.292,6/10/2024
-111.707915,33.08207723,Azule 1,TaskName 6/10/2024,Wheat (Durum),4497,6/10/2024,1.005,On,1293.9,36.01,2.001,2.125,3.077,15.86,89.86,15.21,15.77,6.9,6,946.11,6229.9,6229.9,103.83,103.83,9.112,6/10/2024
-111.7079048,33.08207709,Azule 1,TaskName 6/10/2024,Wheat (Durum),4498,6/10/2024,1,On,1293.9,36.01,2.001,2.102,3.113,16.77,90.12,15.39,15.28,6.9,6,916.94,5938.1,5938.1,98.97,98.97,9.265,6/10/2024
-111.7078946,33.08207693,Azule 1,TaskName 6/10/2024,Wheat (Durum),4499,6/10/2024,0.999,On,1293.9,36.01,2.001,2.144,3.13,13.9,90.22,16.15,15.43,6.861,6,925.72,5957.6,5957.6,99.29,99.29,9.323,6/10/2024
-111.7078845,33.08207702,Azule 1,TaskName 6/10/2024,Wheat (Durum),4500,6/10/2024,0.996,On,1293.8,36.01,2.001,2.126,3.116,16.1,90.13,16.81,16.26,6.8,6,975.82,6287.5,6287.5,104.79,104.79,9.312,6/10/2024
-111.7078745,33.08207694,Azule 1,TaskName 6/10/2024,Wheat (Durum),4501,6/10/2024,1.004,On,1293.8,36.01,2.001,2.085,3.057,17.2,90.19,16.4,16.63,6.8,6,998.07,6607.7,6607.7,110.13,110.13,9.063,6/10/2024
-111.7078645,33.08207687,Azule 1,TaskName 6/10/2024,Wheat (Durum),4502,6/10/2024,1,On,1293.8,36.01,2.001,2.116,3.084,16.27,90.24,16.78,16.49,6.8,6,989.29,6468,6468,107.8,107.8,9.177,6/10/2024
-111.7078544,33.08207679,Azule 1,TaskName 6/10/2024,Wheat (Durum),4503,6/10/2024,0.996,On,1293.8,36.01,2.001,2.098,3.093,17.07,90.18,15.35,16.67,6.8,6,1000.5,6494.2,6494.2,108.24,108.24,9.243,6/10/2024
-111.7078445,33.08207695,Azule 1,TaskName 6/10/2024,Wheat (Durum),4504,6/10/2024,1,On,1293.9,36.01,2.001,2.087,3.041,15.65,89.95,14.75,15.27,6.8,6,916.21,6074.2,6074.2,101.24,101.24,9.05,6/10/2024
-111.7078353,33.08207704,Azule 1,TaskName 6/10/2024,Wheat (Durum),4505,6/10/2024,0.999,On,1293.9,36.01,2.001,1.94,2.828,17.03,89.78,15,14.88,6.8,6,892.87,6359.5,6359.5,105.99,105.99,8.424,6/10/2024
-111.707826,33.08207709,Azule 1,TaskName 6/10/2024,Wheat (Durum),4506,6/10/2024,0.996,On,1293.9,36.01,2.001,1.959,2.857,16.27,89.64,14.85,14.96,6.8,6,897.4,6306.8,6306.8,105.11,105.11,8.538,6/10/2024
-111.7078165,33.08207706,Azule 1,TaskName 6/10/2024,Wheat (Durum),4507,6/10/2024,1,On,1294,36.01,2.001,1.93,2.903,16.12,89.73,15.2,14.9,6.8,6,894.05,6208.6,6208.6,103.48,103.48,8.64,6/10/2024
-111.7078072,33.08207703,Azule 1,TaskName 6/10/2024,Wheat (Durum),4508,6/10/2024,1.004,On,1294.1,36.01,2.001,1.966,2.864,16.75,89.81,13.98,15.16,6.8,6,909.53,6428.5,6428.5,107.14,107.14,8.489,6/10/2024
-111.7077981,33.08207701,Azule 1,TaskName 6/10/2024,Wheat (Durum),4509,6/10/2024,1.001,On,1294,36.01,2.001,1.86,2.785,14.31,89.8,11.55,13.68,6.8,6,821.05,5949.4,5949.4,99.16,99.16,8.28,6/10/2024
-111.7077888,33.08207705,Azule 1,TaskName 6/10/2024,Wheat (Durum),4510,6/10/2024,1,On,1294,36.01,2.001,1.941,2.854,15.18,89.74,9.496,11.43,6.8,6,685.6,4843.2,4843.2,80.72,80.72,8.494,6/10/2024
-111.7077797,33.08207726,Azule 1,TaskName 6/10/2024,Wheat (Durum),4511,6/10/2024,0.999,On,1294.1,35.51,2.251,1.906,2.782,15.28,89.49,6.599,9.198,6.8,6,551.89,4051.9,4051.9,67.53,67.53,8.172,6/10/2024
-111.7077669,33.08192012,Azule 1,TaskName 6/10/2024,Wheat (Durum),4515,6/10/2024,1,On,1294,25.02,7.51,0.961,1.386,8.365,262.96,5.942,4.71,7.1,1,282.61,5918.8,5918.8,98.65,98.65,2.865,6/10/2024
-111.7077715,33.08191989,Azule 1,TaskName 6/10/2024,Wheat (Durum),4516,6/10/2024,1.005,On,1294,24.52,7.761,0.987,1.412,8.466,263.16,6.112,6.019,7.1,1,361.12,7612.2,7612.2,126.87,126.87,2.846,6/10/2024
-111.7077763,33.0819199,Azule 1,TaskName 6/10/2024,Wheat (Durum),4517,6/10/2024,0.995,On,1293.9,24.52,7.761,1.048,1.471,9.356,263.79,6.101,6.078,7.16,1,364.67,7305,7305,121.75,121.75,2.995,6/10/2024
-111.7077813,33.08191988,Azule 1,TaskName 6/10/2024,Wheat (Durum),4518,6/10/2024,1.001,On,1293.9,24.02,8.012,1.006,1.543,8.54,264.4,6.129,6.14,7.2,1,368.42,7225.2,7225.2,120.42,120.42,3.059,6/10/2024
-111.7077872,33.08191991,Azule 1,TaskName 6/10/2024,Wheat (Durum),4519,6/10/2024,1,On,1293.9,24.02,8.012,1.143,1.796,8.542,265.16,6.824,6.131,7.2,1,367.87,6193.3,6193.3,103.22,103.22,3.564,6/10/2024
-111.7077943,33.08192013,Azule 1,TaskName 6/10/2024,Wheat (Durum),4520,6/10/2024,1,On,1293.9,24.52,7.761,1.386,2.157,8.955,266.11,7.465,6.933,7.2,1,415.97,5711.7,5711.7,95.19,95.19,4.37,6/10/2024
-111.7078014,33.08192041,Azule 1,TaskName 6/10/2024,Wheat (Durum),4521,6/10/2024,1,On,1293.9,24.52,7.761,1.427,2.189,8.946,267.1,8.605,7.491,7.2,1,449.46,6079.1,6079.1,101.32,101.32,4.436,6/10/2024
-111.7078085,33.08192062,Azule 1,TaskName 6/10/2024,Wheat (Durum),4522,6/10/2024,0.999,On,1293.9,24.52,7.761,1.505,2.16,10.96,267.86,10.19,8.767,7.2,1,525.99,7204.2,7204.2,120.07,120.07,4.381,6/10/2024
-111.7078161,33.08192095,Azule 1,TaskName 6/10/2024,Wheat (Durum),4523,6/10/2024,1,On,1293.9,25.02,7.51,1.514,2.321,10.01,268.62,10.41,10.37,6.954,1,622.28,7781.3,7781.3,129.69,129.69,4.798,6/10/2024
-111.7078238,33.08192123,Azule 1,TaskName 6/10/2024,Wheat (Durum),4524,6/10/2024,1.001,On,1293.9,25.02,7.51,1.608,2.386,9.66,269.12,10.34,10.32,6.68,1,619.09,7536,7536,125.6,125.6,4.929,6/10/2024
-111.7078317,33.08192156,Azule 1,TaskName 6/10/2024,Wheat (Durum),4525,6/10/2024,0.999,On,1293.9,25.02,7.51,1.619,2.419,10.2,269.69,9.904,10.44,6.6,1,626.21,7504.3,7504.3,125.07,125.07,5.007,6/10/2024
-111.7078396,33.08192181,Azule 1,TaskName 6/10/2024,Wheat (Durum),4526,6/10/2024,1.001,On,1293.9,25.02,7.51,1.628,2.416,10.4,270.05,9.606,9.742,6.6,1,584.5,7028,7028,117.13,117.13,4.99,6/10/2024
-111.7078477,33.08192198,Azule 1,TaskName 6/10/2024,Wheat (Durum),4527,6/10/2024,0.999,On,1293.9,24.52,7.761,1.696,2.494,11.41,270.27,9.341,9.695,6.6,1,581.69,6898.3,6898.3,114.97,114.97,5.059,6/10/2024
-111.7078565,33.08192206,Azule 1,TaskName 6/10/2024,Wheat (Durum),4528,6/10/2024,1,On,1293.8,24.02,8.012,1.799,2.695,11.97,270.39,9.084,9.177,6.6,1,550.63,6177.5,6177.5,102.96,102.96,5.348,6/10/2024
-111.7078654,33.08192214,Azule 1,TaskName 6/10/2024,Wheat (Durum),4529,6/10/2024,1,On,1293.9,24.02,8.012,1.844,2.721,11.86,270.36,9.6,9.173,6.6,1,550.41,6115.4,6115.4,101.92,101.92,5.4,6/10/2024
-111.7078746,33.08192226,Azule 1,TaskName 6/10/2024,Wheat (Durum),4530,6/10/2024,0.996,On,1293.9,24.02,8.012,1.833,2.823,12.35,270.41,10.37,9.595,6.66,1,575.68,6141.1,6141.1,102.35,102.35,5.625,6/10/2024
-111.7078838,33.08192225,Azule 1,TaskName 6/10/2024,Wheat (Durum),4531,6/10/2024,1.005,On,1293.9,24.02,8.012,1.91,2.809,11.41,270.48,10.71,10.53,6.7,1,632.05,6835.1,6835.1,113.92,113.92,5.548,6/10/2024
-111.7078927,33.08192234,Azule 1,TaskName 6/10/2024,Wheat (Durum),4532,6/10/2024,1,On,1294,24.02,8.012,1.831,2.741,11.28,270.36,10.55,10.62,6.7,1,637.01,7026.8,7026.8,117.11,117.11,5.439,6/10/2024
-111.7079018,33.08192217,Azule 1,TaskName 6/10/2024,Wheat (Durum),4533,6/10/2024,0.999,On,1294.1,24.02,8.012,1.921,2.79,12.07,270.09,10.56,10.58,6.76,1,635.09,6875.1,6875.1,114.58,114.58,5.542,6/10/2024
-111.7079112,33.08192194,Azule 1,TaskName 6/10/2024,Wheat (Durum),4534,6/10/2024,1,On,1294,24.02,8.012,1.999,2.891,13.68,269.75,10.91,10.53,6.8,1,631.95,6607.1,6607.1,110.12,110.12,5.739,6/10/2024
-111.707921,33.08192165,Azule 1,TaskName 6/10/2024,Wheat (Durum),4535,6/10/2024,1,On,1294,24.52,7.761,1.993,3,12.02,269.35,11.53,11,6.8,1,660.24,6517.6,6517.6,108.63,108.63,6.078,6/10/2024
-111.7079311,33.08192156,Azule 1,TaskName 6/10/2024,Wheat (Durum),4536,6/10/2024,1,On,1293.9,24.52,7.761,2.085,3.088,12.82,269.4,11.54,11.57,6.8,1,694.24,6656.6,6656.6,110.94,110.94,6.258,6/10/2024
-111.7079415,33.08192158,Azule 1,TaskName 6/10/2024,Wheat (Durum),4537,6/10/2024,1,On,1293.9,24.52,7.761,2.208,3.183,12.01,269.56,11.21,11.52,6.859,1,691.14,6428.8,6428.8,107.15,107.15,6.45,6/10/2024
-111.7079518,33.08192156,Azule 1,TaskName 6/10/2024,Wheat (Durum),4538,6/10/2024,1,On,1293.9,24.52,7.761,2.145,3.17,13.48,269.63,11.06,11.15,6.9,1,669.04,6249,6249,104.15,104.15,6.424,6/10/2024
-111.707962,33.08192161,Azule 1,TaskName 6/10/2024,Wheat (Durum),4539,6/10/2024,1,On,1294,24.52,7.761,2.116,3.111,11.72,269.74,11.65,11.08,6.9,1,664.93,6328.5,6328.5,105.48,105.48,6.304,6/10/2024
-111.7079728,33.08192166,Azule 1,TaskName 6/10/2024,Wheat (Durum),4540,6/10/2024,1,On,1294,24.52,7.761,2.171,3.315,12.21,269.81,12.94,11.75,6.961,1,704.92,6297.4,6297.4,104.96,104.96,6.716,6/10/2024
-111.7079838,33.08192164,Azule 1,TaskName 6/10/2024,Wheat (Durum),4541,6/10/2024,1,On,1294,24.52,7.761,2.309,3.37,12.63,269.92,13.22,13.06,7.059,1,783.89,6887,6887,114.78,114.78,6.829,6/10/2024
-111.7079951,33.08192177,Azule 1,TaskName 6/10/2024,Wheat (Durum),4542,6/10/2024,1,On,1294,24.52,7.761,2.325,3.469,13.44,270.07,12.16,13.06,7.16,1,783.65,6689.5,6689.5,111.49,111.49,7.029,6/10/2024
-111.7080064,33.08192166,Azule 1,TaskName 6/10/2024,Wheat (Durum),4543,6/10/2024,1,On,1294,24.52,7.761,2.368,3.466,13.38,269.89,11.75,12.09,7.26,1,725.35,6197.7,6197.7,103.29,103.29,7.022,6/10/2024
-111.7080177,33.08192167,Azule 1,TaskName 6/10/2024,Wheat (Durum),4544,6/10/2024,1,On,1294,24.02,8.012,2.351,3.471,12.11,270,12.05,11.82,7.36,1,709.31,6177.5,6177.5,102.96,102.96,6.889,6/10/2024
-111.7080292,33.08192179,Azule 1,TaskName 6/10/2024,Wheat (Durum),4545,6/10/2024,1,On,1294,24.02,8.012,2.375,3.504,12.85,270.04,12.24,12,7.4,1,720.28,6213.6,6213.6,103.56,103.56,6.955,6/10/2024
-111.7080408,33.08192181,Azule 1,TaskName 6/10/2024,Wheat (Durum),4546,6/10/2024,1,On,1294,24.52,7.761,2.438,3.557,14.45,269.98,11.98,12.27,7.34,1,735.91,6126.7,6126.7,102.11,102.11,7.207,6/10/2024
-111.7080525,33.08192172,Azule 1,TaskName 6/10/2024,Wheat (Durum),4547,6/10/2024,1,On,1293.9,24.52,7.761,2.461,3.58,15.16,269.85,11.75,11.98,7.24,1,718.83,5946.1,5946.1,99.1,99.1,7.253,6/10/2024
-111.7080643,33.08192185,Azule 1,TaskName 6/10/2024,Wheat (Durum),4548,6/10/2024,1.001,On,1294,24.52,7.761,2.448,3.599,13.98,270.12,10.91,11.76,7.139,1,705.61,5810.7,5810.7,96.84,96.84,7.286,6/10/2024
-111.7080757,33.08192201,Azule 1,TaskName 6/10/2024,Wheat (Durum),4549,6/10/2024,0.999,On,1294.1,24.52,7.761,2.405,3.511,13.15,270.23,10.78,10.79,7.1,1,647.26,5453.7,5453.7,90.9,90.9,7.121,6/10/2024
-111.7080875,33.08192206,Azule 1,TaskName 6/10/2024,Wheat (Durum),4550,6/10/2024,1,On,1294,24.52,7.761,2.405,3.616,13.02,270.29,11.38,10.91,7.1,1,654.54,5360.2,5360.2,89.34,89.34,7.327,6/10/2024
-111.7080992,33.08192188,Azule 1,TaskName 6/10/2024,Wheat (Durum),4551,6/10/2024,1,On,1294,24.52,7.761,2.442,3.56,13.21,270.03,12.45,11.37,7.1,1,682.27,5674.9,5674.9,94.58,94.58,7.214,6/10/2024
-111.7081106,33.08192187,Azule 1,TaskName 6/10/2024,Wheat (Durum),4552,6/10/2024,0.995,On,1294,24.52,7.761,2.475,3.504,14.62,269.99,13.21,12.64,7.1,1,758.47,6377,6377,106.28,106.28,7.136,6/10/2024
-111.7081224,33.0819218,Azule 1,TaskName 6/10/2024,Wheat (Durum),4553,6/10/2024,1,On,1294,24.52,7.761,2.443,3.596,12.62,269.92,13.12,13.15,7.1,1,789.1,6497.6,6497.6,108.29,108.29,7.287,6/10/2024
-111.7081341,33.08192172,Azule 1,TaskName 6/10/2024,Wheat (Durum),4554,6/10/2024,1.001,On,1294,24.52,7.761,2.414,3.59,13.25,269.93,12.81,13.17,7.039,1,789.94,6522.9,6522.9,108.72,108.72,7.266,6/10/2024
-111.7081458,33.08192186,Azule 1,TaskName 6/10/2024,Wheat (Durum),4555,6/10/2024,1,On,1294,24.52,7.761,2.43,3.573,11.61,270.12,12.39,12.72,6.94,1,763.19,6324.7,6324.7,105.41,105.41,7.24,6/10/2024
-111.7081574,33.08192189,Azule 1,TaskName 6/10/2024,Wheat (Durum),4556,6/10/2024,0.999,On,1294,24.52,7.761,2.418,3.534,13.26,270.12,11.83,12.39,6.9,1,743.64,6225.1,6225.1,103.75,103.75,7.168,6/10/2024
-111.708169,33.08192202,Azule 1,TaskName 6/10/2024,Wheat (Durum),4557,6/10/2024,1,On,1293.9,24.52,7.761,2.462,3.557,14.95,270.36,11.65,11.8,6.841,1,708.1,5895.2,5895.2,98.25,98.25,7.207,6/10/2024
-111.7081806,33.08192197,Azule 1,TaskName 6/10/2024,Wheat (Durum),4558,6/10/2024,0.996,On,1293.9,24.52,7.761,2.423,3.55,14.63,270.16,12.18,11.65,6.8,1,698.83,5805.5,5805.5,96.76,96.76,7.223,6/10/2024
-111.708192,33.08192192,Azule 1,TaskName 6/10/2024,Wheat (Durum),4559,6/10/2024,1.004,On,1294,24.52,7.761,2.424,3.508,13.86,270.05,12.45,12.22,6.8,1,732.99,6212.8,6212.8,103.55,103.55,7.079,6/10/2024
-111.7082038,33.08192177,Azule 1,TaskName 6/10/2024,Wheat (Durum),4560,6/10/2024,0.996,On,1294,24.52,7.761,2.382,3.613,13.53,269.88,12.09,12.46,6.861,1,747.89,6105.7,6105.7,101.76,101.76,7.349,6/10/2024
-111.7082155,33.08192185,Azule 1,TaskName 6/10/2024,Wheat (Durum),4561,6/10/2024,1.004,On,1294,24.52,7.761,2.418,3.57,13.01,270.05,12.61,12.09,6.9,1,725.25,6039.8,6039.8,100.66,100.66,7.205,6/10/2024
-111.7082271,33.08192192,Azule 1,TaskName 6/10/2024,Wheat (Durum),4562,6/10/2024,0.996,On,1294.1,24.52,7.761,2.397,3.56,13.14,270.08,13.59,12.77,6.9,1,766.36,6348.9,6348.9,105.81,105.81,7.243,6/10/2024
-111.7082387,33.08192199,Azule 1,TaskName 6/10/2024,Wheat (Durum),4563,6/10/2024,1.004,On,1294.1,24.52,7.761,2.445,3.531,12.68,270.13,13.38,13.54,6.841,1,812.33,6840.4,6840.4,114.01,114.01,7.125,6/10/2024
-111.7082503,33.08192195,Azule 1,TaskName 6/10/2024,Wheat (Durum),4564,6/10/2024,0.996,On,1294.1,24.52,7.761,2.444,3.557,14.22,270.09,12.75,13.33,6.86,1,799.86,6632.5,6632.5,110.54,110.54,7.236,6/10/2024
-111.7082621,33.0819219,Azule 1,TaskName 6/10/2024,Wheat (Durum),4565,6/10/2024,1,On,1294,24.52,7.761,2.45,3.599,12.85,270.09,12.06,12.76,6.96,1,765.48,6297.3,6297.3,104.96,104.96,7.293,6/10/2024
-111.7082737,33.08192185,Azule 1,TaskName 6/10/2024,Wheat (Durum),4566,6/10/2024,1.005,On,1294,24.52,7.761,2.46,3.553,14.59,269.98,11.83,11.91,7.059,1,714.39,5982.8,5982.8,99.71,99.71,7.164,6/10/2024
-111.7082855,33.08192165,Azule 1,TaskName 6/10/2024,Wheat (Durum),4567,6/10/2024,0.994,On,1294,24.52,7.761,2.444,3.619,14.01,269.66,11.85,11.98,7.16,1,718.74,5845.4,5845.4,97.42,97.42,7.377,6/10/2024
-111.7082971,33.0819217,Azule 1,TaskName 6/10/2024,Wheat (Durum),4568,6/10/2024,1.005,On,1294,24.02,8.012,2.419,3.534,14.52,269.91,11.78,11.69,7.261,1,701.24,6028.8,6028.8,100.48,100.48,6.979,6/10/2024
-111.7083087,33.08192172,Azule 1,TaskName 6/10/2024,Wheat (Durum),4569,6/10/2024,0.995,On,1294,24.52,7.761,2.404,3.544,13.33,270.03,11.76,11.94,7.24,1,716.37,5956.1,5956.1,99.27,99.27,7.216,6/10/2024
-111.7083202,33.08192175,Azule 1,TaskName 6/10/2024,Wheat (Durum),4570,6/10/2024,1.005,On,1294,24.52,7.761,2.43,3.54,13.24,270.04,11.86,11.66,7.2,1,699.54,5880.1,5880.1,98,98,7.138,6/10/2024
-111.7083319,33.08192176,Azule 1,TaskName 6/10/2024,Wheat (Durum),4571,6/10/2024,0.995,On,1294,24.52,7.761,2.397,3.56,14.38,270.05,11.43,11.91,7.2,1,714.47,5913,5913,98.55,98.55,7.25,6/10/2024
-111.7083435,33.08192183,Azule 1,TaskName 6/10/2024,Wheat (Durum),4572,6/10/2024,1,On,1294,24.52,7.761,2.447,3.57,12.42,270.12,11.24,11.36,7.141,1,681.54,5653.2,5653.2,94.22,94.22,7.234,6/10/2024
-111.7083551,33.08192196,Azule 1,TaskName 6/10/2024,Wheat (Durum),4573,6/10/2024,1.005,On,1293.9,24.52,7.761,2.42,3.537,13.7,270.29,11.68,11.33,7.1,1,679.95,5720.8,5720.8,95.35,95.35,7.131,6/10/2024
-111.7083666,33.08192209,Azule 1,TaskName 6/10/2024,Wheat (Durum),4574,6/10/2024,0.996,On,1293.9,24.52,7.761,2.455,3.535,13.26,270.33,12.17,11.61,7.1,1,696.86,5814.1,5814.1,96.9,96.9,7.191,6/10/2024
-111.7083784,33.08192211,Azule 1,TaskName 6/10/2024,Wheat (Durum),4575,6/10/2024,1.004,On,1293.9,24.52,7.761,2.408,3.599,14.11,270.17,12.48,12.36,7.1,1,741.73,6127,6127,102.12,102.12,7.264,6/10/2024
-111.70839,33.08192203,Azule 1,TaskName 6/10/2024,Wheat (Durum),4576,6/10/2024,1,On,1293.9,24.52,7.761,2.435,3.56,13.15,270.02,12.16,12.41,7.1,1,744.67,6194.5,6194.5,103.24,103.24,7.213,6/10/2024
-111.7084017,33.08192193,Azule 1,TaskName 6/10/2024,Wheat (Durum),4577,6/10/2024,0.995,On,1294,24.52,7.761,2.437,3.593,12.93,269.9,12.39,12.18,7.1,1,730.65,5992.3,5992.3,99.87,99.87,7.316,6/10/2024
-111.7084134,33.0819219,Azule 1,TaskName 6/10/2024,Wheat (Durum),4578,6/10/2024,1.005,On,1293.9,24.52,7.761,2.43,3.609,15.59,269.9,12.4,12.34,6.978,1,740.32,6104.7,6104.7,101.75,101.75,7.276,6/10/2024
-111.7084249,33.08192177,Azule 1,TaskName 6/10/2024,Wheat (Durum),4579,6/10/2024,1,On,1293.9,24.52,7.761,2.429,3.543,13.1,269.88,12.04,12.47,6.96,1,748.12,6252.1,6252.1,104.2,104.2,7.18,6/10/2024
-111.7084367,33.08192177,Azule 1,TaskName 6/10/2024,Wheat (Durum),4580,6/10/2024,1,On,1293.9,24.52,7.761,2.453,3.615,11.52,269.98,11.59,11.89,7,1,713.37,5842.6,5842.6,97.38,97.38,7.326,6/10/2024
-111.7084483,33.08192178,Azule 1,TaskName 6/10/2024,Wheat (Durum),4581,6/10/2024,1,On,1293.9,24.52,7.761,2.406,3.56,15.38,269.95,11.27,11.61,7,1,696.57,5794.4,5794.4,96.57,96.57,7.213,6/10/2024
-111.70846,33.08192173,Azule 1,TaskName 6/10/2024,Wheat (Durum),4582,6/10/2024,0.996,On,1293.9,24.52,7.761,2.437,3.593,15.51,270.02,11,11.27,7,1,676.44,5553.3,5553.3,92.55,92.55,7.309,6/10/2024
-111.7084717,33.0819217,Azule 1,TaskName 6/10/2024,Wheat (Durum),4583,6/10/2024,1.004,On,1293.9,24.52,7.761,2.508,3.589,12.91,269.98,10.87,11.01,7,1,660.32,5469.4,5469.4,91.16,91.16,7.244,6/10/2024
-111.7084834,33.08192175,Azule 1,TaskName 6/10/2024,Wheat (Durum),4584,6/10/2024,1.001,On,1293.9,24.52,7.761,2.436,3.589,13.45,270.05,10.33,10.84,7,1,650.25,5370,5370,89.5,89.5,7.265,6/10/2024
-111.7084949,33.08192165,Azule 1,TaskName 6/10/2024,Wheat (Durum),4585,6/10/2024,0.994,On,1293.9,24.52,7.761,2.417,3.54,14.03,270.05,9.817,10.2,6.94,1,612.08,5089.2,5089.2,84.82,84.82,7.216,6/10/2024
-111.7085067,33.0819218,Azule 1,TaskName 6/10/2024,Wheat (Durum),4586,6/10/2024,1,On,1293.9,24.52,7.761,2.411,3.619,12.29,270.05,9.5,9.868,6.9,1,592.07,4844.8,4844.8,80.75,80.75,7.332,6/10/2024
-111.7085182,33.08192176,Azule 1,TaskName 6/10/2024,Wheat (Durum),4587,6/10/2024,1,On,1293.9,24.52,7.761,2.399,3.547,12.5,270.16,9.275,9.425,6.9,1,565.48,4721.3,4721.3,78.69,78.69,7.186,6/10/2024
-111.70853,33.0819219,Azule 1,TaskName 6/10/2024,Wheat (Durum),4588,6/10/2024,1,On,1293.9,24.52,7.761,2.455,3.602,12.3,270.33,8.713,9.3,6.9,1,557.98,4586.6,4586.6,76.44,76.44,7.299,6/10/2024
-111.7085415,33.08192207,Azule 1,TaskName 6/10/2024,Wheat (Durum),4589,6/10/2024,1.005,On,1293.9,24.52,7.761,2.428,3.55,13.41,270.45,9.505,8.553,6.9,1,513.17,4302.1,4302.1,71.7,71.7,7.157,6/10/2024
-111.7085533,33.08192207,Azule 1,TaskName 6/10/2024,Wheat (Durum),4590,6/10/2024,0.995,On,1294,24.52,7.761,2.413,3.606,12.52,270.28,10.88,9.8,6.9,1,587.97,4804.6,4804.6,80.08,80.08,7.343,6/10/2024
-111.7085649,33.08192184,Azule 1,TaskName 6/10/2024,Wheat (Durum),4591,6/10/2024,1.005,On,1294,24.52,7.761,2.426,3.573,12.78,270.02,11.31,10.85,6.9,1,651.01,5422.5,5422.5,90.38,90.38,7.203,6/10/2024
-111.7085765,33.08192162,Azule 1,TaskName 6/10/2024,Wheat (Durum),4592,6/10/2024,0.995,On,1293.9,24.52,7.761,2.442,3.57,12.06,269.93,11.66,11.41,6.9,1,684.74,5651.9,5651.9,94.2,94.2,7.269,6/10/2024
-111.708588,33.08192165,Azule 1,TaskName 6/10/2024,Wheat (Durum),4593,6/10/2024,1.001,On,1293.9,24.52,7.761,2.4,3.51,13.04,270.03,11.98,11.62,6.9,1,697.32,5887.9,5887.9,98.13,98.13,7.106,6/10/2024
-111.7085997,33.08192184,Azule 1,TaskName 6/10/2024,Wheat (Durum),4594,6/10/2024,0.994,On,1293.9,24.52,7.761,2.442,3.599,13.79,270.31,11.93,12.06,6.9,1,723.76,5919,5919,98.65,98.65,7.337,6/10/2024
-111.7086113,33.08192188,Azule 1,TaskName 6/10/2024,Wheat (Durum),4595,6/10/2024,1.005,On,1293.9,24.52,7.761,2.442,3.563,12.3,270.42,11.27,11.85,6.9,1,711.28,5940.9,5940.9,99.02,99.02,7.184,6/10/2024
-111.7086229,33.08192186,Azule 1,TaskName 6/10/2024,Wheat (Durum),4596,6/10/2024,1,On,1293.9,24.52,7.761,2.4,3.563,12.32,270.29,10.44,11.24,6.9,1,674.61,5606.6,5606.6,93.44,93.44,7.219,6/10/2024
-111.7086344,33.08192187,Azule 1,TaskName 6/10/2024,Wheat (Durum),4597,6/10/2024,1,On,1293.9,24.52,7.761,2.442,3.527,14.39,270.29,9.929,10.34,6.9,1,620.29,5207.9,5207.9,86.8,86.8,7.146,6/10/2024
-111.7086461,33.08192188,Azule 1,TaskName 6/10/2024,Wheat (Durum),4598,6/10/2024,1.005,On,1293.8,24.52,7.761,2.427,3.606,16.94,270.28,9.922,10.01,6.9,1,600.69,4957.9,4957.9,82.63,82.63,7.27,6/10/2024
-111.7086577,33.08192193,Azule 1,TaskName 6/10/2024,Wheat (Durum),4599,6/10/2024,0.99,On,1293.8,24.52,7.761,2.471,3.56,12.81,270.26,9.237,9.827,6.9,1,589.6,4855.6,4855.6,80.93,80.93,7.286,6/10/2024
-111.7086693,33.08192202,Azule 1,TaskName 6/10/2024,Wheat (Durum),4600,6/10/2024,1.005,On,1293.9,24.52,7.761,2.399,3.57,13.67,270.3,8.677,9.178,6.9,1,550.65,4590.8,4590.8,76.51,76.51,7.197,6/10/2024
-111.7086812,33.081922,Azule 1,TaskName 6/10/2024,Wheat (Durum),4601,6/10/2024,1.001,On,1293.9,24.52,7.761,2.464,3.629,12.4,270.21,8.658,8.634,6.84,1,518.01,4231.5,4231.5,70.52,70.52,7.345,6/10/2024
-111.7086924,33.08192208,Azule 1,TaskName 6/10/2024,Wheat (Durum),4602,6/10/2024,0.994,On,1293.9,24.52,7.761,2.38,3.465,13.64,270.19,8.931,8.739,6.8,1,524.33,4454.6,4454.6,74.24,74.24,7.062,6/10/2024
-111.7087039,33.08192208,Azule 1,TaskName 6/10/2024,Wheat (Durum),4603,6/10/2024,1.005,On,1293.9,24.52,7.761,2.372,3.517,13.08,270.16,8.723,8.942,6.8,1,536.52,4539.8,4539.8,75.66,75.66,7.091,6/10/2024
-111.7087151,33.081922,Azule 1,TaskName 6/10/2024,Wheat (Durum),4604,6/10/2024,0.995,On,1293.9,24.52,7.761,2.357,3.433,12.72,270.09,8.062,8.632,6.8,1,517.89,4444.9,4444.9,74.08,74.08,6.991,6/10/2024
-111.7087263,33.08192205,Azule 1,TaskName 6/10/2024,Wheat (Durum),4605,6/10/2024,1.005,On,1293.9,24.52,7.761,2.345,3.449,10.76,270.03,7.455,7.999,6.8,1,479.96,4141.3,4141.3,69.02,69.02,6.954,6/10/2024
-111.7087375,33.081922,Azule 1,TaskName 6/10/2024,Wheat (Durum),4606,6/10/2024,1,On,1293.9,24.52,7.761,2.295,3.429,11.36,269.85,7.019,7.447,6.8,1,446.84,3858.4,3858.4,64.31,64.31,6.949,6/10/2024
-111.7087486,33.08192158,Azule 1,TaskName 6/10/2024,Wheat (Durum),4607,6/10/2024,0.995,On,1293.9,24.52,7.761,2.349,3.413,12.53,269.48,6.824,6.937,6.8,1,416.24,3593.3,3593.3,59.89,59.89,6.95,6/10/2024
-111.70876,33.08192164,Azule 1,TaskName 6/10/2024,Wheat (Durum),4608,6/10/2024,1,On,1293.9,24.52,7.761,2.355,3.462,12.61,269.73,8.044,6.891,6.8,1,413.43,3536.1,3536.1,58.93,58.93,7.015,6/10/2024
-111.708771,33.08192177,Azule 1,TaskName 6/10/2024,Wheat (Durum),4609,6/10/2024,1,On,1293.9,24.52,7.761,2.341,3.383,11.81,269.96,8.819,8.172,6.8,1,490.33,4291.4,4291.4,71.52,71.52,6.856,6/10/2024
-111.7087822,33.08192185,Azule 1,TaskName 6/10/2024,Wheat (Durum),4610,6/10/2024,1,On,1293.9,24.52,7.761,2.333,3.449,12.28,269.98,9.639,8.858,6.74,1,531.48,4563,4563,76.05,76.05,6.989,6/10/2024
-111.7087935,33.08192182,Azule 1,TaskName 6/10/2024,Wheat (Durum),4611,6/10/2024,1,On,1293.9,24.52,7.761,2.323,3.439,11.5,269.92,9.487,9.736,6.76,1,584.17,5029.8,5029.8,83.83,83.83,6.969,6/10/2024
-111.7088046,33.08192194,Azule 1,TaskName 6/10/2024,Wheat (Durum),4612,6/10/2024,1.001,On,1293.9,24.52,7.761,2.309,3.406,13.43,270.03,9.429,9.389,6.8,1,563.31,4901.8,4901.8,81.7,81.7,6.895,6/10/2024
-111.7088159,33.0819218,Azule 1,TaskName 6/10/2024,Wheat (Durum),4613,6/10/2024,0.999,On,1293.9,24.52,7.761,2.36,3.452,10.67,269.87,8.934,9.503,6.8,1,570.2,4885.9,4885.9,81.43,81.43,7.002,6/10/2024
-111.708827,33.08192176,Azule 1,TaskName 6/10/2024,Wheat (Durum),4614,6/10/2024,1,On,1293.9,24.02,8.012,2.355,3.41,12.54,269.92,8.316,8.792,6.8,1,527.52,4677.1,4677.1,77.95,77.95,6.767,6/10/2024
-111.7088381,33.08192192,Azule 1,TaskName 6/10/2024,Wheat (Durum),4615,6/10/2024,1.005,On,1293.9,24.52,7.761,2.319,3.406,12.46,270.07,8.555,8.335,6.8,1,500.08,4368.9,4368.9,72.82,72.82,6.868,6/10/2024
-111.7088492,33.081922,Azule 1,TaskName 6/10/2024,Wheat (Durum),4616,6/10/2024,0.995,On,1293.8,24.52,7.761,2.346,3.403,11.44,270.05,9.754,8.602,6.8,1,516.11,4468.4,4468.4,74.47,74.47,6.93,6/10/2024
-111.7088605,33.08192193,Azule 1,TaskName 6/10/2024,Wheat (Durum),4617,6/10/2024,1.001,On,1293.9,24.52,7.761,2.306,3.452,12.46,269.8,11.27,9.905,6.8,1,594.31,5102.7,5102.7,85.05,85.05,6.988,6/10/2024
-111.7088716,33.08192186,Azule 1,TaskName 6/10/2024,Wheat (Durum),4618,6/10/2024,0.999,On,1293.9,24.52,7.761,2.299,3.4,14.8,269.77,11.38,11.43,6.74,1,685.7,5966.4,5966.4,99.44,99.44,6.896,6/10/2024
-111.7088828,33.08192193,Azule 1,TaskName 6/10/2024,Wheat (Durum),4619,6/10/2024,1,On,1293.9,24.52,7.761,2.365,3.449,11.99,269.92,10.29,11.21,6.7,1,672.65,5775.1,5775.1,96.25,96.25,6.989,6/10/2024
-111.7088941,33.08192201,Azule 1,TaskName 6/10/2024,Wheat (Durum),4620,6/10/2024,1,On,1293.9,24.52,7.761,2.333,3.436,12.92,269.98,9.718,10.28,6.7,1,616.58,5313.9,5313.9,88.56,88.56,6.962,6/10/2024
-111.7089051,33.08192212,Azule 1,TaskName 6/10/2024,Wheat (Durum),4621,6/10/2024,1,On,1293.9,24.52,7.761,2.338,3.39,12.07,270.09,9.39,9.672,6.7,1,580.34,5069.3,5069.3,84.49,84.49,6.869,6/10/2024
-111.7089164,33.08192207,Azule 1,TaskName 6/10/2024,Wheat (Durum),4622,6/10/2024,1.001,On,1293.9,24.52,7.761,2.299,3.459,12.21,269.8,8.887,9.373,6.7,1,562.4,4819.5,4819.5,80.33,80.33,7.001,6/10/2024
-111.7089275,33.08192168,Azule 1,TaskName 6/10/2024,Wheat (Durum),4623,6/10/2024,1.004,On,1294,24.52,7.761,2.312,3.393,13.12,269.35,8.056,8.81,6.7,1,528.62,4631.5,4631.5,77.19,77.19,6.848,6/10/2024
-111.7089387,33.08192152,Azule 1,TaskName 6/10/2024,Wheat (Durum),4624,6/10/2024,0.99,On,1294,24.52,7.761,2.351,3.436,13.41,269.19,8.215,8.026,6.7,1,481.58,4108.9,4108.9,68.48,68.48,7.032,6/10/2024
-111.7089497,33.08192151,Azule 1,TaskName 6/10/2024,Wheat (Durum),4625,6/10/2024,1.005,On,1293.9,24.52,7.761,2.353,3.374,17.43,269.49,8.743,8.298,6.64,1,497.86,4391.8,4391.8,73.2,73.2,6.802,6/10/2024
-111.7089611,33.08192162,Azule 1,TaskName 6/10/2024,Wheat (Durum),4626,6/10/2024,1,On,1293.9,24.52,7.761,2.368,3.482,13.23,269.56,9.009,8.712,6.541,1,522.75,4445.8,4445.8,74.1,74.1,7.055,6/10/2024
-111.7089724,33.08192168,Azule 1,TaskName 6/10/2024,Wheat (Durum),4627,6/10/2024,1.001,On,1293.8,24.52,7.761,2.33,3.452,11.69,269.81,8.705,9.05,6.5,1,542.99,4662.1,4662.1,77.7,77.7,6.988,6/10/2024
-111.7089835,33.08192159,Azule 1,TaskName 6/10/2024,Wheat (Durum),4628,6/10/2024,0.999,On,1293.9,24.52,7.761,2.295,3.406,12.17,269.76,8.021,8.625,6.5,1,517.51,4494.2,4494.2,74.9,74.9,6.909,6/10/2024
-111.7089947,33.08192154,Azule 1,TaskName 6/10/2024,Wheat (Durum),4629,6/10/2024,0.996,On,1293.9,24.52,7.761,2.342,3.429,12.67,269.74,8.576,7.99,6.5,1,479.39,4122.9,4122.9,68.71,68.71,6.977,6/10/2024
-111.7090058,33.08192151,Azule 1,TaskName 6/10/2024,Wheat (Durum),4630,6/10/2024,1.004,On,1293.9,24.52,7.761,2.34,3.41,13.46,269.91,8.733,8.752,6.56,1,525.12,4578.7,4578.7,76.31,76.31,6.881,6/10/2024
-111.7090171,33.08192155,Azule 1,TaskName 6/10/2024,Wheat (Durum),4631,6/10/2024,1.001,On,1293.8,24.52,7.761,2.343,3.449,12.41,269.91,8.862,8.583,6.6,1,515,4426,4426,73.77,73.77,6.982,6/10/2024
-111.7090282,33.08192161,Azule 1,TaskName 6/10/2024,Wheat (Durum),4632,6/10/2024,1,On,1293.8,24.52,7.761,2.354,3.403,12.66,269.97,9.191,9.037,6.6,1,542.21,4718,4718,78.63,78.63,6.895,6/10/2024
-111.7090394,33.0819216,Azule 1,TaskName 6/10/2024,Wheat (Durum),4633,6/10/2024,0.999,On,1293.8,24.52,7.761,2.312,3.456,11.42,269.99,9.359,9.051,6.54,1,543.04,4648.8,4648.8,77.48,77.48,7.009,6/10/2024
-111.7090505,33.08192173,Azule 1,TaskName 6/10/2024,Wheat (Durum),4634,6/10/2024,0.996,On,1293.8,24.52,7.761,2.309,3.378,13.13,270.3,9.18,9.559,6.5,1,573.55,5007.8,5007.8,83.46,83.46,6.872,6/10/2024
-111.7090617,33.08192188,Azule 1,TaskName 6/10/2024,Wheat (Durum),4635,6/10/2024,1.004,On,1293.8,24.52,7.761,2.325,3.431,11.3,270.44,8.818,8.965,6.56,1,537.88,4660.7,4660.7,77.68,77.68,6.924,6/10/2024
-111.7090728,33.08192187,Azule 1,TaskName 6/10/2024,Wheat (Durum),4636,6/10/2024,0.995,On,1293.8,24.52,7.761,2.312,3.421,12.78,270.32,9.2,9.006,6.661,1,540.35,4653.6,4653.6,77.56,77.56,6.967,6/10/2024
-111.709084,33.08192178,Azule 1,TaskName 6/10/2024,Wheat (Durum),4637,6/10/2024,1.005,On,1293.8,24.52,7.761,2.364,3.424,11.78,270.25,9.477,9.083,6.7,1,544.98,4736.1,4736.1,78.93,78.93,6.904,6/10/2024
-111.7090951,33.08192188,Azule 1,TaskName 6/10/2024,Wheat (Durum),4638,6/10/2024,0.995,On,1293.8,24.52,7.761,2.388,3.401,13.89,270.23,9.83,9.659,6.7,1,579.52,5019.8,5019.8,83.66,83.66,6.927,6/10/2024
-111.7091064,33.08192208,Azule 1,TaskName 6/10/2024,Wheat (Durum),4639,6/10/2024,1.01,On,1293.7,24.52,7.761,2.333,3.461,12.63,270.57,8.901,9.687,6.7,1,581.23,5023.2,5023.2,83.72,83.72,6.942,6/10/2024
-111.7091175,33.08192212,Azule 1,TaskName 6/10/2024,Wheat (Durum),4640,6/10/2024,0.995,On,1293.8,24.52,7.761,2.346,3.392,11.59,270.59,8.398,8.885,6.7,1,533.12,4631.3,4631.3,77.19,77.19,6.907,6/10/2024
-111.7091287,33.08192209,Azule 1,TaskName 6/10/2024,Wheat (Durum),4641,6/10/2024,1.001,On,1293.8,24.52,7.761,2.3,3.447,14.25,270.39,8.685,8.358,6.7,1,501.48,4311.8,4311.8,71.86,71.86,6.978,6/10/2024
-111.70914,33.08192196,Azule 1,TaskName 6/10/2024,Wheat (Durum),4642,6/10/2024,0.994,On,1293.9,24.52,7.761,2.319,3.451,11.55,270.08,9.633,8.72,6.7,1,523.2,4462.8,4462.8,74.38,74.38,7.034,6/10/2024
-111.7091511,33.08192181,Azule 1,TaskName 6/10/2024,Wheat (Durum),4643,6/10/2024,1.005,On,1293.9,24.52,7.761,2.327,3.411,11.88,269.99,10.29,9.718,6.7,1,583.08,5086.6,5086.6,84.78,84.78,6.878,6/10/2024
-111.7091623,33.08192184,Azule 1,TaskName 6/10/2024,Wheat (Durum),4644,6/10/2024,1.005,On,1293.9,24.52,7.761,2.335,3.444,12.95,270,10.85,10.39,6.7,1,623.31,5385.8,5385.8,89.76,89.76,6.944,6/10/2024
-111.7091735,33.08192189,Azule 1,TaskName 6/10/2024,Wheat (Durum),4645,6/10/2024,0.995,On,1293.9,24.52,7.761,2.343,3.408,12.13,270.09,11.28,10.9,6.7,1,653.76,5652,5652,94.2,94.2,6.94,6/10/2024
-111.7091846,33.0819219,Azule 1,TaskName 6/10/2024,Wheat (Durum),4646,6/10/2024,0.996,On,1293.8,24.52,7.761,2.362,3.418,14.57,270.27,11.05,11.32,6.7,1,679.14,5860.3,5860.3,97.67,97.67,6.953,6/10/2024
-111.7091957,33.08192191,Azule 1,TaskName 6/10/2024,Wheat (Durum),4647,6/10/2024,1.004,On,1293.7,24.52,7.761,2.343,3.392,14.23,270.16,10.15,10.98,6.7,1,658.63,5773.4,5773.4,96.22,96.22,6.845,6/10/2024
-111.7092069,33.08192192,Azule 1,TaskName 6/10/2024,Wheat (Durum),4648,6/10/2024,0.995,On,1293.7,24.52,7.761,2.331,3.451,10.89,270.11,9.569,10.03,6.76,1,602.03,5140.4,5140.4,85.67,85.67,7.027,6/10/2024
-111.709218,33.08192175,Azule 1,TaskName 6/10/2024,Wheat (Durum),4649,6/10/2024,1.005,On,1293.8,24.52,7.761,2.286,3.385,13.01,269.91,9.279,9.572,6.86,1,574.34,5049.3,5049.3,84.15,84.15,6.825,6/10/2024
-111.7092291,33.08192158,Azule 1,TaskName 6/10/2024,Wheat (Durum),4650,6/10/2024,1,On,1293.8,24.52,7.761,2.29,3.401,13.68,269.91,9.574,9.232,6.841,1,553.94,4822.3,4822.3,80.37,80.37,6.892,6/10/2024
-111.7092402,33.08192172,Azule 1,TaskName 6/10/2024,Wheat (Durum),4651,6/10/2024,0.995,On,1293.8,24.52,7.761,2.268,3.408,14.86,270.17,9.796,9.693,6.8,1,581.55,5027.7,5027.7,83.79,83.79,6.94,6/10/2024
-111.7092511,33.08192183,Azule 1,TaskName 6/10/2024,Wheat (Durum),4652,6/10/2024,1.005,On,1293.8,24.52,7.761,2.316,3.352,13.91,270.39,10.09,9.745,6.8,1,584.71,5190.8,5190.8,86.51,86.51,6.759,6/10/2024
-111.7092624,33.08192201,Azule 1,TaskName 6/10/2024,Wheat (Durum),4653,6/10/2024,1,On,1293.8,24.52,7.761,2.324,3.464,13.83,270.47,9.782,10.21,6.8,1,612.34,5234.8,5234.8,87.25,87.25,7.019,6/10/2024
-111.7092736,33.08192202,Azule 1,TaskName 6/10/2024,Wheat (Durum),4654,6/10/2024,0.995,On,1293.8,24.52,7.761,2.371,3.434,13.1,270.38,9.433,9.631,6.8,1,577.86,4957.6,4957.6,82.63,82.63,6.994,6/10/2024
-111.7092849,33.08192206,Azule 1,TaskName 6/10/2024,Wheat (Durum),4655,6/10/2024,1,On,1293.8,24.52,7.761,2.357,3.467,12.47,270.39,9.259,9.517,6.861,1,571.01,4876.8,4876.8,81.28,81.28,7.025,6/10/2024
-111.7092962,33.08192213,Azule 1,TaskName 6/10/2024,Wheat (Durum),4656,6/10/2024,1,On,1293.8,24.52,7.761,2.337,3.444,12.5,270.38,9.856,9.151,6.9,1,549.07,4720.7,4720.7,78.68,78.68,6.979,6/10/2024
-111.7093072,33.08192202,Azule 1,TaskName 6/10/2024,Wheat (Durum),4657,6/10/2024,1.001,On,1293.8,24.52,7.761,2.336,3.382,11.89,270.23,10.83,10.06,6.9,1,603.33,5288.1,5288.1,88.14,88.14,6.845,6/10/2024
-111.7093185,33.08192207,Azule 1,TaskName 6/10/2024,Wheat (Durum),4658,6/10/2024,1.004,On,1293.8,24.52,7.761,2.337,3.441,13.67,270.15,10.9,10.86,6.84,1,651.37,5628,5628,93.8,93.8,6.944,6/10/2024
-111.7093297,33.08192194,Azule 1,TaskName 6/10/2024,Wheat (Durum),4659,6/10/2024,0.995,On,1293.8,24.52,7.761,2.352,3.447,11.82,269.94,10.38,10.88,6.8,1,652.69,5578.3,5578.3,92.97,92.97,7.02,6/10/2024
-111.7093407,33.08192187,Azule 1,TaskName 6/10/2024,Wheat (Durum),4660,6/10/2024,1,On,1293.8,24.52,7.761,2.307,3.382,13.98,269.78,9.788,10.28,6.8,1,616.54,5398.5,5398.5,89.97,89.97,6.852,6/10/2024
-111.7093521,33.08192166,Azule 1,TaskName 6/10/2024,Wheat (Durum),4661,6/10/2024,1,On,1293.8,24.52,7.761,2.363,3.487,12.18,269.64,9.812,9.78,6.8,1,586.77,4983.2,4983.2,83.05,83.05,7.065,6/10/2024
-111.7093633,33.08192176,Azule 1,TaskName 6/10/2024,Wheat (Durum),4662,6/10/2024,1.001,On,1293.8,24.52,7.761,2.302,3.428,14.04,269.72,10.37,9.825,6.8,1,589.5,5097.7,5097.7,84.96,84.96,6.938,6/10/2024
-111.7093743,33.08192173,Azule 1,TaskName 6/10/2024,Wheat (Durum),4663,6/10/2024,0.999,On,1293.8,24.52,7.761,2.344,3.375,13.15,269.84,10.95,10.43,6.8,1,626.03,5486.8,5486.8,91.45,91.45,6.846,6/10/2024
-111.7093855,33.08192175,Azule 1,TaskName 6/10/2024,Wheat (Durum),4664,6/10/2024,1,On,1293.8,24.52,7.761,2.316,3.425,12.54,269.78,11.51,11.04,6.8,1,662.29,5726.6,5726.6,95.44,95.44,6.939,6/10/2024
-111.7093966,33.08192172,Azule 1,TaskName 6/10/2024,Wheat (Durum),4665,6/10/2024,1.005,On,1293.8,24.52,7.761,2.339,3.4,13.1,269.7,11.32,11.52,6.8,1,691.02,6049,6049,100.82,100.82,6.854,6/10/2024
-111.7094079,33.08192175,Azule 1,TaskName 6/10/2024,Wheat (Durum),4666,6/10/2024,0.995,On,1293.8,24.52,7.761,2.314,3.439,13.97,269.85,11.21,11.23,6.74,1,673.9,5773.6,5773.6,96.23,96.23,7.003,6/10/2024
-111.709419,33.08192188,Azule 1,TaskName 6/10/2024,Wheat (Durum),4667,6/10/2024,0.995,On,1293.8,24.52,7.761,2.335,3.409,12.4,270.09,11.54,11.27,6.7,1,676.22,5843.7,5843.7,97.39,97.39,6.943,6/10/2024
-111.7094303,33.08192197,Azule 1,TaskName 6/10/2024,Wheat (Durum),4668,6/10/2024,1.006,On,1293.8,24.52,7.761,2.342,3.452,11.23,269.99,10.88,11.54,6.7,1,692.61,5976.8,5976.8,99.61,99.61,6.953,6/10/2024
-111.7094413,33.08192185,Azule 1,TaskName 6/10/2024,Wheat (Durum),4669,6/10/2024,1,On,1293.9,24.52,7.761,2.33,3.357,14.45,269.81,10.41,10.75,6.76,1,644.89,5688.6,5688.6,94.81,94.81,6.802,6/10/2024
-111.7094527,33.08192195,Azule 1,TaskName 6/10/2024,Wheat (Durum),4670,6/10/2024,0.999,On,1293.8,24.52,7.761,2.34,3.478,13.08,269.83,10.74,10.44,6.8,1,626.68,5329.6,5329.6,88.83,88.83,7.055,6/10/2024
-111.7094638,33.08192195,Azule 1,TaskName 6/10/2024,Wheat (Durum),4671,6/10/2024,1,On,1293.9,24.52,7.761,2.337,3.409,12.74,269.79,11.46,10.78,6.8,1,646.69,5616.6,5616.6,93.61,93.61,6.908,6/10/2024
-111.7094748,33.08192193,Azule 1,TaskName 6/10/2024,Wheat (Durum),4672,6/10/2024,1,On,1293.9,24.52,7.761,2.304,3.367,17.56,269.8,11.59,11.57,6.86,1,694.06,6104.4,6104.4,101.74,101.74,6.822,6/10/2024
-111.7094861,33.08192188,Azule 1,TaskName 6/10/2024,Wheat (Durum),4673,6/10/2024,1.001,On,1293.8,24.52,7.761,2.378,3.472,12.02,269.76,11.74,11.52,6.841,1,691.09,5900.4,5900.4,98.34,98.34,7.028,6/10/2024
-111.7094971,33.0819217,Azule 1,TaskName 6/10/2024,Wheat (Durum),4674,6/10/2024,0.999,On,1293.9,24.52,7.761,2.302,3.37,15.15,269.57,10.96,11.85,6.739,1,710.74,6238.8,6238.8,103.98,103.98,6.835,6/10/2024
-111.7095084,33.08192167,Azule 1,TaskName 6/10/2024,Wheat (Durum),4675,6/10/2024,0.995,On,1293.8,24.52,7.761,2.365,3.455,13.18,269.65,10.62,10.81,6.7,1,648.55,5530.1,5530.1,92.17,92.17,7.037,6/10/2024
-111.7095197,33.08192168,Azule 1,TaskName 6/10/2024,Wheat (Durum),4676,6/10/2024,1.005,On,1293.8,24.52,7.761,2.327,3.452,13.85,269.77,11.51,10.72,6.7,1,643.24,5545.2,5545.2,92.42,92.42,6.96,6/10/2024
-111.7095308,33.08192171,Azule 1,TaskName 6/10/2024,Wheat (Durum),4677,6/10/2024,1,On,1293.8,24.52,7.761,2.323,3.377,12.62,269.8,12.84,11.56,6.7,1,693.47,6081.4,6081.4,101.36,101.36,6.842,6/10/2024
-111.7095419,33.08192165,Azule 1,TaskName 6/10/2024,Wheat (Durum),4678,6/10/2024,1.001,On,1293.9,24.52,7.761,2.31,3.409,13.15,269.73,12.71,13.06,6.761,1,783.45,6811.2,6811.2,113.52,113.52,6.901,6/10/2024
-111.709553,33.08192159,Azule 1,TaskName 6/10/2024,Wheat (Durum),4679,6/10/2024,0.999,On,1293.9,24.52,7.761,2.304,3.396,14.79,269.81,11.1,12.49,6.8,1,749.39,6527.2,6527.2,108.79,108.79,6.889,6/10/2024
-111.7095643,33.08192161,Azule 1,TaskName 6/10/2024,Wheat (Durum),4680,6/10/2024,1.001,On,1293.9,24.52,7.761,2.325,3.442,13,270.02,10.31,11.02,6.86,1,661.28,5694.2,5694.2,94.9,94.9,6.968,6/10/2024
-111.7095754,33.0819217,Azule 1,TaskName 6/10/2024,Wheat (Durum),4681,6/10/2024,0.999,On,1293.9,24.52,7.761,2.335,3.396,13.42,270.07,10.18,10.3,6.9,1,618.01,5382.9,5382.9,89.71,89.71,6.889,6/10/2024
-111.7095866,33.08192168,Azule 1,TaskName 6/10/2024,Wheat (Durum),4682,6/10/2024,1.001,On,1293.9,24.52,7.761,2.339,3.436,13.11,270.02,10.15,10.15,6.9,1,608.78,5252.2,5252.2,87.54,87.54,6.955,6/10/2024
-111.7095978,33.08192163,Azule 1,TaskName 6/10/2024,Wheat (Durum),4683,6/10/2024,1,On,1293.9,24.52,7.761,2.372,3.426,14.51,270,9.569,10.14,6.9,1,608.49,5259.5,5259.5,87.66,87.66,6.942,6/10/2024
-111.7096089,33.08192163,Azule 1,TaskName 6/10/2024,Wheat (Durum),4684,6/10/2024,0.999,On,1293.9,24.52,7.761,2.333,3.393,15.45,270.03,8.993,9.474,6.96,1,568.46,4956,4956,82.6,82.6,6.882,6/10/2024
-111.7096201,33.08192181,Azule 1,TaskName 6/10/2024,Wheat (Durum),4685,6/10/2024,1,On,1293.8,24.52,7.761,2.376,3.426,14.33,270.18,9.253,9.035,7.059,1,542.1,4685.7,4685.7,78.09,78.09,6.942,6/10/2024
-111.7096313,33.08192187,Azule 1,TaskName 6/10/2024,Wheat (Durum),4686,6/10/2024,0.995,On,1293.9,24.52,7.761,2.279,3.439,14.72,270.17,9.823,9.245,7.1,1,554.7,4752.4,4752.4,79.21,79.21,7.003,6/10/2024
-111.7096425,33.081922,Azule 1,TaskName 6/10/2024,Wheat (Durum),4687,6/10/2024,1.001,On,1293.9,24.52,7.761,2.3,3.423,13.74,270.48,10.85,9.945,7.1,1,596.72,5167.9,5167.9,86.13,86.13,6.928,6/10/2024
-111.7096537,33.08192214,Azule 1,TaskName 6/10/2024,Wheat (Durum),4688,6/10/2024,1.004,On,1293.9,24.52,7.761,2.365,3.429,11.96,270.5,11.16,10.9,7.1,1,653.79,5668.2,5668.2,94.47,94.47,6.921,6/10/2024
-111.7096649,33.08192196,Azule 1,TaskName 6/10/2024,Wheat (Durum),4689,6/10/2024,0.996,On,1293.8,24.52,7.761,2.341,3.419,14.12,270.12,11.1,11.21,7.1,1,672.46,5800.3,5800.3,96.67,96.67,6.956,6/10/2024
-111.709676,33.0819219,Azule 1,TaskName 6/10/2024,Wheat (Durum),4690,6/10/2024,1,On,1293.9,24.52,7.761,2.351,3.396,11.88,269.98,10.95,11.09,6.981,1,665.39,5801.3,5801.3,96.69,96.69,6.882,6/10/2024
-111.7096873,33.08192187,Azule 1,TaskName 6/10/2024,Wheat (Durum),4691,6/10/2024,1,On,1293.9,24.52,7.761,2.316,3.462,12.65,269.97,10.4,10.93,6.84,1,655.51,5606.9,5606.9,93.45,93.45,7.015,6/10/2024
-111.7096986,33.081922,Azule 1,TaskName 6/10/2024,Wheat (Durum),4692,6/10/2024,1.005,On,1293.9,24.52,7.761,2.326,3.462,11.89,270.22,10.61,10.33,6.8,1,619.53,5325.6,5325.6,88.76,88.76,6.98,6/10/2024
-111.7097096,33.0819219,Azule 1,TaskName 6/10/2024,Wheat (Durum),4693,6/10/2024,0.994,On,1293.9,24.52,7.761,2.351,3.35,14.54,270.02,9.841,10.72,6.8,1,643.15,5650.2,5650.2,94.17,94.17,6.83,6/10/2024
-111.7097207,33.08192197,Azule 1,TaskName 6/10/2024,Wheat (Durum),4694,6/10/2024,1,On,1293.8,24.52,7.761,2.372,3.417,14.07,270.18,8.34,9.576,6.8,1,574.55,4979.4,4979.4,82.99,82.99,6.923,6/10/2024
-111.7097313,33.08192195,Azule 1,TaskName 6/10/2024,Wheat (Durum),4695,6/10/2024,1.001,On,1293.9,24.52,7.761,2.204,3.241,12.65,270.07,7.582,8.301,6.8,1,498.08,4555.1,4555.1,75.92,75.92,6.561,6/10/2024
-111.7097423,33.08192193,Azule 1,TaskName 6/10/2024,Wheat (Durum),4696,6/10/2024,0.999,On,1293.9,24.52,7.761,2.24,3.395,14.38,270,7.889,7.47,6.8,1,448.21,3905,3905,65.08,65.08,6.887,6/10/2024
-111.709753,33.08192177,Azule 1,TaskName 6/10/2024,Wheat (Durum),4697,6/10/2024,1,On,1294,24.52,7.761,2.204,3.264,12.95,269.77,8.644,8.051,6.8,1,483.07,4382.3,4382.3,73.04,73.04,6.614,6/10/2024
-111.7097639,33.0819218,Azule 1,TaskName 6/10/2024,Wheat (Durum),4698,6/10/2024,1,On,1294,24.52,7.761,2.3,3.356,12.48,269.94,9.396,8.639,6.741,1,518.36,4573.8,4573.8,76.23,76.23,6.8,6/10/2024
-111.7097747,33.08192195,Azule 1,TaskName 6/10/2024,Wheat (Durum),4699,6/10/2024,1,On,1293.9,24.52,7.761,2.317,3.303,13.83,270.03,9.692,9.52,6.7,1,571.21,5120.2,5120.2,85.34,85.34,6.694,6/10/2024
-111.7097855,33.08192189,Azule 1,TaskName 6/10/2024,Wheat (Durum),4700,6/10/2024,1.001,On,1293.9,24.52,7.761,2.208,3.333,12.06,269.96,9.023,9.618,6.64,1,577.08,5132.1,5132.1,85.53,85.53,6.747,6/10/2024
-111.7097964,33.08192189,Azule 1,TaskName 6/10/2024,Wheat (Durum),4701,6/10/2024,0.999,On,1293.9,24.52,7.761,2.278,3.346,13.6,269.92,8.659,8.979,6.6,1,538.73,4762.8,4762.8,79.38,79.38,6.787,6/10/2024
-111.7098073,33.08192171,Azule 1,TaskName 6/10/2024,Wheat (Durum),4702,6/10/2024,1,On,1293.9,24.52,7.761,2.277,3.333,11.48,269.61,8.974,8.624,6.6,1,517.46,4597.3,4597.3,76.62,76.62,6.753,6/10/2024
-111.709818,33.08192151,Azule 1,TaskName 6/10/2024,Wheat (Durum),4703,6/10/2024,1,On,1293.9,24.52,7.761,2.238,3.29,11.08,269.48,9.368,9.067,6.6,1,543.99,4895.6,4895.6,81.59,81.59,6.667,6/10/2024
-111.7098286,33.0819215,Azule 1,TaskName 6/10/2024,Wheat (Durum),4704,6/10/2024,1,On,1293.8,24.52,7.761,2.286,3.258,15.81,269.61,8.831,9.357,6.6,1,561.42,5103.4,5103.4,85.06,85.06,6.601,6/10/2024
-111.7098395,33.08192153,Azule 1,TaskName 6/10/2024,Wheat (Durum),4705,6/10/2024,1,On,1293.8,24.52,7.761,2.255,3.372,11.05,269.54,8.333,8.755,6.6,1,525.3,4612.4,4612.4,76.87,76.87,6.833,6/10/2024
-111.7098502,33.08192147,Azule 1,TaskName 6/10/2024,Wheat (Durum),4706,6/10/2024,1,On,1293.8,24.52,7.761,2.196,3.267,14.23,269.6,8.188,8.324,6.6,1,499.44,4526.3,4526.3,75.44,75.44,6.621,6/10/2024
-111.7098609,33.08192153,Azule 1,TaskName 6/10/2024,Wheat (Durum),4707,6/10/2024,1,On,1293.9,24.52,7.761,2.239,3.29,11.78,269.86,7.776,8.171,6.6,1,490.28,4412.2,4412.2,73.54,73.54,6.667,6/10/2024
-111.7098717,33.08192178,Azule 1,TaskName 6/10/2024,Wheat (Durum),4708,6/10/2024,1,On,1293.8,24.52,7.761,2.247,3.3,12.55,270.24,7.811,7.723,6.6,1,463.4,4158,4158,69.3,69.3,6.687,6/10/2024
-111.7098824,33.08192194,Azule 1,TaskName 6/10/2024,Wheat (Durum),4709,6/10/2024,1,On,1293.8,24.52,7.761,2.262,3.31,13.68,270.3,7.978,7.872,6.6,1,472.33,4225.5,4225.5,70.42,70.42,6.707,6/10/2024
-111.7098933,33.08192202,Azule 1,TaskName 6/10/2024,Wheat (Durum),4710,6/10/2024,1,On,1293.8,24.52,7.761,2.277,3.333,11.63,270.35,7.455,7.95,6.6,1,477.02,4238,4238,70.63,70.63,6.753,6/10/2024
-111.7099041,33.08192212,Azule 1,TaskName 6/10/2024,Wheat (Durum),4711,6/10/2024,1,On,1293.8,24.52,7.761,2.244,3.326,14.49,270.37,7.099,7.384,6.6,1,443.02,3943.7,3943.7,65.73,65.73,6.74,6/10/2024
-111.7099149,33.08192211,Azule 1,TaskName 6/10/2024,Wheat (Durum),4712,6/10/2024,1,On,1293.8,24.52,7.761,2.221,3.31,12,270.35,7.875,7.099,6.6,1,425.93,3810.4,3810.4,63.51,63.51,6.707,6/10/2024
-111.7099257,33.08192219,Azule 1,TaskName 6/10/2024,Wheat (Durum),4713,6/10/2024,1,On,1293.9,24.52,7.761,2.235,3.33,11,270.35,9.283,8.021,6.539,1,481.24,4279.7,4279.7,71.33,71.33,6.747,6/10/2024
-111.7099364,33.08192205,Azule 1,TaskName 6/10/2024,Wheat (Durum),4714,6/10/2024,1,On,1293.9,24.52,7.761,2.249,3.277,11.31,270.14,10.1,9.395,6.56,1,563.69,5093.2,5093.2,84.89,84.89,6.64,6/10/2024
-111.7099472,33.08192207,Azule 1,TaskName 6/10/2024,Wheat (Durum),4715,6/10/2024,1,On,1293.9,24.52,7.761,2.238,3.307,11.76,270.2,10.92,10.12,6.66,1,607.14,5436.8,5436.8,90.61,90.61,6.7,6/10/2024
-111.709958,33.0819221,Azule 1,TaskName 6/10/2024,Wheat (Durum),4716,6/10/2024,1.001,On,1293.9,24.52,7.761,2.21,3.326,13.07,270.11,10.38,11.06,6.761,1,663.46,5911.9,5911.9,98.53,98.53,6.733,6/10/2024
-111.709969,33.08192194,Azule 1,TaskName 6/10/2024,Wheat (Durum),4717,6/10/2024,0.995,On,1293.9,24.52,7.761,2.298,3.363,11.14,269.92,10.17,10.18,6.86,1,610.74,5351.5,5351.5,89.19,89.19,6.848,6/10/2024
-111.7099796,33.08192191,Azule 1,TaskName 6/10/2024,Wheat (Durum),4718,6/10/2024,1.004,On,1293.9,24.52,7.761,2.267,3.277,13.45,269.77,10.85,10.33,6.96,1,619.96,5624.1,5624.1,93.74,93.74,6.614,6/10/2024
-111.7099907,33.08192173,Azule 1,TaskName 6/10/2024,Wheat (Durum),4719,6/10/2024,1.001,On,1293.8,24.52,7.761,2.28,3.389,11.25,269.66,11.12,10.88,7,1,652.74,5709.4,5709.4,95.16,95.16,6.86,6/10/2024
-111.7100011,33.08192169,Azule 1,TaskName 6/10/2024,Wheat (Durum),4720,6/10/2024,0.999,On,1293.8,24.52,7.761,2.273,3.198,13.96,269.52,10.87,11.11,7,1,666.43,6163.6,6163.6,102.73,102.73,6.487,6/10/2024
-111.7100122,33.08192154,Azule 1,TaskName 6/10/2024,Wheat (Durum),4721,6/10/2024,1,On,1293.8,24.52,7.761,2.259,3.428,12.54,269.53,11.31,10.79,6.94,1,647.26,5590.9,5590.9,93.18,93.18,6.946,6/10/2024
-111.7100229,33.08192151,Azule 1,TaskName 6/10/2024,Wheat (Durum),4722,6/10/2024,1,On,1293.8,24.52,7.761,2.237,3.267,14.33,269.48,12.77,11.47,6.9,1,688.46,6239.4,6239.4,103.99,103.99,6.621,6/10/2024
-111.7100339,33.08192145,Azule 1,TaskName 6/10/2024,Wheat (Durum),4723,6/10/2024,1,On,1293.9,24.52,7.761,2.227,3.366,14.48,269.54,12.99,12.94,6.839,1,776.4,6830.6,6830.6,113.84,113.84,6.82,6/10/2024
-111.7100445,33.08192156,Azule 1,TaskName 6/10/2024,Wheat (Durum),4724,6/10/2024,1,On,1293.8,24.52,7.761,2.275,3.266,13,269.7,11.85,12.93,6.8,1,775.65,7032.8,7032.8,117.21,117.21,6.617,6/10/2024
-111.7100554,33.08192168,Azule 1,TaskName 6/10/2024,Wheat (Durum),4725,6/10/2024,1,On,1293.8,24.52,7.761,2.25,3.353,12.52,269.87,10.25,11.64,6.8,1,698.66,6169.2,6169.2,102.82,102.82,6.795,6/10/2024
-111.7100661,33.08192184,Azule 1,TaskName 6/10/2024,Wheat (Durum),4726,6/10/2024,1,On,1293.8,24.52,7.761,2.281,3.291,12.62,269.99,9.302,10.17,6.8,1,610.26,5490.7,5490.7,91.51,91.51,6.669,6/10/2024
-111.710077,33.08192183,Azule 1,TaskName 6/10/2024,Wheat (Durum),4727,6/10/2024,1,On,1293.8,24.52,7.761,2.226,3.327,14.24,269.99,8.535,9.2,6.8,1,552.01,4912.8,4912.8,81.88,81.88,6.742,6/10/2024
-111.7100877,33.08192187,Azule 1,TaskName 6/10/2024,Wheat (Durum),4728,6/10/2024,1,On,1293.8,24.52,7.761,2.264,3.288,12.05,270.1,8.325,8.469,6.741,1,508.11,4576.2,4576.2,76.27,76.27,6.662,6/10/2024
-111.7100986,33.0819218,Azule 1,TaskName 6/10/2024,Wheat (Durum),4729,6/10/2024,0.996,On,1293.9,24.52,7.761,2.242,3.34,12.82,269.97,9.204,8.349,6.7,1,500.94,4423,4423,73.72,73.72,6.796,6/10/2024
-111.7101092,33.08192178,Azule 1,TaskName 6/10/2024,Wheat (Durum),4730,6/10/2024,1.004,On,1293.9,24.52,7.761,2.252,3.252,13.85,270.02,10.6,9.367,6.7,1,562.04,5138.6,5138.6,85.64,85.64,6.563,6/10/2024
-111.7101201,33.08192177,Azule 1,TaskName 6/10/2024,Wheat (Durum),4731,6/10/2024,0.996,On,1293.8,24.52,7.761,2.233,3.357,13.58,270.02,11.73,10.74,6.761,1,644.65,5664,5664,94.4,94.4,6.829,6/10/2024
-111.7101308,33.08192178,Azule 1,TaskName 6/10/2024,Wheat (Durum),4732,6/10/2024,1.004,On,1293.8,24.52,7.761,2.22,3.255,11.62,270.06,11.88,11.75,6.86,1,704.78,6437.1,6437.1,107.29,107.29,6.569,6/10/2024
-111.7101417,33.08192181,Azule 1,TaskName 6/10/2024,Wheat (Durum),4733,6/10/2024,1,On,1293.8,24.52,7.761,2.261,3.344,11.53,270.23,10.92,11.9,6.96,1,714.26,6325.5,6325.5,105.43,105.43,6.775,6/10/2024
-111.7101524,33.08192177,Azule 1,TaskName 6/10/2024,Wheat (Durum),4734,6/10/2024,0.996,On,1293.8,24.52,7.761,2.264,3.304,11.16,270.06,10.47,10.69,7,1,641.15,5722.8,5722.8,95.38,95.38,6.722,6/10/2024
-111.7101632,33.08192173,Azule 1,TaskName 6/10/2024,Wheat (Durum),4735,6/10/2024,0.999,On,1293.7,24.52,7.761,2.303,3.301,12.73,270.02,10.48,10.62,7.06,1,637.3,5711.2,5711.2,95.19,95.19,6.695,6/10/2024
-111.710174,33.08192184,Azule 1,TaskName 6/10/2024,Wheat (Durum),4736,6/10/2024,1.005,On,1293.7,24.52,7.761,2.268,3.321,13.59,270.02,10.41,10.37,7.039,1,622.41,5578,5578,92.97,92.97,6.695,6/10/2024
-111.7101848,33.081922,Azule 1,TaskName 6/10/2024,Wheat (Durum),4737,6/10/2024,0.995,On,1293.7,24.52,7.761,2.261,3.311,11.37,270.3,9.629,10.49,7,1,629.21,5599.4,5599.4,93.32,93.32,6.742,6/10/2024
-111.7101956,33.08192204,Azule 1,TaskName 6/10/2024,Wheat (Durum),4738,6/10/2024,1,On,1293.7,24.52,7.761,2.243,3.294,13.6,270.23,8.941,9.364,7,1,561.85,5050.1,5050.1,84.17,84.17,6.675,6/10/2024
-111.7102063,33.08192198,Azule 1,TaskName 6/10/2024,Wheat (Durum),4739,6/10/2024,1.001,On,1293.7,24.52,7.761,2.225,3.301,15.61,270,9.388,9.09,7,1,545.4,4897.4,4897.4,81.62,81.62,6.682,6/10/2024
-111.710217,33.0819217,Azule 1,TaskName 6/10/2024,Wheat (Durum),4740,6/10/2024,0.999,On,1293.7,24.52,7.761,2.261,3.278,12.62,269.57,10.31,9.364,7,1,561.84,5070.2,5070.2,84.5,84.5,6.649,6/10/2024
-111.7102279,33.08192163,Azule 1,TaskName 6/10/2024,Wheat (Durum),4741,6/10/2024,1,On,1293.8,24.52,7.761,2.228,3.337,12.17,269.7,11.19,10.52,7.061,1,631.21,5601,5601,93.35,93.35,6.762,6/10/2024
-111.7102385,33.0819217,Azule 1,TaskName 6/10/2024,Wheat (Durum),4742,6/10/2024,1.005,On,1293.8,24.52,7.761,2.237,3.271,11.33,269.96,10.69,11.16,7.1,1,669.38,6089.2,6089.2,101.49,101.49,6.596,6/10/2024
-111.7102493,33.08192181,Azule 1,TaskName 6/10/2024,Wheat (Durum),4743,6/10/2024,0.995,On,1293.9,24.52,7.761,2.22,3.321,11.47,270.1,9.597,10.63,7.1,1,637.57,5657,5657,94.28,94.28,6.762,6/10/2024
-111.71026,33.08192165,Azule 1,TaskName 6/10/2024,Wheat (Durum),4744,6/10/2024,1,On,1293.9,24.52,7.761,2.22,3.278,12.78,269.93,9.458,9.47,7.1,1,568.18,5132.6,5132.6,85.54,85.54,6.642,6/10/2024
-111.7102709,33.08192164,Azule 1,TaskName 6/10/2024,Wheat (Durum),4745,6/10/2024,1,On,1293.9,24.52,7.761,2.245,3.34,11.69,270.05,9.84,9.569,7.04,1,574.14,5089.6,5089.6,84.83,84.83,6.768,6/10/2024
-111.7102818,33.08192178,Azule 1,TaskName 6/10/2024,Wheat (Durum),4746,6/10/2024,1,On,1293.9,24.52,7.761,2.306,3.344,10.79,270.13,9.915,9.808,7,1,588.48,5211.6,5211.6,86.86,86.86,6.775,6/10/2024
-111.7102926,33.08192194,Azule 1,TaskName 6/10/2024,Wheat (Durum),4747,6/10/2024,1,On,1293.8,24.52,7.761,2.277,3.327,13.69,270.26,10.02,9.968,7,1,598.11,5323,5323,88.72,88.72,6.742,6/10/2024
-111.7103034,33.08192204,Azule 1,TaskName 6/10/2024,Wheat (Durum),4748,6/10/2024,1,On,1293.8,24.52,7.761,2.315,3.298,12.96,270.29,9.944,9.993,7,1,599.56,5383.7,5383.7,89.73,89.73,6.682,6/10/2024
-111.7103142,33.08192196,Azule 1,TaskName 6/10/2024,Wheat (Durum),4749,6/10/2024,1.001,On,1293.7,24.52,7.761,2.249,3.327,12.05,270.14,10.08,9.956,7,1,597.39,5321.9,5321.9,88.7,88.7,6.735,6/10/2024
-111.710325,33.08192202,Azule 1,TaskName 6/10/2024,Wheat (Durum),4750,6/10/2024,0.999,On,1293.7,24.52,7.761,2.232,3.321,13.87,270.09,9.733,10.09,7.06,1,605.32,5392.4,5392.4,89.87,89.87,6.735,6/10/2024
-111.7103358,33.08192182,Azule 1,TaskName 6/10/2024,Wheat (Durum),4751,6/10/2024,1,On,1293.7,24.52,7.761,2.225,3.291,11.32,269.79,8.608,9.704,7.16,1,582.22,5238.4,5238.4,87.31,87.31,6.669,6/10/2024
-111.7103464,33.08192165,Azule 1,TaskName 6/10/2024,Wheat (Durum),4752,6/10/2024,1,On,1293.7,24.52,7.761,2.25,3.268,11.81,269.56,7.839,8.429,7.2,1,505.72,4582.1,4582.1,76.37,76.37,6.622,6/10/2024
-111.7103573,33.0819216,Azule 1,TaskName 6/10/2024,Wheat (Durum),4753,6/10/2024,1.001,On,1293.7,24.52,7.761,2.235,3.334,12.08,269.7,7.836,7.854,7.139,1,471.23,4189.8,4189.8,69.83,69.83,6.748,6/10/2024
-111.710368,33.08192176,Azule 1,TaskName 6/10/2024,Wheat (Durum),4754,6/10/2024,1,On,1293.7,24.52,7.761,2.244,3.267,12.78,269.98,7.951,7.823,7.1,1,469.37,4253.9,4253.9,70.9,70.9,6.62,6/10/2024
-111.7103789,33.08192171,Azule 1,TaskName 6/10/2024,Wheat (Durum),4755,6/10/2024,0.999,On,1293.7,24.52,7.761,2.267,3.334,12.02,269.88,8.978,7.986,7.1,1,479.18,4251.1,4251.1,70.85,70.85,6.763,6/10/2024
-111.7103895,33.08192174,Azule 1,TaskName 6/10/2024,Wheat (Durum),4756,6/10/2024,1,On,1293.7,24.52,7.761,2.259,3.233,12.44,269.94,9.665,9.112,7.1,1,546.72,5007.8,5007.8,83.46,83.46,6.55,6/10/2024
-111.7104003,33.08192176,Azule 1,TaskName 6/10/2024,Wheat (Durum),4757,6/10/2024,1,On,1293.8,24.52,7.761,2.205,3.312,13.23,269.95,10.54,9.64,7.1,1,578.41,5172.2,5172.2,86.2,86.2,6.71,6/10/2024
-111.710411,33.08192184,Azule 1,TaskName 6/10/2024,Wheat (Durum),4758,6/10/2024,1,On,1293.8,24.52,7.761,2.265,3.279,12.09,269.98,10.29,10.78,7.1,1,646.69,5840.6,5840.6,97.34,97.34,6.643,6/10/2024
-111.7104219,33.08192182,Azule 1,TaskName 6/10/2024,Wheat (Durum),4759,6/10/2024,1,On,1293.8,24.52,7.761,2.221,3.334,10.74,270.02,8.524,9.98,7.1,1,598.78,5317.4,5317.4,88.62,88.62,6.756,6/10/2024
-111.7104325,33.08192188,Azule 1,TaskName 6/10/2024,Wheat (Durum),4760,6/10/2024,0.996,On,1293.8,24.52,7.761,2.23,3.249,11.18,270.01,7.404,8.461,7.1,1,507.64,4607.9,4607.9,76.8,76.8,6.61,6/10/2024
-111.7104434,33.08192185,Azule 1,TaskName 6/10/2024,Wheat (Durum),4761,6/10/2024,1,On,1293.8,24.52,7.761,2.271,3.334,11.27,269.98,7.813,7.259,7.1,1,435.52,3867.6,3867.6,64.46,64.46,6.756,6/10/2024
-111.710454,33.08192204,Azule 1,TaskName 6/10/2024,Wheat (Durum),4762,6/10/2024,1.004,On,1293.8,24.52,7.761,2.28,3.246,12.2,270.35,8.793,8.055,7.1,1,483.29,4426.5,4426.5,73.78,73.78,6.551,6/10/2024
-111.7104648,33.08192208,Azule 1,TaskName 6/10/2024,Wheat (Durum),4763,6/10/2024,1,On,1293.7,24.52,7.761,2.234,3.292,12.05,270.26,9.262,8.72,7.1,1,523.18,4706.3,4706.3,78.44,78.44,6.67,6/10/2024
-111.7104755,33.08192195,Azule 1,TaskName 6/10/2024,Wheat (Durum),4764,6/10/2024,0.996,On,1293.7,24.52,7.761,2.232,3.282,12.45,269.9,9.292,9.382,7.1,1,562.9,5058.4,5058.4,84.31,84.31,6.677,6/10/2024
-111.7104862,33.0819217,Azule 1,TaskName 6/10/2024,Wheat (Durum),4765,6/10/2024,1,On,1293.7,24.52,7.761,2.246,3.262,12.7,269.66,8.796,9.242,7.1,1,554.53,5033.4,5033.4,83.89,83.89,6.61,6/10/2024
-111.7104971,33.08192161,Azule 1,TaskName 6/10/2024,Wheat (Durum),4766,6/10/2024,1,On,1293.7,24.52,7.761,2.222,3.341,12.42,269.69,8.269,8.752,7.1,1,525.14,4654.3,4654.3,77.57,77.57,6.77,6/10/2024
-111.7105077,33.0819218,Azule 1,TaskName 6/10/2024,Wheat (Durum),4767,6/10/2024,1,On,1293.6,24.52,7.761,2.29,3.239,12.78,269.98,7.999,8.191,7.1,1,491.49,4492.8,4492.8,74.88,74.88,6.564,6/10/2024
-111.7105185,33.08192191,Azule 1,TaskName 6/10/2024,Wheat (Durum),4768,6/10/2024,1,On,1293.6,24.52,7.761,2.249,3.292,12.14,270.02,8.582,8.082,7.1,1,484.93,4362.2,4362.2,72.7,72.7,6.67,6/10/2024
-111.7105293,33.08192183,Azule 1,TaskName 6/10/2024,Wheat (Durum),4769,6/10/2024,1,On,1293.6,24.52,7.761,2.251,3.308,10.75,269.98,9.92,8.638,6.98,1,518.27,4638.9,4638.9,77.32,77.32,6.703,6/10/2024
-111.71054,33.08192169,Azule 1,TaskName 6/10/2024,Wheat (Durum),4770,6/10/2024,1,On,1293.6,24.52,7.761,2.213,3.269,13.07,269.91,11.25,10.12,6.9,1,607.06,5499.1,5499.1,91.65,91.65,6.624,6/10/2024
-111.7105507,33.08192174,Azule 1,TaskName 6/10/2024,Wheat (Durum),4771,6/10/2024,0.999,On,1293.7,24.52,7.761,2.208,3.262,14.76,270.05,11.08,11.31,6.9,1,678.49,6152.4,6152.4,102.54,102.54,6.617,6/10/2024
-111.7105616,33.0819218,Azule 1,TaskName 6/10/2024,Wheat (Durum),4772,6/10/2024,1,On,1293.7,24.52,7.761,2.234,3.328,10.6,270.16,10.43,10.98,6.9,1,658.8,5862,5862,97.7,97.7,6.743,6/10/2024
-111.7105722,33.08192198,Azule 1,TaskName 6/10/2024,Wheat (Durum),4773,6/10/2024,1.001,On,1293.7,24.52,7.761,2.221,3.239,16.03,270.36,9.979,10.39,6.9,1,623.54,5705.6,5705.6,95.09,95.09,6.557,6/10/2024
-111.710583,33.08192208,Azule 1,TaskName 6/10/2024,Wheat (Durum),4774,6/10/2024,0.999,On,1293.7,24.52,7.761,2.291,3.321,9.97,270.49,10.72,9.99,6.959,1,599.4,5338.6,5338.6,88.98,88.98,6.737,6/10/2024
-111.7105936,33.08192214,Azule 1,TaskName 6/10/2024,Wheat (Durum),4775,6/10/2024,1.001,On,1293.7,24.52,7.761,2.238,3.246,12.52,270.48,11.42,10.85,7.06,1,650.71,5942.2,5942.2,99.04,99.04,6.57,6/10/2024
-111.7106044,33.08192219,Azule 1,TaskName 6/10/2024,Wheat (Durum),4776,6/10/2024,0.999,On,1293.7,24.52,7.761,2.25,3.282,12.07,270.3,12.09,11.4,7.1,1,683.86,6163.9,6163.9,102.73,102.73,6.657,6/10/2024
-111.7106151,33.0819221,Azule 1,TaskName 6/10/2024,Wheat (Durum),4777,6/10/2024,1.001,On,1293.7,24.52,7.761,2.249,3.269,13.09,270.04,11.74,12.24,7.1,1,734.55,6660.7,6660.7,111.01,111.01,6.617,6/10/2024
-111.7106258,33.08192175,Azule 1,TaskName 6/10/2024,Wheat (Durum),4778,6/10/2024,0.999,On,1293.7,24.52,7.761,2.221,3.282,14.23,269.65,10.67,11.55,7.1,1,693,6246.2,6246.2,104.1,104.1,6.657,6/10/2024
-111.7106366,33.08192177,Azule 1,TaskName 6/10/2024,Wheat (Durum),4779,6/10/2024,1.001,On,1293.7,24.52,7.761,2.235,3.312,14.57,269.97,9.422,10.67,7.1,1,640.22,5730.6,5730.6,95.51,95.51,6.703,6/10/2024
-111.7106474,33.08192187,Azule 1,TaskName 6/10/2024,Wheat (Durum),4780,6/10/2024,1,On,1293.8,24.52,7.761,2.209,3.289,11.02,270.12,8.561,9.203,7.1,1,552.15,4971.8,4971.8,82.86,82.86,6.663,6/10/2024
-111.7106581,33.08192176,Azule 1,TaskName 6/10/2024,Wheat (Durum),4781,6/10/2024,0.999,On,1293.9,24.52,7.761,2.226,3.259,13.69,269.98,9.666,8.618,7.1,1,517.09,4693.6,4693.6,78.23,78.23,6.61,6/10/2024
-111.710669,33.08192152,Azule 1,TaskName 6/10/2024,Wheat (Durum),4782,6/10/2024,1.001,On,1293.9,24.52,7.761,2.258,3.325,12.8,269.76,11.18,9.859,7.1,1,591.54,5273.9,5273.9,87.9,87.9,6.73,6/10/2024
-111.7106797,33.08192161,Azule 1,TaskName 6/10/2024,Wheat (Durum),4783,6/10/2024,1,On,1293.9,24.52,7.761,2.253,3.292,13.43,270.04,9.941,11.24,7.1,1,674.48,6067.2,6067.2,101.12,101.12,6.67,6/10/2024
-111.7106902,33.08192165,Azule 1,TaskName 6/10/2024,Wheat (Durum),4784,6/10/2024,1,On,1293.9,24.52,7.761,2.276,3.22,17.47,270.05,7.669,9.69,7.1,1,581.43,5346.5,5346.5,89.11,89.11,6.525,6/10/2024
-111.7107014,33.08192181,Azule 1,TaskName 6/10/2024,Wheat (Durum),4785,6/10/2024,1,On,1293.8,24.52,7.761,2.318,3.432,10.94,270.24,7.392,7.611,7.1,1,456.69,3940.7,3940.7,65.68,65.68,6.953,6/10/2024
-111.7107122,33.08192203,Azule 1,TaskName 6/10/2024,Wheat (Durum),4786,6/10/2024,1,On,1293.8,24.52,7.761,2.229,3.307,11.56,270.36,8.912,7.394,7.1,1,443.63,3972.3,3972.3,66.21,66.21,6.701,6/10/2024
-111.7107229,33.08192199,Azule 1,TaskName 6/10/2024,Wheat (Durum),4787,6/10/2024,0.999,On,1293.9,24.52,7.761,2.222,3.274,12.05,270.16,10.22,9.158,7.1,1,549.47,4964.4,4964.4,82.74,82.74,6.641,6/10/2024
-111.7107337,33.08192188,Azule 1,TaskName 6/10/2024,Wheat (Durum),4788,6/10/2024,1.001,On,1293.9,24.52,7.761,2.258,3.327,11.49,269.91,10.03,10.22,7.1,1,612.97,5461.6,5461.6,91.03,91.03,6.734,6/10/2024
-111.7107444,33.08192183,Azule 1,TaskName 6/10/2024,Wheat (Durum),4789,6/10/2024,1,On,1293.9,24.52,7.761,2.243,3.277,12.33,269.95,8.946,9.998,7.1,1,599.87,5419.8,5419.8,90.33,90.33,6.641,6/10/2024
-111.7107551,33.08192183,Azule 1,TaskName 6/10/2024,Wheat (Durum),4790,6/10/2024,1,On,1293.9,24.52,7.761,2.228,3.281,13.55,269.94,7.787,8.79,7.16,1,527.43,4760.5,4760.5,79.34,79.34,6.648,6/10/2024
-111.710766,33.08192192,Azule 1,TaskName 6/10/2024,Wheat (Durum),4791,6/10/2024,1,On,1294,24.52,7.761,2.252,3.346,12.38,270.02,6.849,7.737,7.26,1,464.19,4107.5,4107.5,68.46,68.46,6.781,6/10/2024
-111.7107768,33.08192196,Azule 1,TaskName 6/10/2024,Wheat (Durum),4792,6/10/2024,1,On,1294.1,24.52,7.761,2.23,3.333,10.51,270.05,7.049,6.74,7.3,1,404.37,3592.3,3592.3,59.87,59.87,6.754,6/10/2024
-111.7107876,33.08192191,Azule 1,TaskName 6/10/2024,Wheat (Durum),4793,6/10/2024,0.999,On,1294.1,24.52,7.761,2.244,3.287,10.83,269.98,8.973,7.187,7.24,1,431.22,3880.5,3880.5,64.67,64.67,6.668,6/10/2024
-111.7107983,33.08192186,Azule 1,TaskName 6/10/2024,Wheat (Durum),4794,6/10/2024,1,On,1294,24.52,7.761,2.296,3.291,13.53,269.95,9.951,9.173,7.14,1,550.35,4952.5,4952.5,82.54,82.54,6.668,6/10/2024
-111.7108092,33.08192171,Azule 1,TaskName 6/10/2024,Wheat (Durum),4795,6/10/2024,1,On,1293.9,24.52,7.761,2.282,3.34,14.8,269.83,9.608,9.929,7.1,1,595.73,5281.8,5281.8,88.03,88.03,6.767,6/10/2024
-111.71082,33.08192186,Azule 1,TaskName 6/10/2024,Wheat (Durum),4796,6/10/2024,1.001,On,1293.9,24.52,7.761,2.261,3.34,11.7,270.05,8.391,9.57,7.1,1,574.17,5095.8,5095.8,84.93,84.93,6.761,6/10/2024
-111.7108308,33.08192177,Azule 1,TaskName 6/10/2024,Wheat (Durum),4797,6/10/2024,0.999,On,1293.8,24.52,7.761,2.247,3.304,12.38,269.93,7.418,8.22,7.1,1,493.19,4416.1,4416.1,73.6,73.6,6.701,6/10/2024
-111.7108417,33.08192172,Azule 1,TaskName 6/10/2024,Wheat (Durum),4798,6/10/2024,1.001,On,1293.9,24.52,7.761,2.24,3.33,10.52,269.99,7.824,7.416,7.1,1,444.98,3960.9,3960.9,66.02,66.02,6.741,6/10/2024
-111.7108523,33.0819218,Azule 1,TaskName 6/10/2024,Wheat (Durum),4799,6/10/2024,0.999,On,1293.9,24.52,7.761,2.239,3.261,12.07,270.06,9.303,7.894,7.1,1,473.67,4296.8,4296.8,71.61,71.61,6.614,6/10/2024
-111.7108631,33.0819217,Azule 1,TaskName 6/10/2024,Wheat (Durum),4800,6/10/2024,1.001,On,1293.9,24.52,7.761,2.252,3.323,10.29,269.87,10.05,9.492,7.1,1,569.54,5079.6,5079.6,84.66,84.66,6.727,6/10/2024
-111.7108739,33.08192174,Azule 1,TaskName 6/10/2024,Wheat (Durum),4801,6/10/2024,0.999,On,1293.9,24.52,7.761,2.246,3.297,11.95,269.95,10.8,9.996,7.1,1,599.77,5381.1,5381.1,89.68,89.68,6.688,6/10/2024
-111.7108846,33.08192185,Azule 1,TaskName 6/10/2024,Wheat (Durum),4802,6/10/2024,0.996,On,1293.9,24.52,7.761,2.203,3.284,14.39,270.02,11.78,11.06,7.04,1,663.46,5958.4,5958.4,99.31,99.31,6.681,6/10/2024
-111.7108954,33.08192192,Azule 1,TaskName 6/10/2024,Wheat (Durum),4803,6/10/2024,1.004,On,1294,24.52,7.761,2.259,3.314,11.6,269.96,11.28,11.76,7,1,705.68,6331.5,6331.5,105.52,105.52,6.687,6/10/2024
-111.7109063,33.08192179,Azule 1,TaskName 6/10/2024,Wheat (Durum),4804,6/10/2024,1,On,1294,24.52,7.761,2.237,3.34,12.37,269.78,9.656,11.13,7,1,668,5922.7,5922.7,98.71,98.71,6.767,6/10/2024
-111.710917,33.0819218,Azule 1,TaskName 6/10/2024,Wheat (Durum),4805,6/10/2024,1,On,1294,24.52,7.761,2.28,3.3,10.14,269.93,8.967,9.487,7.059,1,569.22,5107,5107,85.12,85.12,6.687,6/10/2024
-111.7109278,33.08192194,Azule 1,TaskName 6/10/2024,Wheat (Durum),4806,6/10/2024,1,On,1294,24.52,7.761,2.262,3.32,11.92,270.15,9.503,9.093,7.1,1,545.57,4865.8,4865.8,81.1,81.1,6.727,6/10/2024
-111.7109386,33.08192204,Azule 1,TaskName 6/10/2024,Wheat (Durum),4807,6/10/2024,0.995,On,1293.9,24.52,7.761,2.276,3.307,16.26,270.14,9.846,9.515,7.16,1,570.91,5086.4,5086.4,84.77,84.77,6.734,6/10/2024
-111.7109495,33.08192189,Azule 1,TaskName 6/10/2024,Wheat (Durum),4808,6/10/2024,1.005,On,1293.9,24.52,7.761,2.317,3.346,12.53,269.83,10.07,9.895,7.141,1,593.68,5279.6,5279.6,87.99,87.99,6.747,6/10/2024
-111.7109603,33.08192179,Azule 1,TaskName 6/10/2024,Wheat (Durum),4809,6/10/2024,0.995,On,1293.8,24.52,7.761,2.233,3.304,13.12,269.65,9.641,10.06,7.1,1,603.9,5385.7,5385.7,89.76,89.76,6.728,6/10/2024
-111.7109709,33.08192166,Azule 1,TaskName 6/10/2024,Wheat (Durum),4810,6/10/2024,1.005,On,1293.9,24.52,7.761,2.254,3.264,13.66,269.59,9.137,9.575,7.1,1,574.48,5237.3,5237.3,87.29,87.29,6.581,6/10/2024
-111.7109821,33.08192168,Azule 1,TaskName 6/10/2024,Wheat (Durum),4811,6/10/2024,0.996,On,1293.9,24.52,7.761,2.239,3.412,12.48,269.7,8.705,9.112,7.1,1,546.7,4725.7,4725.7,78.76,78.76,6.941,6/10/2024
-111.7109927,33.0819218,Azule 1,TaskName 6/10/2024,Wheat (Durum),4812,6/10/2024,0.999,On,1293.9,24.52,7.761,2.243,3.261,11.38,269.89,7.376,8.648,7.1,1,518.87,4706.7,4706.7,78.45,78.45,6.614,6/10/2024
-111.7110033,33.08192185,Azule 1,TaskName 6/10/2024,Wheat (Durum),4813,6/10/2024,1.001,On,1293.9,24.52,7.761,2.223,3.258,13.48,269.92,6.223,7.207,7.1,1,432.41,3934.3,3934.3,65.57,65.57,6.594,6/10/2024
-111.711025,33.08192167,Azule 1,TaskName 6/10/2024,Wheat (Durum),4815,6/10/2024,1.001,On,1293.8,24.52,7.761,2.235,3.294,13.45,269.68,8.137,6.499,7.1,1,389.95,3509.2,3509.2,58.49,58.49,6.667,6/10/2024
-111.7110359,33.08192148,Azule 1,TaskName 6/10/2024,Wheat (Durum),4816,6/10/2024,1,On,1293.8,24.52,7.761,2.255,3.346,11.27,269.67,9.488,8.355,7.1,1,501.31,4436.1,4436.1,73.93,73.93,6.78,6/10/2024
-111.7110466,33.08192142,Azule 1,TaskName 6/10/2024,Wheat (Durum),4817,6/10/2024,1,On,1293.8,24.02,8.012,2.244,3.304,13.65,269.83,9.437,9.56,7.1,1,573.62,5248.9,5248.9,87.48,87.48,6.557,6/10/2024
-111.7110574,33.08192166,Azule 1,TaskName 6/10/2024,Wheat (Durum),4818,6/10/2024,1,On,1293.8,24.52,7.761,2.272,3.297,11.44,270.14,10.06,9.341,7.04,1,560.44,5033.4,5033.4,83.89,83.89,6.681,6/10/2024
-111.7110681,33.08192186,Azule 1,TaskName 6/10/2024,Wheat (Durum),4819,6/10/2024,0.999,On,1293.8,24.52,7.761,2.293,3.304,12.58,270.44,10.3,10.22,7,1,613.33,5491.9,5491.9,91.53,91.53,6.701,6/10/2024
-111.7110791,33.08192197,Azule 1,TaskName 6/10/2024,Wheat (Durum),4820,6/10/2024,1,On,1293.8,24.52,7.761,2.237,3.359,11.76,270.54,9.634,10.19,7,1,611.12,5386.7,5386.7,89.78,89.78,6.807,6/10/2024
-111.7110898,33.08192224,Azule 1,TaskName 6/10/2024,Wheat (Durum),4821,6/10/2024,1,On,1293.9,24.52,7.761,2.212,3.297,10.6,270.52,8.632,9.63,7,1,577.78,5189.1,5189.1,86.48,86.48,6.681,6/10/2024
-111.7111007,33.08192214,Azule 1,TaskName 6/10/2024,Wheat (Durum),4822,6/10/2024,1.001,On,1293.9,24.52,7.761,2.257,3.336,10.08,270.27,8.585,8.444,7.06,1,506.64,4500.9,4500.9,75.02,75.02,6.754,6/10/2024
-111.7111113,33.08192198,Azule 1,TaskName 6/10/2024,Wheat (Durum),4823,6/10/2024,1,On,1293.9,24.52,7.761,2.255,3.251,15.39,270.03,9.851,8.742,7.1,1,524.51,4777.2,4777.2,79.62,79.62,6.588,6/10/2024
-111.7111221,33.08192193,Azule 1,TaskName 6/10/2024,Wheat (Durum),4824,6/10/2024,1,On,1293.9,24.52,7.761,2.216,3.32,14.56,269.79,10.79,9.926,7.161,1,595.55,5311.7,5311.7,88.53,88.53,6.727,6/10/2024
-111.7111329,33.08192178,Azule 1,TaskName 6/10/2024,Wheat (Durum),4825,6/10/2024,1,On,1293.9,24.52,7.761,2.279,3.294,10.23,269.67,10.09,10.88,7.14,1,652.59,5866.8,5866.8,97.78,97.78,6.674,6/10/2024
-111.7111438,33.08192169,Azule 1,TaskName 6/10/2024,Wheat (Durum),4826,6/10/2024,1,On,1293.9,24.52,7.761,2.24,3.336,11.49,269.49,8.771,9.889,7.1,1,593.37,5266.2,5266.2,87.77,87.77,6.76,6/10/2024
-111.7111544,33.08192186,Azule 1,TaskName 6/10/2024,Wheat (Durum),4827,6/10/2024,1,On,1294,24.52,7.761,2.24,3.277,13.83,269.84,8.44,8.746,7.1,1,524.76,4741.2,4741.2,79.02,79.02,6.641,6/10/2024
-111.7111653,33.08192173,Azule 1,TaskName 6/10/2024,Wheat (Durum),4828,6/10/2024,0.999,On,1294,24.52,7.761,2.27,3.35,12.4,269.79,8.706,8.41,7.16,1,504.57,4456.1,4456.1,74.27,74.27,6.794,6/10/2024
-111.7111761,33.0819217,Azule 1,TaskName 6/10/2024,Wheat (Durum),4829,6/10/2024,1.001,On,1293.9,24.52,7.761,2.273,3.294,12.41,269.91,9.835,8.784,7.26,1,527.04,4742.9,4742.9,79.05,79.05,6.667,6/10/2024
-111.7111869,33.08192177,Azule 1,TaskName 6/10/2024,Wheat (Durum),4830,6/10/2024,0.999,On,1293.8,24.52,7.761,2.327,3.33,12.18,270.02,10.93,9.956,7.3,1,597.33,5306.5,5306.5,88.44,88.44,6.754,6/10/2024
-111.7111976,33.08192175,Azule 1,TaskName 6/10/2024,Wheat (Durum),4831,6/10/2024,1.001,On,1293.8,24.52,7.761,2.214,3.287,14.31,269.91,11.07,11.08,7.3,1,664.81,5994.6,5994.6,99.91,99.91,6.654,6/10/2024
-111.7112084,33.08192166,Azule 1,TaskName 6/10/2024,Wheat (Durum),4832,6/10/2024,0.995,On,1293.9,24.52,7.761,2.237,3.304,12.91,269.91,9.705,10.94,7.241,1,656.7,5856.7,5856.7,97.61,97.61,6.728,6/10/2024
-111.7112193,33.0819216,Azule 1,TaskName 6/10/2024,Wheat (Durum),4833,6/10/2024,1.005,On,1293.9,24.52,7.761,2.223,3.323,11.48,269.81,8.29,9.545,7.14,1,572.7,5128.3,5128.3,85.47,85.47,6.7,6/10/2024
-111.7112301,33.08192153,Azule 1,TaskName 6/10/2024,Wheat (Durum),4834,6/10/2024,0.999,On,1293.9,24.52,7.761,2.24,3.323,11.21,269.9,8.48,8.19,7.1,1,491.38,4373.9,4373.9,72.9,72.9,6.741,6/10/2024
-111.7112408,33.08192161,Azule 1,TaskName 6/10/2024,Wheat (Durum),4835,6/10/2024,1,On,1293.9,24.52,7.761,2.275,3.277,12.56,269.98,9.149,8.607,7.1,1,516.41,4665.8,4665.8,77.76,77.76,6.641,6/10/2024
-111.7112514,33.08192184,Azule 1,TaskName 6/10/2024,Wheat (Durum),4836,6/10/2024,1,On,1293.9,24.52,7.761,2.247,3.274,12.65,270.29,8.599,9.145,7.1,1,548.68,4962.4,4962.4,82.71,82.71,6.634,6/10/2024
-111.7112621,33.08192199,Azule 1,TaskName 6/10/2024,Wheat (Durum),4837,6/10/2024,1.001,On,1294,24.52,7.761,2.265,3.271,12.37,270.33,8.17,8.514,7.159,1,510.81,4629.1,4629.1,77.15,77.15,6.621,6/10/2024
-111.711273,33.08192201,Azule 1,TaskName 6/10/2024,Wheat (Durum),4838,6/10/2024,0.995,On,1294,24.52,7.761,2.205,3.343,12.74,270.37,8.189,8.185,7.261,1,491.1,4328.3,4328.3,72.14,72.14,6.808,6/10/2024
-111.7112836,33.08192204,Azule 1,TaskName 6/10/2024,Wheat (Durum),4839,6/10/2024,1.004,On,1294.1,24.52,7.761,2.236,3.258,12.29,270.33,8.395,8.181,7.3,1,490.85,4479.5,4479.5,74.66,74.66,6.575,6/10/2024
-111.7112945,33.08192217,Azule 1,TaskName 6/10/2024,Wheat (Durum),4840,6/10/2024,0.996,On,1294.1,24.52,7.761,2.243,3.35,11.27,270.44,8.92,8.494,7.24,1,509.67,4487.6,4487.6,74.79,74.79,6.814,6/10/2024
-111.7113053,33.0819221,Azule 1,TaskName 6/10/2024,Wheat (Durum),4841,6/10/2024,1.004,On,1294.1,24.52,7.761,2.267,3.3,10.71,270.14,9.762,8.904,7.2,1,534.24,4812.4,4812.4,80.21,80.21,6.661,6/10/2024
-111.7113161,33.08192199,Azule 1,TaskName 6/10/2024,Wheat (Durum),4842,6/10/2024,1.001,On,1294.1,24.52,7.761,2.281,3.304,12.71,270.07,9.625,9.969,7.2,1,598.13,5366.5,5366.5,89.44,89.44,6.687,6/10/2024
-111.7113268,33.0819221,Azule 1,TaskName 6/10/2024,Wheat (Durum),4843,6/10/2024,0.999,On,1294,24.52,7.761,2.267,3.274,12.31,270.19,9.742,9.461,7.2,1,567.63,5128.6,5128.6,85.48,85.48,6.641,6/10/2024
-111.7113376,33.08192185,Azule 1,TaskName 6/10/2024,Wheat (Durum),4844,6/10/2024,0.996,On,1294.1,24.52,7.761,2.23,3.317,12.47,269.84,10.31,9.886,7.2,1,593.18,5273.6,5273.6,87.89,87.89,6.749,6/10/2024
-111.7113484,33.08192174,Azule 1,TaskName 6/10/2024,Wheat (Durum),4845,6/10/2024,1,On,1294.1,24.52,7.761,2.249,3.321,11.52,269.67,9.635,10.25,7.2,1,615.28,5485.9,5485.9,91.43,91.43,6.729,6/10/2024
-111.7113591,33.08192155,Azule 1,TaskName 6/10/2024,Wheat (Durum),4846,6/10/2024,1,On,1294,24.52,7.761,2.245,3.295,11.79,269.49,8.667,9.62,7.2,1,577.22,5187.6,5187.6,86.46,86.46,6.676,6/10/2024
-111.7113698,33.0819215,Azule 1,TaskName 6/10/2024,Wheat (Durum),4847,6/10/2024,1,On,1294,24.02,8.012,2.237,3.262,14.01,269.42,8.159,8.522,7.2,1,511.31,4738.4,4738.4,78.97,78.97,6.474,6/10/2024
-111.7113806,33.08192153,Azule 1,TaskName 6/10/2024,Wheat (Durum),4848,6/10/2024,1.004,On,1294,24.52,7.761,2.27,3.315,11.17,269.65,8.716,8.195,7.081,1,491.7,4410.3,4410.3,73.51,73.51,6.689,6/10/2024
-111.7113914,33.08192167,Azule 1,TaskName 6/10/2024,Wheat (Durum),4849,6/10/2024,0.996,On,1294,24.52,7.761,2.239,3.308,12.09,269.81,9.764,8.779,6.88,1,526.75,4696.4,4696.4,78.27,78.27,6.73,6/10/2024
-111.7114021,33.08192164,Azule 1,TaskName 6/10/2024,Wheat (Durum),4850,6/10/2024,1.004,On,1294,24.52,7.761,2.219,3.292,13.12,269.8,10.33,9.907,6.8,1,594.42,5368.9,5368.9,89.48,89.48,6.643,6/10/2024
-111.7114129,33.08192165,Azule 1,TaskName 6/10/2024,Wheat (Durum),4851,6/10/2024,0.995,On,1294.1,24.52,7.761,2.235,3.315,12.29,269.85,9.41,10.3,6.86,1,618.03,5493.7,5493.7,91.56,91.56,6.75,6/10/2024
-111.7114238,33.08192172,Azule 1,TaskName 6/10/2024,Wheat (Durum),4852,6/10/2024,1,On,1294,24.52,7.761,2.263,3.338,11.73,269.95,8.709,9.268,6.9,1,556.07,4933.6,4933.6,82.23,82.23,6.763,6/10/2024
-111.7114344,33.08192191,Azule 1,TaskName 6/10/2024,Wheat (Durum),4853,6/10/2024,1.001,On,1294.1,24.52,7.761,2.229,3.275,12.7,270.22,9.12,8.717,6.9,1,523.03,4733.5,4733.5,78.89,78.89,6.63,6/10/2024
-111.7114452,33.08192195,Azule 1,TaskName 6/10/2024,Wheat (Durum),4854,6/10/2024,1,On,1294.1,24.52,7.761,2.241,3.305,11.2,270.23,9.825,9.189,6.9,1,551.34,4940.2,4940.2,82.34,82.34,6.696,6/10/2024
-111.7114561,33.0819222,Azule 1,TaskName 6/10/2024,Wheat (Durum),4855,6/10/2024,1,On,1294,24.52,7.761,2.305,3.341,11.73,270.41,9.93,9.891,6.9,1,593.46,5260.2,5260.2,87.67,87.67,6.769,6/10/2024
-111.7114668,33.08192215,Azule 1,TaskName 6/10/2024,Wheat (Durum),4856,6/10/2024,0.999,On,1294.1,24.52,7.761,2.26,3.298,11.42,270.13,9.845,9.886,6.9,1,593.18,5320.3,5320.3,88.67,88.67,6.69,6/10/2024
-111.7114775,33.08192205,Azule 1,TaskName 6/10/2024,Wheat (Durum),4857,6/10/2024,1.001,On,1294.1,24.52,7.761,2.22,3.275,14.8,270.02,9.863,9.872,6.9,1,592.35,5360.9,5360.9,89.35,89.35,6.63,6/10/2024
-111.7114885,33.08192205,Azule 1,TaskName 6/10/2024,Wheat (Durum),4858,6/10/2024,0.999,On,1294.1,24.52,7.761,2.275,3.354,11.61,269.95,9.312,9.83,6.9,1,589.83,5202.3,5202.3,86.71,86.71,6.803,6/10/2024
-111.7114993,33.08192191,Azule 1,TaskName 6/10/2024,Wheat (Durum),4859,6/10/2024,0.996,On,1294.1,24.52,7.761,2.252,3.324,11.88,269.63,9.075,9.243,6.9,1,554.56,4919.8,4919.8,82,82,6.763,6/10/2024
-111.71151,33.08192178,Azule 1,TaskName 6/10/2024,Wheat (Durum),4860,6/10/2024,1.004,On,1294.1,24.52,7.761,2.265,3.285,11.28,269.56,9.56,9.099,6.9,1,545.95,4940.9,4940.9,82.35,82.35,6.63,6/10/2024
-111.7115208,33.08192169,Azule 1,TaskName 6/10/2024,Wheat (Durum),4861,6/10/2024,1,On,1294.1,24.52,7.761,2.252,3.324,11.74,269.7,9.91,9.628,6.9,1,577.67,5145.5,5145.5,85.76,85.76,6.736,6/10/2024
-111.7115315,33.08192163,Azule 1,TaskName 6/10/2024,Wheat (Durum),4862,6/10/2024,1,On,1294,24.52,7.761,2.268,3.278,14.03,269.6,10.3,9.912,6.9,1,594.73,5371.7,5371.7,89.53,89.53,6.643,6/10/2024
-111.7115423,33.08192164,Azule 1,TaskName 6/10/2024,Wheat (Durum),4863,6/10/2024,1,On,1294,24.52,7.761,2.255,3.318,13.08,269.56,9.254,10.37,6.9,1,622.05,5551.7,5551.7,92.53,92.53,6.723,6/10/2024
-111.7115532,33.08192155,Azule 1,TaskName 6/10/2024,Wheat (Durum),4864,6/10/2024,1,On,1294,24.52,7.761,2.272,3.331,12.35,269.64,7.915,9.014,6.84,1,540.81,4807.7,4807.7,80.13,80.13,6.749,6/10/2024
-111.711564,33.08192163,Azule 1,TaskName 6/10/2024,Wheat (Durum),4865,6/10/2024,1,On,1294,24.52,7.761,2.225,3.324,11.56,269.83,8.218,7.919,6.8,1,475.17,4232.5,4232.5,70.54,70.54,6.736,6/10/2024
-111.7115747,33.0819217,Azule 1,TaskName 6/10/2024,Wheat (Durum),4866,6/10/2024,1,On,1294,24.52,7.761,2.253,3.278,11.69,269.88,10.26,8.26,6.8,1,495.61,4476.4,4476.4,74.61,74.61,6.643,6/10/2024
-111.7115854,33.08192181,Azule 1,TaskName 6/10/2024,Wheat (Durum),4867,6/10/2024,1,On,1294,24.52,7.761,2.246,3.305,13.28,270.05,11.58,10.58,6.8,1,635.08,5690.6,5690.6,94.84,94.84,6.696,6/10/2024
-111.7115962,33.08192188,Azule 1,TaskName 6/10/2024,Wheat (Durum),4868,6/10/2024,1,On,1294,24.52,7.761,2.272,3.305,11.71,270.05,11.54,11.5,6.8,1,690.12,6183.7,6183.7,103.06,103.06,6.696,6/10/2024
-111.7116069,33.08192188,Azule 1,TaskName 6/10/2024,Wheat (Durum),4869,6/10/2024,1.001,On,1294,24.52,7.761,2.235,3.278,12.93,269.98,10.05,11.6,6.8,1,696.04,6293,6293,104.88,104.88,6.636,6/10/2024
-111.7116178,33.08192192,Azule 1,TaskName 6/10/2024,Wheat (Durum),4870,6/10/2024,0.995,On,1294,24.52,7.761,2.243,3.334,11.57,270.1,9.863,9.724,6.8,1,583.44,5155.6,5155.6,85.93,85.93,6.79,6/10/2024
-111.7116286,33.08192199,Azule 1,TaskName 6/10/2024,Wheat (Durum),4871,6/10/2024,1,On,1294,24.52,7.761,2.227,3.311,11.47,270.09,12,10.17,6.8,1,610.31,5457.8,5457.8,90.96,90.96,6.709,6/10/2024
-111.7116392,33.08192197,Azule 1,TaskName 6/10/2024,Wheat (Durum),4872,6/10/2024,1.004,On,1294,24.52,7.761,2.187,3.249,13.09,270.07,12.19,12.12,6.8,1,727.03,6652.8,6652.8,110.88,110.88,6.557,6/10/2024
-111.71165,33.08192193,Azule 1,TaskName 6/10/2024,Wheat (Durum),4873,6/10/2024,1,On,1294,24.52,7.761,2.285,3.324,10.79,270.04,10.9,12.13,6.8,1,727.67,6481.6,6481.6,108.03,108.03,6.736,6/10/2024
-111.7116597,33.08192191,Azule 1,TaskName 6/10/2024,Wheat (Durum),4874,6/10/2024,1.001,On,1294,24.52,7.761,2.12,2.975,12.31,270.04,8.591,10.78,6.8,1,646.6,6442.4,6442.4,107.37,107.37,6.022,6/10/2024
-111.7116685,33.08192187,Azule 1,TaskName 6/10/2024,Wheat (Durum),4875,6/10/2024,0.999,On,1294,24.52,7.761,1.878,2.708,14.29,269.99,6.04,8.341,6.8,1,500.47,5466.8,5466.8,91.11,91.11,5.493,6/10/2024
-111.7116774,33.0819217,Azule 1,TaskName 6/10/2024,Wheat (Durum),4876,6/10/2024,1,On,1294,24.52,7.761,1.868,2.721,13.24,269.74,4.829,5.853,6.8,1,351.18,3821.4,3821.4,63.69,63.69,5.514,6/10/2024
-111.7116752,33.08200367,Azule 1,TaskName 6/10/2024,Wheat (Durum),4878,6/10/2024,1,On,1294,16.55,1.755,0.419,0.677,7.486,83.87,2.46,1.423,7.4,2,85.38,5529.4,5529.4,92.16,92.16,0.927,6/10/2024
-111.7116721,33.08200385,Azule 1,TaskName 6/10/2024,Wheat (Durum),4879,6/10/2024,0.999,On,1294,16.55,1.755,0.56,0.966,8.169,84.37,3.653,2.72,7.4,2,163.21,7402.9,7402.9,123.38,123.38,1.323,6/10/2024
-111.7116682,33.08200354,Azule 1,TaskName 6/10/2024,Wheat (Durum),4880,6/10/2024,1.001,On,1293.9,16.05,1.505,0.836,1.199,8.226,85.47,4.36,3.76,7.4,2,225.58,8517.3,8517.3,141.95,141.95,1.589,6/10/2024
-111.711664,33.08200322,Azule 1,TaskName 6/10/2024,Wheat (Durum),4881,6/10/2024,1,On,1294,16.05,1.505,0.885,1.274,8.412,86.5,4.104,4.328,7.436,2,259.69,9215.4,9215.4,153.59,153.59,1.691,6/10/2024
-111.7116596,33.08200331,Azule 1,TaskName 6/10/2024,Wheat (Durum),4882,6/10/2024,0.999,On,1294,16.05,1.505,0.856,1.343,8.312,86.74,4.185,4.087,7.5,2,245.22,8247.3,8247.3,137.45,137.45,1.784,6/10/2024
-111.7116543,33.08200312,Azule 1,TaskName 6/10/2024,Wheat (Durum),4883,6/10/2024,0.996,On,1294,16.56,1.254,1.055,1.635,8.74,87.78,4.815,4.265,7.5,2,255.89,6834.5,6834.5,113.91,113.91,2.246,6/10/2024
-111.7116483,33.08200252,Azule 1,TaskName 6/10/2024,Wheat (Durum),4884,6/10/2024,1.005,On,1294.1,16.56,0.752,1.186,1.832,8.619,89.23,4.87,4.866,7.5,2,291.97,7021.9,7021.9,117.03,117.03,2.495,6/10/2024
-111.7116421,33.08200278,Azule 1,TaskName 6/10/2024,Wheat (Durum),4885,6/10/2024,0.999,On,1294.2,17.06,1.003,1.213,1.904,8.813,89.08,4.325,4.732,7.541,2,283.95,6340,6340,105.67,105.67,2.687,6/10/2024
-111.7116361,33.08200315,Azule 1,TaskName 6/10/2024,Wheat (Durum),4886,6/10/2024,1.001,On,1294.2,17.06,1.003,1.248,1.872,8.979,88.83,5.334,4.407,7.6,2,264.41,6019.3,6019.3,100.32,100.32,2.636,6/10/2024
-111.71163,33.0820036,Azule 1,TaskName 6/10/2024,Wheat (Durum),4887,6/10/2024,0.995,On,1294.3,17.06,1.003,1.286,1.862,8.92,88.21,6.187,5.429,7.6,2,325.72,7409.4,7409.4,123.49,123.49,2.638,6/10/2024
-111.7116238,33.08200379,Azule 1,TaskName 6/10/2024,Wheat (Durum),4888,6/10/2024,1.004,On,1294.2,17.06,1.003,1.283,1.911,8.855,88.49,6.163,6.219,7.6,2,373.15,8344.7,8344.7,139.08,139.08,2.683,6/10/2024
-111.7116177,33.08200362,Azule 1,TaskName 6/10/2024,Wheat (Durum),4889,6/10/2024,0.996,On,1294.1,17.06,1.003,1.343,1.891,9.658,89.04,5.586,6.09,7.6,2,365.42,8191,8191,136.52,136.52,2.677,6/10/2024
-111.7116115,33.08200368,Azule 1,TaskName 6/10/2024,Wheat (Durum),4890,6/10/2024,1,On,1294,16.56,1.254,1.292,1.898,8.656,89.01,5.098,5.581,7.517,2,334.89,7738.5,7738.5,128.98,128.98,2.597,6/10/2024
-111.7116053,33.08200361,Azule 1,TaskName 6/10/2024,Wheat (Durum),4891,6/10/2024,1.004,On,1294,16.56,1.254,1.335,1.911,10.08,89.28,4.452,4.98,7.278,2,298.78,6884.1,6884.1,114.74,114.74,2.604,6/10/2024
-111.7115989,33.08200362,Azule 1,TaskName 6/10/2024,Wheat (Durum),4892,6/10/2024,1,On,1294,16.05,1.505,1.373,1.973,8.797,89.3,4.95,4.535,7.061,2,272.12,6236.6,6236.6,103.94,103.94,2.618,6/10/2024
-111.7115924,33.08200371,Azule 1,TaskName 6/10/2024,Wheat (Durum),4893,6/10/2024,1.001,On,1294,16.05,1.505,1.335,1.986,8.98,89.38,4.442,4.864,7,2,291.83,6650.9,6650.9,110.85,110.85,2.633,6/10/2024
-111.7115855,33.08200376,Azule 1,TaskName 6/10/2024,Wheat (Durum),4894,6/10/2024,0.995,On,1294,16.55,1.755,1.335,2.104,9.552,89.47,4.449,4.444,7,2,266.64,5529.6,5529.6,92.16,92.16,2.893,6/10/2024
-111.711578,33.08200374,Azule 1,TaskName 6/10/2024,Wheat (Durum),4895,6/10/2024,1.004,On,1294,16.55,1.755,1.505,2.324,9.938,89.64,5.081,4.484,7,2,269.03,5097.3,5097.3,84.96,84.96,3.167,6/10/2024
-111.7115704,33.08200346,Azule 1,TaskName 6/10/2024,Wheat (Durum),4896,6/10/2024,0.995,On,1294,16.05,1.505,1.612,2.341,9.399,90.11,6.387,5.214,7,2,312.81,6013.7,6013.7,100.23,100.23,3.121,6/10/2024
-111.7115624,33.08200337,Azule 1,TaskName 6/10/2024,Wheat (Durum),4897,6/10/2024,1,On,1293.9,16.05,1.505,1.623,2.448,10.73,90.14,6.772,6.455,7,2,387.29,7155.8,7155.8,119.26,119.26,3.247,6/10/2024
-111.7115544,33.08200327,Azule 1,TaskName 6/10/2024,Wheat (Durum),4898,6/10/2024,1,On,1293.9,16.05,1.505,1.74,2.456,10.07,90.25,6.553,6.813,7.038,2,408.78,7528.3,7528.3,125.47,125.47,3.258,6/10/2024
-111.7115464,33.08200315,Azule 1,TaskName 6/10/2024,Wheat (Durum),4899,6/10/2024,1,On,1293.9,16.05,1.505,1.685,2.449,9.42,90.41,5.38,6.398,7.1,2,383.88,7088.7,7088.7,118.14,118.14,3.249,6/10/2024
-111.7115385,33.08200305,Azule 1,TaskName 6/10/2024,Wheat (Durum),4900,6/10/2024,0.996,On,1293.9,16.05,1.505,1.601,2.413,10.17,90.4,5.07,5.294,7.1,2,317.62,5929.1,5929.1,98.82,98.82,3.214,6/10/2024
-111.7115306,33.08200292,Azule 1,TaskName 6/10/2024,Wheat (Durum),4901,6/10/2024,1.005,On,1293.9,16.56,1.254,1.651,2.426,9.56,90.63,5.871,5.13,7.1,2,307.78,5591.1,5591.1,93.18,93.18,3.303,6/10/2024
-111.7115227,33.08200284,Azule 1,TaskName 6/10/2024,Wheat (Durum),4902,6/10/2024,0.999,On,1293.9,16.56,1.254,1.611,2.406,9.645,90.7,6.791,5.989,7.1,2,359.34,6541.8,6541.8,109.03,109.03,3.296,6/10/2024
-111.7115148,33.08200281,Azule 1,TaskName 6/10/2024,Wheat (Durum),4903,6/10/2024,0.996,On,1293.9,16.56,1.254,1.635,2.423,9.412,90.57,6.89,6.838,7.06,2,410.29,7396.4,7396.4,123.27,123.27,3.328,6/10/2024
-111.711506,33.08200288,Azule 1,TaskName 6/10/2024,Wheat (Durum),4904,6/10/2024,1.004,On,1293.9,16.56,1.254,1.804,2.708,12.91,90.34,6.016,6.786,7,2,407.15,6619,6619,110.32,110.32,3.691,6/10/2024
-111.7114961,33.08200301,Azule 1,TaskName 6/10/2024,Wheat (Durum),4905,6/10/2024,1,On,1293.9,16.56,1.254,2.032,3.017,11.84,90.16,6.139,5.968,7.041,2,358.06,5205,5205,86.75,86.75,4.127,6/10/2024
-111.7114856,33.0820031,Azule 1,TaskName 6/10/2024,Wheat (Durum),4906,6/10/2024,1,On,1293.9,16.56,1.254,2.105,3.243,10.15,89.95,7.832,6.275,7.1,2,376.49,5090.9,5090.9,84.85,84.85,4.437,6/10/2024
-111.7114748,33.08200318,Azule 1,TaskName 6/10/2024,Wheat (Durum),4907,6/10/2024,0.996,On,1293.9,16.56,1.254,2.246,3.296,9.739,89.88,9.642,8.073,7.1,2,484.35,6419.4,6419.4,106.99,106.99,4.527,6/10/2024
-111.711463,33.08200322,Azule 1,TaskName 6/10/2024,Wheat (Durum),4908,6/10/2024,1.004,On,1294,16.56,1.254,2.36,3.601,10.79,89.84,8.684,9.527,7.141,2,571.63,6989.8,6989.8,116.5,116.5,4.907,6/10/2024
-111.7114512,33.08200305,Azule 1,TaskName 6/10/2024,Wheat (Durum),4909,6/10/2024,1,On,1294,16.56,1.254,2.489,3.634,11.23,90.05,8.409,8.672,7.2,2,520.31,6279.7,6279.7,104.66,104.66,4.971,6/10/2024
-111.7114389,33.08200311,Azule 1,TaskName 6/10/2024,Wheat (Durum),4910,6/10/2024,1,On,1294,16.56,1.254,2.552,3.752,11.5,89.8,8.417,8.373,7.2,2,502.37,5872.3,5872.3,97.87,97.87,5.133,6/10/2024
-111.7114265,33.08200334,Azule 1,TaskName 6/10/2024,Wheat (Durum),4911,6/10/2024,1,On,1294,16.56,1.254,2.533,3.798,11.06,89.49,8.145,8.412,7.2,2,504.69,5828.2,5828.2,97.14,97.14,5.196,6/10/2024
-111.7114144,33.08200329,Azule 1,TaskName 6/10/2024,Wheat (Durum),4912,6/10/2024,1,On,1294,16.56,1.254,2.559,3.709,10.5,89.59,7.763,8.093,7.2,2,485.56,5741.1,5741.1,95.69,95.69,5.075,6/10/2024
-111.7114018,33.08200354,Azule 1,TaskName 6/10/2024,Wheat (Durum),4913,6/10/2024,1,On,1294,17.05,1.504,2.566,3.85,10.95,89.51,7.684,7.778,7.16,2,466.7,5160.5,5160.5,86.01,86.01,5.426,6/10/2024
-111.7113891,33.08200338,Azule 1,TaskName 6/10/2024,Wheat (Durum),4914,6/10/2024,1,On,1293.9,16.05,1.505,2.729,3.893,14.12,89.83,7.776,7.671,7.1,2,460.28,5347.5,5347.5,89.12,89.12,5.164,6/10/2024
-111.7113766,33.08200324,Azule 1,TaskName 6/10/2024,Wheat (Durum),4915,6/10/2024,1,On,1294,16.05,1.505,2.612,3.857,15.25,89.95,8.429,7.872,7.1,2,472.31,5538.6,5538.6,92.31,92.31,5.117,6/10/2024
-111.7113641,33.08200319,Azule 1,TaskName 6/10/2024,Wheat (Durum),4916,6/10/2024,1,On,1294,16.56,1.254,2.628,3.83,10.66,89.84,8.418,8.429,7.1,2,505.72,5790,5790,96.5,96.5,5.241,6/10/2024
-111.7113508,33.08200342,Azule 1,TaskName 6/10/2024,Wheat (Durum),4917,6/10/2024,1,On,1293.9,16.56,1.254,2.749,4.08,12.15,89.58,8.545,8.426,7.1,2,505.59,5434.7,5434.7,90.58,90.58,5.582,6/10/2024
-111.7113376,33.08200356,Azule 1,TaskName 6/10/2024,Wheat (Durum),4918,6/10/2024,0.995,On,1293.8,16.56,1.254,2.752,4.017,12.58,89.57,7.506,8.463,7.1,2,507.76,5515,5515,91.92,91.92,5.524,6/10/2024
-111.7113247,33.08200353,Azule 1,TaskName 6/10/2024,Wheat (Durum),4919,6/10/2024,1.005,On,1293.8,16.05,1.505,2.751,3.962,12.17,89.74,6.636,7.381,7.1,2,442.86,5081,5081,84.68,84.68,5.23,6/10/2024
-111.7113118,33.08200349,Azule 1,TaskName 6/10/2024,Wheat (Durum),4920,6/10/2024,1,On,1293.8,16.05,1.505,2.642,3.945,11.77,89.67,6.903,6.663,7.06,2,399.8,4583,4583,76.38,76.38,5.234,6/10/2024
-111.7112989,33.08200353,Azule 1,TaskName 6/10/2024,Wheat (Durum),4921,6/10/2024,1,On,1293.8,16.05,1.505,2.686,3.968,11.14,89.84,7.185,6.922,7,2,415.32,4733.4,4733.4,78.89,78.89,5.265,6/10/2024
-111.7112862,33.08200332,Azule 1,TaskName 6/10/2024,Wheat (Durum),4922,6/10/2024,1,On,1293.8,16.56,1.254,2.643,3.896,11.98,90.21,7.527,7.223,6.96,2,433.4,4878.5,4878.5,81.31,81.31,5.33,6/10/2024
-111.7112734,33.08200311,Azule 1,TaskName 6/10/2024,Wheat (Durum),4923,6/10/2024,1,On,1293.8,16.05,1.505,2.681,3.919,11.71,90.4,8.135,7.545,6.859,2,452.71,5224.3,5224.3,87.07,87.07,5.199,6/10/2024
-111.7112605,33.08200303,Azule 1,TaskName 6/10/2024,Wheat (Durum),4924,6/10/2024,1,On,1293.8,16.56,1.254,2.738,3.939,12.76,90.47,8.949,8.267,6.8,2,496.01,5522.7,5522.7,92.04,92.04,5.389,6/10/2024
-111.7112476,33.08200319,Azule 1,TaskName 6/10/2024,Wheat (Durum),4925,6/10/2024,0.995,On,1293.8,16.56,1.254,2.662,3.962,11.71,90.12,8.725,8.866,6.8,2,531.94,5859,5859,97.65,97.65,5.447,6/10/2024
-111.7112347,33.08200322,Azule 1,TaskName 6/10/2024,Wheat (Durum),4926,6/10/2024,1.005,On,1293.8,16.56,1.254,2.681,3.939,12.08,90.19,9.32,8.835,6.8,2,530.13,5932.1,5932.1,98.87,98.87,5.362,6/10/2024
-111.7112218,33.08200328,Azule 1,TaskName 6/10/2024,Wheat (Durum),4927,6/10/2024,0.995,On,1293.9,16.56,1.254,2.674,3.948,11.17,90.1,8.894,9.257,6.8,2,555.39,6138.8,6138.8,102.31,102.31,5.428,6/10/2024
-111.711209,33.08200341,Azule 1,TaskName 6/10/2024,Wheat (Durum),4928,6/10/2024,1,On,1293.8,16.56,1.254,2.748,3.938,11.63,89.79,8.801,8.916,6.8,2,534.96,5957,5957,99.28,99.28,5.388,6/10/2024
-111.7111961,33.08200367,Azule 1,TaskName 6/10/2024,Wheat (Durum),4929,6/10/2024,1.005,On,1293.8,17.05,1.504,2.713,3.941,15.16,89.64,8.23,8.722,6.84,2,523.3,5680.4,5680.4,94.67,94.67,5.527,6/10/2024
-111.7111831,33.08200352,Azule 1,TaskName 6/10/2024,Wheat (Durum),4930,6/10/2024,0.996,On,1293.7,16.56,1.254,2.69,3.987,10.46,89.91,7.863,8.232,6.9,2,493.92,5410.5,5410.5,90.17,90.17,5.477,6/10/2024
-111.7111703,33.08200326,Azule 1,TaskName 6/10/2024,Wheat (Durum),4931,6/10/2024,0.999,On,1293.7,16.56,1.254,2.629,3.915,12.41,90.23,6.989,7.744,6.9,2,464.64,5199.2,5199.2,86.65,86.65,5.362,6/10/2024
-111.7111575,33.08200307,Azule 1,TaskName 6/10/2024,Wheat (Durum),4932,6/10/2024,1,On,1293.7,16.56,1.254,2.666,3.909,12.31,90.44,7.07,7.028,6.9,2,421.69,4731.2,4731.2,78.85,78.85,5.348,6/10/2024
-111.7111447,33.08200316,Azule 1,TaskName 6/10/2024,Wheat (Durum),4933,6/10/2024,1.001,On,1293.7,16.56,1.254,2.679,3.902,12.44,90.19,6.899,7.029,6.94,2,421.72,4744.2,4744.2,79.07,79.07,5.333,6/10/2024
-111.7111318,33.08200347,Azule 1,TaskName 6/10/2024,Wheat (Durum),4934,6/10/2024,0.999,On,1293.7,16.05,1.505,2.689,3.951,11.64,89.81,6.695,6.874,7,2,412.42,4715.6,4715.6,78.59,78.59,5.247,6/10/2024
-111.7111189,33.08200336,Azule 1,TaskName 6/10/2024,Wheat (Durum),4935,6/10/2024,1.001,On,1293.6,16.05,1.505,2.702,3.948,11.71,89.95,7.083,6.693,7,2,401.59,4604.9,4604.9,76.75,76.75,5.233,6/10/2024
-111.7111062,33.0820031,Azule 1,TaskName 6/10/2024,Wheat (Durum),4936,6/10/2024,0.999,On,1293.6,16.56,1.254,2.66,3.899,12.54,90.2,8.08,7.199,7,2,431.95,4853.7,4853.7,80.9,80.9,5.34,6/10/2024
-111.7110932,33.08200307,Azule 1,TaskName 6/10/2024,Wheat (Durum),4937,6/10/2024,1,On,1293.5,16.05,1.505,2.713,3.968,11.51,90.09,8.935,8.167,7,2,490,5585.2,5585.2,93.09,93.09,5.264,6/10/2024
-111.7110803,33.08200294,Azule 1,TaskName 6/10/2024,Wheat (Durum),4938,6/10/2024,1,On,1293.6,16.56,1.254,2.655,3.945,11.48,90.24,9.431,9.056,7,2,543.38,6040.8,6040.8,100.68,100.68,5.397,6/10/2024
-111.7110675,33.08200296,Azule 1,TaskName 6/10/2024,Wheat (Durum),4939,6/10/2024,1,On,1293.6,16.56,1.254,2.679,3.918,10.92,90.05,8.283,9.258,7,2,555.48,6216.6,6216.6,103.61,103.61,5.361,6/10/2024
-111.7110547,33.0820029,Azule 1,TaskName 6/10/2024,Wheat (Durum),4940,6/10/2024,1.001,On,1293.6,16.56,1.254,2.715,3.941,11.82,90.05,8.488,8.281,7,2,496.83,5533.4,5533.4,92.22,92.22,5.387,6/10/2024
-111.7110418,33.0820029,Azule 1,TaskName 6/10/2024,Wheat (Durum),4941,6/10/2024,0.999,On,1293.6,16.56,1.254,2.702,3.938,11.52,90.07,8.725,8.607,7,2,516.43,5745,5745,95.75,95.75,5.394,6/10/2024
-111.7110288,33.08200284,Azule 1,TaskName 6/10/2024,Wheat (Durum),4942,6/10/2024,0.996,On,1293.6,16.56,1.254,2.694,3.958,10.9,89.99,7.66,8.584,7,2,515.02,5683.6,5683.6,94.73,94.73,5.437,6/10/2024
-111.711016,33.08200315,Azule 1,TaskName 6/10/2024,Wheat (Durum),4943,6/10/2024,1.004,On,1293.6,16.56,1.254,2.674,3.941,12.32,89.44,7.24,7.631,7,2,457.87,5114.7,5114.7,85.25,85.25,5.371,6/10/2024
-111.7110031,33.08200361,Azule 1,TaskName 6/10/2024,Wheat (Durum),4944,6/10/2024,1.001,On,1293.6,16.05,1.505,2.694,3.951,11.5,89.18,7.333,7.178,6.96,2,430.67,4934.2,4934.2,82.24,82.24,5.237,6/10/2024
-111.7109904,33.08200357,Azule 1,TaskName 6/10/2024,Wheat (Durum),4945,6/10/2024,1,On,1293.6,16.05,1.505,2.669,3.882,16.96,89.45,8.365,7.501,6.859,2,450.06,5242.6,5242.6,87.38,87.38,5.151,6/10/2024
-111.7109773,33.08200346,Azule 1,TaskName 6/10/2024,Wheat (Durum),4946,6/10/2024,0.995,On,1293.5,16.56,1.254,2.723,3.991,11.73,89.8,8.337,8.336,6.8,2,500.17,5468.9,5468.9,91.15,91.15,5.487,6/10/2024
-111.7109643,33.08200356,Azule 1,TaskName 6/10/2024,Wheat (Durum),4947,6/10/2024,1.004,On,1293.5,16.55,1.755,2.68,3.971,11.47,89.67,8.448,8.402,6.8,2,504.12,5590.6,5590.6,93.18,93.18,5.41,6/10/2024
-111.7109514,33.08200347,Azule 1,TaskName 6/10/2024,Wheat (Durum),4948,6/10/2024,0.996,On,1293.5,16.56,1.254,2.708,3.971,12.31,89.9,7.972,8.328,6.8,2,499.66,5496,5496,91.6,91.6,5.455,6/10/2024
-111.7109384,33.08200344,Azule 1,TaskName 6/10/2024,Wheat (Durum),4949,6/10/2024,1.004,On,1293.5,16.56,1.254,2.674,3.964,11.65,89.83,8.333,8.081,6.8,2,484.84,5384.7,5384.7,89.74,89.74,5.402,6/10/2024
-111.7109256,33.08200344,Azule 1,TaskName 6/10/2024,Wheat (Durum),4950,6/10/2024,1,On,1293.6,16.56,1.254,2.688,3.925,11.5,89.95,7.159,8.221,6.761,2,493.27,5511.2,5511.2,91.85,91.85,5.37,6/10/2024
-111.7109128,33.08200344,Azule 1,TaskName 6/10/2024,Wheat (Durum),4951,6/10/2024,1,On,1293.6,16.56,1.254,2.669,3.925,10.99,89.88,6.376,7.083,6.7,2,424.96,4747.9,4747.9,79.13,79.13,5.37,6/10/2024
-111.7109,33.08200334,Azule 1,TaskName 6/10/2024,Wheat (Durum),4952,6/10/2024,1,On,1293.5,16.56,1.254,2.681,3.915,10.81,90.05,6.219,6.298,6.7,2,377.9,4232.7,4232.7,70.55,70.55,5.357,6/10/2024
-111.7108872,33.08200325,Azule 1,TaskName 6/10/2024,Wheat (Durum),4953,6/10/2024,0.996,On,1293.6,16.05,1.505,2.692,3.922,11.85,89.97,7.678,6.375,6.7,2,382.51,4393.3,4393.3,73.22,73.22,5.224,6/10/2024
-111.7108742,33.08200326,Azule 1,TaskName 6/10/2024,Wheat (Durum),4954,6/10/2024,1,On,1293.6,16.56,1.254,2.698,3.955,11.64,90,9.087,7.787,6.7,2,467.24,5181.3,5181.3,86.36,86.36,5.411,6/10/2024
-111.7108615,33.08200302,Azule 1,TaskName 6/10/2024,Wheat (Durum),4955,6/10/2024,1.004,On,1293.6,16.56,1.254,2.672,3.909,12.4,90.27,9.273,9.194,6.741,2,551.61,6213.6,6213.6,103.56,103.56,5.326,6/10/2024
-111.7108487,33.08200287,Azule 1,TaskName 6/10/2024,Wheat (Durum),4956,6/10/2024,1.001,On,1293.5,16.56,1.254,2.706,3.922,12.16,90.34,7.619,9.12,6.839,2,547.2,6124.9,6124.9,102.08,102.08,5.36,6/10/2024
-111.7108357,33.08200286,Azule 1,TaskName 6/10/2024,Wheat (Durum),4957,6/10/2024,1,On,1293.5,16.56,1.254,2.698,3.965,12.84,90.14,6.372,7.506,6.9,2,450.39,4981.8,4981.8,83.03,83.03,5.424,6/10/2024
-111.7108228,33.08200316,Azule 1,TaskName 6/10/2024,Wheat (Durum),4958,6/10/2024,0.999,On,1293.5,16.56,1.254,2.687,3.953,10.87,89.71,5.422,6.228,6.9,2,373.68,4141.8,4141.8,69.03,69.03,5.413,6/10/2024
-111.71081,33.08200329,Azule 1,TaskName 6/10/2024,Wheat (Durum),4959,6/10/2024,1,On,1293.5,16.56,1.254,2.653,3.92,10.69,89.68,5.954,5.428,6.9,2,325.68,3643.7,3643.7,60.73,60.73,5.363,6/10/2024
-111.7107974,33.0820035,Azule 1,TaskName 6/10/2024,Wheat (Durum),4960,6/10/2024,0.996,On,1293.5,16.05,1.505,2.654,3.874,10.62,89.43,7.809,6.092,6.9,2,365.53,4250.3,4250.3,70.84,70.84,5.16,6/10/2024
-111.7107846,33.08200362,Azule 1,TaskName 6/10/2024,Wheat (Durum),4961,6/10/2024,1.004,On,1293.5,16.05,1.505,2.641,3.9,12.64,89.46,9.565,8.018,6.9,2,481.11,5601.2,5601.2,93.35,93.35,5.154,6/10/2024
-111.7107718,33.0820036,Azule 1,TaskName 6/10/2024,Wheat (Durum),4962,6/10/2024,1,On,1293.5,16.05,1.505,2.662,3.91,13.32,89.59,9.19,9.612,6.9,2,576.73,6670.9,6670.9,111.18,111.18,5.187,6/10/2024
-111.7107591,33.08200354,Azule 1,TaskName 6/10/2024,Wheat (Durum),4963,6/10/2024,1,On,1293.5,16.56,1.254,2.656,3.9,11.97,89.81,7.63,9.009,6.9,2,540.51,6077.7,6077.7,101.3,101.3,5.336,6/10/2024
-111.7107463,33.08200349,Azule 1,TaskName 6/10/2024,Wheat (Durum),4964,6/10/2024,0.995,On,1293.6,16.05,1.505,2.671,3.916,12.15,89.83,7.498,7.595,6.939,2,455.73,5236.1,5236.1,87.27,87.27,5.222,6/10/2024
-111.7107334,33.08200344,Azule 1,TaskName 6/10/2024,Wheat (Durum),4965,6/10/2024,1,On,1293.6,16.05,1.505,2.653,3.966,10.68,89.78,8.655,7.546,7,2,452.78,5163.6,5163.6,86.06,86.06,5.261,6/10/2024
-111.7107207,33.08200353,Azule 1,TaskName 6/10/2024,Wheat (Durum),4966,6/10/2024,1.005,On,1293.6,16.56,1.254,2.689,3.867,12.05,89.98,9.978,8.876,7.04,2,532.57,6069.4,6069.4,101.16,101.16,5.265,6/10/2024
-111.7107079,33.08200326,Azule 1,TaskName 6/10/2024,Wheat (Durum),4967,6/10/2024,0.995,On,1293.6,16.56,1.254,2.658,3.933,11.6,90.39,9.448,9.83,7.1,2,589.79,6543.5,6543.5,109.06,109.06,5.408,6/10/2024
-111.7106952,33.0820031,Azule 1,TaskName 6/10/2024,Wheat (Durum),4968,6/10/2024,1.005,On,1293.6,16.56,1.254,2.676,3.874,13.45,90.6,10.22,9.594,7.1,2,575.63,6549,6549,109.15,109.15,5.274,6/10/2024
-111.7106823,33.08200321,Azule 1,TaskName 6/10/2024,Wheat (Durum),4969,6/10/2024,1,On,1293.5,16.56,1.254,2.685,3.949,14.07,90.4,9.413,10.16,7.06,2,609.84,6771.8,6771.8,112.86,112.86,5.403,6/10/2024
-111.7106695,33.08200341,Azule 1,TaskName 6/10/2024,Wheat (Durum),4970,6/10/2024,1,On,1293.5,17.05,1.504,2.691,3.926,12.3,90.02,8.692,9.321,7,2,559.25,6063.6,6063.6,101.06,101.06,5.534,6/10/2024
-111.7106567,33.08200343,Azule 1,TaskName 6/10/2024,Wheat (Durum),4971,6/10/2024,0.995,On,1293.5,16.56,1.254,2.682,3.916,11.28,90.14,8.127,8.581,7,2,514.84,5735.9,5735.9,95.6,95.6,5.385,6/10/2024
-111.7106439,33.08200324,Azule 1,TaskName 6/10/2024,Wheat (Durum),4972,6/10/2024,1.005,On,1293.5,16.56,1.254,2.656,3.926,11.28,90.27,8.538,8.257,7,2,495.41,5561,5561,92.68,92.68,5.345,6/10/2024
-111.7106312,33.08200313,Azule 1,TaskName 6/10/2024,Wheat (Durum),4973,6/10/2024,0.996,On,1293.5,16.56,1.254,2.646,3.88,14.88,90.17,7.855,8.447,7,2,506.79,5704.5,5704.5,95.08,95.08,5.33,6/10/2024
-111.7106183,33.08200337,Azule 1,TaskName 6/10/2024,Wheat (Durum),4974,6/10/2024,1,On,1293.5,16.05,1.505,2.684,3.939,11.44,89.79,7.844,7.857,7,2,471.43,5412.1,5412.1,90.2,90.2,5.226,6/10/2024
-111.7106058,33.08200338,Azule 1,TaskName 6/10/2024,Wheat (Durum),4975,6/10/2024,0.999,On,1293.5,16.05,1.505,2.606,3.841,13.1,89.88,7.755,7.835,7,2,470.08,5529.3,5529.3,92.15,92.15,5.101,6/10/2024
-111.7105931,33.08200319,Azule 1,TaskName 6/10/2024,Wheat (Durum),4976,6/10/2024,1,On,1293.5,16.56,1.254,2.637,3.887,11.66,90.21,7.774,7.748,7,2,464.89,5245,5245,87.42,87.42,5.318,6/10/2024
-111.7105804,33.08200295,Azule 1,TaskName 6/10/2024,Wheat (Durum),4977,6/10/2024,1,On,1293.5,16.56,1.254,2.66,3.887,11.73,90.3,7.833,7.746,6.96,2,464.79,5243.9,5243.9,87.4,87.4,5.318,6/10/2024
-111.7105677,33.08200304,Azule 1,TaskName 6/10/2024,Wheat (Durum),4978,6/10/2024,1.005,On,1293.6,16.56,1.254,2.603,3.874,12.06,90.16,7.708,7.835,6.9,2,470.12,5348.6,5348.6,89.14,89.14,5.274,6/10/2024
-111.7105549,33.08200305,Azule 1,TaskName 6/10/2024,Wheat (Durum),4979,6/10/2024,0.995,On,1293.5,16.56,1.254,2.695,3.933,11.41,89.88,7.659,7.719,6.939,2,463.13,5138.3,5138.3,85.64,85.64,5.408,6/10/2024
-111.7105422,33.0820033,Azule 1,TaskName 6/10/2024,Wheat (Durum),4980,6/10/2024,1,On,1293.5,16.56,1.254,2.666,3.884,12.22,89.73,8.028,7.702,7.04,2,462.11,5218.1,5218.1,86.97,86.97,5.314,6/10/2024
-111.7105297,33.08200331,Azule 1,TaskName 6/10/2024,Wheat (Durum),4981,6/10/2024,1,On,1293.5,16.56,1.254,2.649,3.841,12.19,90.02,8.054,8.042,7.1,2,482.51,5508.9,5508.9,91.82,91.82,5.255,6/10/2024
-111.7105168,33.082003,Azule 1,TaskName 6/10/2024,Wheat (Durum),4982,6/10/2024,1,On,1293.5,16.56,1.254,2.67,3.939,12.07,90.27,8.051,8.03,7.1,2,481.8,5363.4,5363.4,89.39,89.39,5.39,6/10/2024
-111.7105039,33.08200296,Azule 1,TaskName 6/10/2024,Wheat (Durum),4983,6/10/2024,1,On,1293.4,16.56,1.254,2.658,3.939,11.75,90.23,8.745,8.155,7.1,2,489.28,5446.7,5446.7,90.78,90.78,5.39,6/10/2024
-111.7104913,33.08200316,Azule 1,TaskName 6/10/2024,Wheat (Durum),4984,6/10/2024,1,On,1293.4,16.56,1.254,2.676,3.88,12.73,89.84,9.311,8.753,7.1,2,525.18,5935.2,5935.2,98.92,98.92,5.309,6/10/2024
-111.7104784,33.08200324,Azule 1,TaskName 6/10/2024,Wheat (Durum),4985,6/10/2024,1,On,1293.4,16.56,1.254,2.681,3.939,11.78,89.71,9.534,9.397,7.06,2,563.83,6276.5,6276.5,104.61,104.61,5.39,6/10/2024
-111.7104656,33.08200329,Azule 1,TaskName 6/10/2024,Wheat (Durum),4986,6/10/2024,1,On,1293.5,16.05,1.505,2.636,3.933,10.68,89.89,8.535,9.406,7,2,564.34,6489.4,6489.4,108.16,108.16,5.218,6/10/2024
-111.7104529,33.08200324,Azule 1,TaskName 6/10/2024,Wheat (Durum),4987,6/10/2024,1,On,1293.5,16.05,1.505,2.615,3.873,13.77,89.8,8.424,8.523,7,2,511.36,5971,5971,99.52,99.52,5.138,6/10/2024
-111.7104401,33.08200336,Azule 1,TaskName 6/10/2024,Wheat (Durum),4988,6/10/2024,1,On,1293.5,16.56,1.254,2.711,3.929,11.57,89.71,8.969,8.418,7,2,505.07,5637.4,5637.4,93.96,93.96,5.376,6/10/2024
-111.7104272,33.08200343,Azule 1,TaskName 6/10/2024,Wheat (Durum),4989,6/10/2024,1.001,On,1293.5,16.05,1.505,2.668,3.932,13.21,89.84,9.918,9.181,7,2,550.85,6341.6,6341.6,105.69,105.69,5.212,6/10/2024
-111.7104143,33.08200341,Azule 1,TaskName 6/10/2024,Wheat (Durum),4990,6/10/2024,1,On,1293.5,16.05,1.505,2.687,3.942,10.41,89.95,9.46,9.841,7,2,590.45,6773.7,6773.7,112.9,112.9,5.23,6/10/2024
-111.7104016,33.08200328,Azule 1,TaskName 6/10/2024,Wheat (Durum),4991,6/10/2024,1,On,1293.5,16.56,1.254,2.649,3.886,14.2,89.99,9.649,9.518,7,2,571.08,6444,6444,107.4,107.4,5.317,6/10/2024
-111.7103887,33.08200318,Azule 1,TaskName 6/10/2024,Wheat (Durum),4992,6/10/2024,0.999,On,1293.6,16.56,1.254,2.67,3.939,11.84,90.05,8.719,9.496,7.04,2,569.78,6337.3,6337.3,105.62,105.62,5.394,6/10/2024
-111.710376,33.08200318,Azule 1,TaskName 6/10/2024,Wheat (Durum),4993,6/10/2024,1,On,1293.5,16.56,1.254,2.682,3.883,12.74,90.08,8.515,8.767,7.1,2,525.99,5940.3,5940.3,99.01,99.01,5.313,6/10/2024
-111.7103632,33.08200309,Azule 1,TaskName 6/10/2024,Wheat (Durum),4994,6/10/2024,0.996,On,1293.5,16.56,1.254,2.706,3.942,12.04,90.1,7.314,8.349,7.1,2,500.92,5550.1,5550.1,92.5,92.5,5.415,6/10/2024
-111.7103502,33.0820031,Azule 1,TaskName 6/10/2024,Wheat (Durum),4995,6/10/2024,0.999,On,1293.5,16.56,1.254,2.68,3.949,11.12,90.14,7.168,7.315,7.141,2,438.87,4869.1,4869.1,81.15,81.15,5.408,6/10/2024
-111.7103375,33.0820032,Azule 1,TaskName 6/10/2024,Wheat (Durum),4996,6/10/2024,1.005,On,1293.5,16.56,1.254,2.676,3.913,12.12,89.93,6.998,7.137,7.239,2,428.24,4823.8,4823.8,80.4,80.4,5.327,6/10/2024
-111.7103247,33.0820034,Azule 1,TaskName 6/10/2024,Wheat (Durum),4997,6/10/2024,1,On,1293.6,16.05,1.505,2.648,3.909,13.33,89.67,7.138,7.021,7.3,2,421.28,4873.5,4873.5,81.23,81.23,5.187,6/10/2024
-111.710312,33.08200327,Azule 1,TaskName 6/10/2024,Wheat (Durum),4998,6/10/2024,1.001,On,1293.5,16.56,1.254,2.709,3.886,12.37,89.88,7.514,7.13,7.3,2,427.81,4832.2,4832.2,80.54,80.54,5.312,6/10/2024
-111.7102991,33.08200315,Azule 1,TaskName 6/10/2024,Wheat (Durum),4999,6/10/2024,0.999,On,1293.5,16.56,1.254,2.662,3.929,12.11,89.94,8.746,7.645,7.3,2,458.73,5115,5115,85.25,85.25,5.381,6/10/2024
-111.7102863,33.08200322,Azule 1,TaskName 6/10/2024,Wheat (Durum),5000,6/10/2024,1,On,1293.6,16.56,1.254,2.661,3.932,11.31,89.91,9.189,8.861,7.3,2,531.66,5929.1,5929.1,98.82,98.82,5.38,6/10/2024
-111.7102735,33.08200328,Azule 1,TaskName 6/10/2024,Wheat (Durum),5001,6/10/2024,1.001,On,1293.6,16.56,1.254,2.665,3.896,11.36,89.73,8.319,9.126,7.22,2,547.59,6169.5,6169.5,102.83,102.83,5.325,6/10/2024
-111.7102609,33.08200319,Azule 1,TaskName 6/10/2024,Wheat (Durum),5002,6/10/2024,1,On,1293.5,16.56,1.254,2.69,3.877,12.31,90.08,7.45,8.183,7.06,2,490.97,5554.2,5554.2,92.57,92.57,5.304,6/10/2024
-111.7102479,33.08200301,Azule 1,TaskName 6/10/2024,Wheat (Durum),5003,6/10/2024,0.999,On,1293.5,16.56,1.254,2.669,3.965,10.91,90.31,7.965,7.487,6.96,2,449.24,4963.6,4963.6,82.73,82.73,5.43,6/10/2024
-111.7102352,33.08200302,Azule 1,TaskName 6/10/2024,Wheat (Durum),5004,6/10/2024,1.001,On,1293.6,16.56,1.254,2.675,3.893,10.99,90.11,8.382,7.985,6.9,2,479.08,5402.2,5402.2,90.04,90.04,5.321,6/10/2024
-111.7102225,33.08200345,Azule 1,TaskName 6/10/2024,Wheat (Durum),5005,6/10/2024,0.999,On,1293.6,16.56,1.254,2.579,3.89,11.82,89.48,8.203,8.366,6.9,2,501.97,5653.7,5653.7,94.23,94.23,5.327,6/10/2024
-111.7102097,33.08200375,Azule 1,TaskName 6/10/2024,Wheat (Durum),5006,6/10/2024,0.995,On,1293.6,16.05,1.505,2.722,3.916,12.02,89.4,7.868,8.197,6.9,2,491.82,5651.7,5651.7,94.19,94.19,5.221,6/10/2024
-111.7101969,33.0820035,Azule 1,TaskName 6/10/2024,Wheat (Durum),5007,6/10/2024,1,On,1293.6,16.05,1.505,2.708,3.893,13.12,89.95,7.429,7.839,6.9,2,470.32,5463.8,5463.8,91.06,91.06,5.165,6/10/2024
-111.7101841,33.08200318,Azule 1,TaskName 6/10/2024,Wheat (Durum),5008,6/10/2024,1.005,On,1293.6,16.05,1.505,2.682,3.919,13.15,90.46,7.562,7.458,6.9,2,447.47,5189.3,5189.3,86.49,86.49,5.174,6/10/2024
-111.7101712,33.08200311,Azule 1,TaskName 6/10/2024,Wheat (Durum),5009,6/10/2024,1,On,1293.6,16.56,1.254,2.67,3.952,11.97,90.36,7.711,7.494,6.941,2,449.62,4989.3,4989.3,83.15,83.15,5.407,6/10/2024
-111.7101585,33.08200336,Azule 1,TaskName 6/10/2024,Wheat (Durum),5010,6/10/2024,1,On,1293.6,16.05,1.505,2.675,3.899,11.72,89.95,8.378,7.887,7,2,473.2,5488,5488,91.47,91.47,5.173,6/10/2024
-111.7101458,33.08200362,Azule 1,TaskName 6/10/2024,Wheat (Durum),5011,6/10/2024,0.995,On,1293.6,16.05,1.505,2.705,3.886,13.27,89.66,8.149,8.264,7,2,495.81,5740.8,5740.8,95.68,95.68,5.182,6/10/2024
-111.7101329,33.08200349,Azule 1,TaskName 6/10/2024,Wheat (Durum),5012,6/10/2024,1.005,On,1293.6,16.05,1.505,2.656,3.939,15.05,89.95,9.251,8.369,7.041,2,502.11,5793.9,5793.9,96.57,96.57,5.2,6/10/2024
-111.7101201,33.08200335,Azule 1,TaskName 6/10/2024,Wheat (Durum),5013,6/10/2024,0.995,On,1293.6,16.56,1.254,2.65,3.906,11.26,90.26,8.491,9.085,7.1,2,545.13,6089.6,6089.6,101.49,101.49,5.371,6/10/2024
-111.7101074,33.08200319,Azule 1,TaskName 6/10/2024,Wheat (Durum),5014,6/10/2024,1.001,On,1293.6,16.56,1.254,2.631,3.873,14.38,90.33,9.058,8.633,7.1,2,517.99,5870.7,5870.7,97.84,97.84,5.294,6/10/2024
-111.7100946,33.08200309,Azule 1,TaskName 6/10/2024,Wheat (Durum),5015,6/10/2024,0.995,On,1293.6,16.56,1.254,2.691,3.929,10.66,90.4,8.605,8.995,7.1,2,539.7,5993.7,5993.7,99.9,99.9,5.403,6/10/2024
-111.7100818,33.08200317,Azule 1,TaskName 6/10/2024,Wheat (Durum),5016,6/10/2024,1.004,On,1293.6,16.56,1.254,2.678,3.896,12.02,90.15,8.721,8.611,7.1,2,516.67,5838.7,5838.7,97.31,97.31,5.31,6/10/2024
-111.7100691,33.08200318,Azule 1,TaskName 6/10/2024,Wheat (Durum),5017,6/10/2024,1,On,1293.6,16.56,1.254,2.65,3.902,11.2,90.11,9.076,8.757,7.06,2,525.41,5904.9,5904.9,98.41,98.41,5.339,6/10/2024
-111.7100564,33.08200309,Azule 1,TaskName 6/10/2024,Wheat (Durum),5018,6/10/2024,1,On,1293.6,16.56,1.254,2.647,3.879,13.42,90,8.419,9.102,7,2,546.09,6173,6173,102.88,102.88,5.308,6/10/2024
-111.7100436,33.08200305,Azule 1,TaskName 6/10/2024,Wheat (Durum),5019,6/10/2024,1,On,1293.7,16.56,1.254,2.629,3.942,11.29,90.02,6.312,8.199,7,2,491.91,5472.7,5472.7,91.21,91.21,5.393,6/10/2024
-111.7100308,33.08200306,Azule 1,TaskName 6/10/2024,Wheat (Durum),5020,6/10/2024,1,On,1293.7,16.56,1.254,2.629,3.912,13.44,90.02,5.294,6.18,7,2,370.81,4156.5,4156.5,69.27,69.27,5.353,6/10/2024
-111.710018,33.08200303,Azule 1,TaskName 6/10/2024,Wheat (Durum),5021,6/10/2024,1.001,On,1293.6,16.56,1.254,2.719,3.948,11.79,90.19,5.757,5.225,7,2,313.52,3485.7,3485.7,58.09,58.09,5.397,6/10/2024
-111.7100053,33.08200305,Azule 1,TaskName 6/10/2024,Wheat (Durum),5022,6/10/2024,0.999,On,1293.6,16.56,1.254,2.741,3.879,15.96,89.97,8.442,6.067,7,2,363.99,4110.5,4110.5,68.51,68.51,5.313,6/10/2024
-111.7099923,33.08200317,Azule 1,TaskName 6/10/2024,Wheat (Durum),5023,6/10/2024,1,On,1293.5,16.56,1.254,2.696,4.004,11.36,89.87,8.909,8.573,7,2,514.4,5633.8,5633.8,93.9,93.9,5.478,6/10/2024
-111.7099795,33.08200338,Azule 1,TaskName 6/10/2024,Wheat (Durum),5024,6/10/2024,1,On,1293.5,16.56,1.254,2.631,3.925,11.73,89.69,7.64,8.738,7,2,524.3,5857.3,5857.3,97.62,97.62,5.371,6/10/2024
-111.7099668,33.08200338,Azule 1,TaskName 6/10/2024,Wheat (Durum),5025,6/10/2024,1,On,1293.6,16.56,1.254,2.633,3.889,12.28,89.85,7.254,7.611,7,2,456.66,5149,5149,85.82,85.82,5.321,6/10/2024
-111.709954,33.08200357,Azule 1,TaskName 6/10/2024,Wheat (Durum),5026,6/10/2024,1,On,1293.6,16.05,1.505,2.657,3.939,12.44,89.71,7.096,7.226,7,2,433.57,4978.5,4978.5,82.98,82.98,5.225,6/10/2024
-111.7099411,33.08200362,Azule 1,TaskName 6/10/2024,Wheat (Durum),5027,6/10/2024,1,On,1293.6,16.05,1.505,2.709,3.935,10.84,89.71,6.896,7.107,7,2,426.4,4900.3,4900.3,81.67,81.67,5.221,6/10/2024
-111.7099283,33.08200367,Azule 1,TaskName 6/10/2024,Wheat (Durum),5028,6/10/2024,0.996,On,1293.6,16.05,1.505,2.681,3.932,11.8,89.74,6.3,6.851,7,2,411.06,4709,4709,78.48,78.48,5.237,6/10/2024
-111.7099156,33.08200339,Azule 1,TaskName 6/10/2024,Wheat (Durum),5029,6/10/2024,1.004,On,1293.6,16.56,1.254,2.699,3.899,11.05,90.08,6.065,6.246,7,2,374.75,4231.7,4231.7,70.53,70.53,5.314,6/10/2024
-111.709903,33.0820034,Azule 1,TaskName 6/10/2024,Wheat (Durum),5030,6/10/2024,1,On,1293.7,16.56,1.254,2.626,3.879,17.75,89.89,6.933,6.058,7.04,2,363.49,4108.9,4108.9,68.48,68.48,5.308,6/10/2024
-111.7098901,33.08200355,Azule 1,TaskName 6/10/2024,Wheat (Durum),5031,6/10/2024,1,On,1293.7,16.05,1.505,2.675,3.968,11.63,89.83,9.803,7.218,7.1,2,433.08,4935.9,4935.9,82.26,82.26,5.264,6/10/2024
-111.7098774,33.0820035,Azule 1,TaskName 6/10/2024,Wheat (Durum),5032,6/10/2024,1,On,1293.7,16.05,1.505,2.649,3.896,12.42,89.78,12.2,10.03,7.1,2,601.84,6986.4,6986.4,116.44,116.44,5.169,6/10/2024
-111.7098645,33.08200323,Azule 1,TaskName 6/10/2024,Wheat (Durum),5033,6/10/2024,1.001,On,1293.6,16.56,1.254,2.759,3.958,11.93,90.19,13.29,12.39,7.1,2,743.52,8245.8,8245.8,137.43,137.43,5.41,6/10/2024
-111.7098516,33.08200309,Azule 1,TaskName 6/10/2024,Wheat (Durum),5034,6/10/2024,0.999,On,1293.6,16.56,1.254,2.68,3.939,13.77,90.28,11.65,13.18,7.1,2,790.72,8795.5,8795.5,146.59,146.59,5.394,6/10/2024
-111.7098392,33.08200304,Azule 1,TaskName 6/10/2024,Wheat (Durum),5035,6/10/2024,0.996,On,1293.6,16.56,1.254,2.619,3.811,11.02,90.18,9.398,11.45,7.061,2,687.22,7877.2,7877.2,131.29,131.29,5.235,6/10/2024
-111.7098278,33.08200319,Azule 1,TaskName 6/10/2024,Wheat (Durum),5036,6/10/2024,1.004,On,1293.6,16.56,1.254,2.368,3.496,11.3,89.78,7.72,9.207,7,2,552.45,6958.4,6958.4,115.97,115.97,4.764,6/10/2024
-111.7098162,33.08200329,Azule 1,TaskName 6/10/2024,Wheat (Durum),5037,6/10/2024,1,On,1293.7,16.56,1.254,2.414,3.558,13.33,89.75,6.336,7.602,7,2,456.11,5621.8,5621.8,93.7,93.7,4.868,6/10/2024
-111.7098056,33.08200327,Azule 1,TaskName 6/10/2024,Wheat (Durum),5038,6/10/2024,1,On,1293.6,16.56,1.254,2.313,3.253,10.69,89.86,5.519,6.222,7,2,373.33,5033.1,5033.1,83.88,83.88,4.45,6/10/2024
-111.7097946,33.08200322,Azule 1,TaskName 6/10/2024,Wheat (Durum),5039,6/10/2024,1,On,1293.5,16.56,1.254,2.286,3.364,17.89,89.91,5.608,5.547,7,2,332.8,4338,4338,72.3,72.3,4.603,6/10/2024
-111.7097835,33.08200322,Azule 1,TaskName 6/10/2024,Wheat (Durum),5040,6/10/2024,1,On,1293.5,16.56,1.254,2.328,3.427,18.76,89.98,5.932,5.595,7,2,335.7,4296.1,4296.1,71.6,71.6,4.688,6/10/2024
-111.7097705,33.08200313,Azule 1,TaskName 6/10/2024,Wheat (Durum),5041,6/10/2024,0.995,On,1293.6,16.56,1.254,2.602,3.988,14.09,90.07,7.592,6.14,7,2,368.4,4031.1,4031.1,67.18,67.18,5.483,6/10/2024
-111.7097573,33.08200304,Azule 1,TaskName 6/10/2024,Wheat (Durum),5042,6/10/2024,1.005,On,1293.6,16.56,1.254,2.734,4.047,11.78,90.09,9.084,7.712,7,2,462.74,5039.6,5039.6,83.99,83.99,5.509,6/10/2024
-111.7097443,33.08200304,Azule 1,TaskName 6/10/2024,Wheat (Durum),5043,6/10/2024,1.001,On,1293.6,16.56,1.254,2.696,3.984,11.3,90.05,10.2,9.211,6.96,2,552.65,6088.6,6088.6,101.48,101.48,5.446,6/10/2024
-111.7097314,33.08200318,Azule 1,TaskName 6/10/2024,Wheat (Durum),5044,6/10/2024,0.999,On,1293.6,16.56,1.254,2.716,3.961,10.88,89.76,9.358,10.18,6.9,2,610.87,6755.5,6755.5,112.59,112.59,5.425,6/10/2024
-111.7097185,33.08200338,Azule 1,TaskName 6/10/2024,Wheat (Durum),5045,6/10/2024,0.996,On,1293.6,16.05,1.505,2.711,3.961,10.79,89.47,7.123,9.15,6.9,2,548.97,6242.1,6242.1,104.03,104.03,5.277,6/10/2024
-111.7097062,33.08200343,Azule 1,TaskName 6/10/2024,Wheat (Durum),5046,6/10/2024,1.004,On,1293.6,16.05,1.505,2.575,3.768,10.92,89.63,5.533,6.964,6.9,2,417.87,5035.6,5035.6,83.93,83.93,4.979,6/10/2024
-111.7096941,33.08200338,Azule 1,TaskName 6/10/2024,Wheat (Durum),5047,6/10/2024,0.996,On,1293.6,16.56,1.254,2.555,3.715,11.03,89.7,5.368,5.423,6.9,2,325.4,3825.5,3825.5,63.76,63.76,5.104,6/10/2024
-111.709682,33.08200335,Azule 1,TaskName 6/10/2024,Wheat (Durum),5048,6/10/2024,0.999,On,1293.6,16.05,1.505,2.55,3.708,11.8,89.84,7.312,5.561,6.9,2,333.64,4065.1,4065.1,67.75,67.75,4.924,6/10/2024
-111.7096699,33.08200334,Azule 1,TaskName 6/10/2024,Wheat (Durum),5049,6/10/2024,1,On,1293.6,16.05,1.505,2.539,3.701,13.81,89.96,9.594,7.476,6.9,2,448.58,5480.7,5480.7,91.35,91.35,4.911,6/10/2024
-111.7096582,33.08200343,Azule 1,TaskName 6/10/2024,Wheat (Durum),5050,6/10/2024,1.005,On,1293.6,16.05,1.505,2.461,3.587,11.87,89.83,10.94,9.933,6.9,2,595.97,7552.2,7552.2,125.87,125.87,4.735,6/10/2024
-111.7096467,33.0820035,Azule 1,TaskName 6/10/2024,Wheat (Durum),5051,6/10/2024,0.996,On,1293.6,16.56,1.254,2.414,3.541,16.98,89.88,8.488,10.64,6.859,2,638.22,7873.1,7873.1,131.22,131.22,4.864,6/10/2024
-111.7096348,33.08200348,Azule 1,TaskName 6/10/2024,Wheat (Durum),5052,6/10/2024,1,On,1293.6,16.56,1.254,2.467,3.639,11.56,89.83,6.443,8.314,6.8,2,498.83,6011.2,6011.2,100.19,100.19,4.979,6/10/2024
-111.709623,33.08200351,Azule 1,TaskName 6/10/2024,Wheat (Durum),5053,6/10/2024,1,On,1293.6,16.56,1.254,2.467,3.623,11.07,89.95,5.374,6.25,6.8,2,375.03,4539.7,4539.7,75.66,75.66,4.957,6/10/2024
-111.7096112,33.08200347,Azule 1,TaskName 6/10/2024,Wheat (Durum),5054,6/10/2024,0.999,On,1293.6,16.56,1.254,2.444,3.623,10.75,90.1,6.384,5.5,6.8,2,330.02,3991,3991,66.52,66.52,4.962,6/10/2024
-111.7095996,33.08200344,Azule 1,TaskName 6/10/2024,Wheat (Durum),5055,6/10/2024,1,On,1293.6,16.56,1.254,2.435,3.554,10.79,89.97,7.132,6.414,6.8,2,384.86,4749.1,4749.1,79.15,79.15,4.862,6/10/2024
-111.7095877,33.08200331,Azule 1,TaskName 6/10/2024,Wheat (Durum),5056,6/10/2024,0.996,On,1293.6,16.56,1.254,2.479,3.642,12.58,90.02,8.345,7.286,6.8,2,437.17,5242.3,5242.3,87.37,87.37,5.004,6/10/2024
-111.7095761,33.08200329,Azule 1,TaskName 6/10/2024,Wheat (Durum),5057,6/10/2024,1.004,On,1293.6,16.56,1.254,2.427,3.577,15.58,90.01,8.96,8.357,6.841,2,501.4,6172,6172,102.87,102.87,4.874,6/10/2024
-111.7095642,33.08200307,Azule 1,TaskName 6/10/2024,Wheat (Durum),5058,6/10/2024,1.001,On,1293.6,16.56,1.254,2.469,3.629,12.72,90.39,9.734,9.119,6.9,2,547.17,6618.2,6618.2,110.3,110.3,4.961,6/10/2024
-111.7095524,33.08200291,Azule 1,TaskName 6/10/2024,Wheat (Durum),5059,6/10/2024,0.999,On,1293.6,16.56,1.254,2.46,3.623,11.03,90.35,8.287,9.606,6.86,2,576.36,6969.9,6969.9,116.16,116.16,4.962,6/10/2024
-111.7095406,33.08200299,Azule 1,TaskName 6/10/2024,Wheat (Durum),5060,6/10/2024,0.995,On,1293.6,16.56,1.254,2.448,3.623,11.65,90.23,6.995,8.142,6.8,2,488.5,5883.8,5883.8,98.06,98.06,4.982,6/10/2024
-111.7095289,33.0820032,Azule 1,TaskName 6/10/2024,Wheat (Durum),5061,6/10/2024,1.005,On,1293.6,16.56,1.254,2.474,3.59,10.69,89.84,6.573,6.919,6.8,2,415.17,5096.9,5096.9,84.95,84.95,4.887,6/10/2024
-111.7095171,33.08200325,Azule 1,TaskName 6/10/2024,Wheat (Durum),5062,6/10/2024,1,On,1293.6,16.56,1.254,2.452,3.623,11.83,89.95,6.979,6.638,6.8,2,398.3,4821.4,4821.4,80.36,80.36,4.957,6/10/2024
-111.7095054,33.08200317,Azule 1,TaskName 6/10/2024,Wheat (Durum),5063,6/10/2024,0.996,On,1293.6,16.56,1.254,2.42,3.593,13.45,90.07,7.606,6.961,6.8,2,417.67,5077.1,5077.1,84.62,84.62,4.936,6/10/2024
-111.7094936,33.0820032,Azule 1,TaskName 6/10/2024,Wheat (Durum),5064,6/10/2024,1.004,On,1293.6,16.05,1.505,2.498,3.613,11.14,89.91,9.229,7.796,6.761,2,467.76,5878.7,5878.7,97.98,97.98,4.774,6/10/2024
-111.7094818,33.08200335,Azule 1,TaskName 6/10/2024,Wheat (Durum),5065,6/10/2024,1,On,1293.6,16.05,1.505,2.457,3.623,12.18,89.76,8.932,9.201,6.741,2,552.06,6891.7,6891.7,114.86,114.86,4.806,6/10/2024
-111.7094701,33.08200351,Azule 1,TaskName 6/10/2024,Wheat (Durum),5066,6/10/2024,1,On,1293.6,16.05,1.505,2.449,3.58,14.25,89.65,8.562,8.89,6.72,2,533.39,6737.9,6737.9,112.3,112.3,4.75,6/10/2024
-111.7094582,33.08200342,Azule 1,TaskName 6/10/2024,Wheat (Durum),5067,6/10/2024,1,On,1293.6,16.56,1.254,2.481,3.659,10.79,89.81,8.208,8.607,6.6,2,516.41,6189.5,6189.5,103.16,103.16,5.006,6/10/2024
-111.7094466,33.08200342,Azule 1,TaskName 6/10/2024,Wheat (Durum),5068,6/10/2024,1,On,1293.6,16.56,1.254,2.445,3.567,11.22,89.98,7.059,8.079,6.6,2,484.72,5959.3,5959.3,99.32,99.32,4.88,6/10/2024
-111.7094349,33.08200342,Azule 1,TaskName 6/10/2024,Wheat (Durum),5069,6/10/2024,1,On,1293.5,16.05,1.505,2.466,3.59,12.4,89.77,6.446,6.954,6.6,2,417.25,5256.4,5256.4,87.61,87.61,4.763,6/10/2024
-111.7094231,33.0820035,Azule 1,TaskName 6/10/2024,Wheat (Durum),5070,6/10/2024,1,On,1293.5,16.05,1.505,2.451,3.619,10.83,89.77,6.604,6.442,6.6,2,386.51,4829.4,4829.4,80.49,80.49,4.802,6/10/2024
-111.7094113,33.08200354,Azule 1,TaskName 6/10/2024,Wheat (Durum),5071,6/10/2024,1,On,1293.5,16.05,1.505,2.491,3.6,14.84,89.77,6.855,6.656,6.6,2,399.36,5017.3,5017.3,83.62,83.62,4.776,6/10/2024
-111.7093996,33.0820035,Azule 1,TaskName 6/10/2024,Wheat (Durum),5072,6/10/2024,1,On,1293.5,16.05,1.505,2.405,3.616,14.83,89.84,6.261,6.8,6.6,2,408,5102.5,5102.5,85.04,85.04,4.798,6/10/2024
-111.7093878,33.08200332,Azule 1,TaskName 6/10/2024,Wheat (Durum),5073,6/10/2024,1,On,1293.5,16.56,1.254,2.47,3.61,11.67,90.17,5.745,6.21,6.6,2,372.59,4526.6,4526.6,75.44,75.44,4.939,6/10/2024
-111.7093762,33.08200317,Azule 1,TaskName 6/10/2024,Wheat (Durum),5074,6/10/2024,1,On,1293.6,16.56,1.254,2.377,3.564,12.53,90.13,6.227,5.722,6.6,2,343.3,4224.5,4224.5,70.41,70.41,4.876,6/10/2024
-111.7093645,33.08200329,Azule 1,TaskName 6/10/2024,Wheat (Durum),5075,6/10/2024,1,On,1293.6,16.56,1.254,2.452,3.58,11.14,90,7.809,6.412,6.6,2,384.72,4712.5,4712.5,78.54,78.54,4.898,6/10/2024
-111.7093529,33.08200324,Azule 1,TaskName 6/10/2024,Wheat (Durum),5076,6/10/2024,1,On,1293.6,16.56,1.254,2.448,3.57,12.47,90.05,8.735,7.848,6.64,2,470.89,5784,5784,96.4,96.4,4.885,6/10/2024
-111.709341,33.08200312,Azule 1,TaskName 6/10/2024,Wheat (Durum),5077,6/10/2024,0.996,On,1293.6,16.56,1.254,2.457,3.651,10.48,90.25,9.566,8.912,6.7,2,534.72,6397.8,6397.8,106.63,106.63,5.015,6/10/2024
-111.7093292,33.08200316,Azule 1,TaskName 6/10/2024,Wheat (Durum),5078,6/10/2024,1.004,On,1293.5,16.56,1.254,2.496,3.591,13.01,90.19,8.833,9.445,6.7,2,566.68,6947.2,6947.2,115.79,115.79,4.894,6/10/2024
-111.7093173,33.08200313,Azule 1,TaskName 6/10/2024,Wheat (Durum),5079,6/10/2024,1,On,1293.5,16.56,1.254,2.494,3.667,11.24,90.3,9.787,8.901,6.7,2,534.05,6386.9,6386.9,106.45,106.45,5.017,6/10/2024
-111.7093055,33.08200299,Azule 1,TaskName 6/10/2024,Wheat (Durum),5080,6/10/2024,1.001,On,1293.5,16.56,1.254,2.453,3.605,11.24,90.19,9.727,9.9,6.7,2,594.02,7234.1,7234.1,120.57,120.57,4.927,6/10/2024
-111.7092937,33.08200327,Azule 1,TaskName 6/10/2024,Wheat (Durum),5081,6/10/2024,0.995,On,1293.5,16.56,1.254,2.445,3.608,10.69,89.87,7.735,9.479,6.7,2,568.75,6878.6,6878.6,114.64,114.64,4.961,6/10/2024
-111.709282,33.0820034,Azule 1,TaskName 6/10/2024,Wheat (Durum),5082,6/10/2024,1.004,On,1293.5,16.56,1.254,2.466,3.601,11.61,89.62,6.848,7.653,6.661,2,459.16,5613.7,5613.7,93.56,93.56,4.908,6/10/2024
-111.7092703,33.08200337,Azule 1,TaskName 6/10/2024,Wheat (Durum),5083,6/10/2024,1,On,1293.5,16.56,1.254,2.435,3.578,13,89.8,6.591,6.817,6.6,2,408.99,5012.4,5012.4,83.54,83.54,4.896,6/10/2024
-111.7092587,33.0820033,Azule 1,TaskName 6/10/2024,Wheat (Durum),5084,6/10/2024,1,On,1293.5,16.56,1.254,2.46,3.555,13.84,89.93,6.291,6.571,6.6,2,394.24,4862.8,4862.8,81.05,81.05,4.864,6/10/2024
-111.7092469,33.08200326,Azule 1,TaskName 6/10/2024,Wheat (Durum),5085,6/10/2024,0.996,On,1293.5,16.56,1.254,2.435,3.595,12.41,90.04,6.326,6.266,6.6,2,375.96,4568.1,4568.1,76.14,76.14,4.938,6/10/2024
-111.7092352,33.08200312,Azule 1,TaskName 6/10/2024,Wheat (Durum),5086,6/10/2024,1.004,On,1293.6,16.56,1.254,2.461,3.598,11.7,90.16,7.095,6.331,6.6,2,379.86,4648.3,4648.3,77.47,77.47,4.903,6/10/2024
-111.7092233,33.08200313,Azule 1,TaskName 6/10/2024,Wheat (Durum),5087,6/10/2024,0.996,On,1293.6,16.56,1.254,2.414,3.621,13.13,90.12,9.36,7.368,6.6,2,442.1,5332.9,5332.9,88.88,88.88,4.974,6/10/2024
-111.7092116,33.0820031,Azule 1,TaskName 6/10/2024,Wheat (Durum),5088,6/10/2024,1.004,On,1293.6,16.56,1.254,2.483,3.585,11.05,90.14,9.473,9.459,6.639,2,567.51,6970.1,6970.1,116.17,116.17,4.885,6/10/2024
-111.7091999,33.08200307,Azule 1,TaskName 6/10/2024,Wheat (Durum),5089,6/10/2024,1,On,1293.6,16.56,1.254,2.431,3.601,12.15,90.15,6.804,9.176,6.7,2,550.54,6704,6704,111.73,111.73,4.927,6/10/2024
-111.7091882,33.08200316,Azule 1,TaskName 6/10/2024,Wheat (Durum),5090,6/10/2024,0.995,On,1293.5,16.05,1.505,2.468,3.572,12.18,89.89,5.401,6.703,6.7,2,402.17,5066.8,5066.8,84.45,84.45,4.762,6/10/2024
-111.7091763,33.08200313,Azule 1,TaskName 6/10/2024,Wheat (Durum),5091,6/10/2024,1,On,1293.5,16.56,1.254,2.477,3.637,10.68,90.11,4.82,5.279,6.7,2,316.73,3818.6,3818.6,63.64,63.64,4.977,6/10/2024
-111.7091646,33.08200301,Azule 1,TaskName 6/10/2024,Wheat (Durum),5092,6/10/2024,1.001,On,1293.5,16.56,1.254,2.44,3.578,12.64,90.26,5.569,4.923,6.7,2,295.38,3623.6,3623.6,60.39,60.39,4.891,6/10/2024
-111.7091527,33.0820031,Azule 1,TaskName 6/10/2024,Wheat (Durum),5093,6/10/2024,1,On,1293.5,16.56,1.254,2.476,3.637,11.02,90.04,5.922,5.573,6.66,2,334.39,4031.6,4031.6,67.19,67.19,4.977,6/10/2024
-111.709141,33.08200332,Azule 1,TaskName 6/10/2024,Wheat (Durum),5094,6/10/2024,1,On,1293.4,16.56,1.254,2.504,3.595,13.33,89.63,6.555,6.009,6.6,2,360.53,4398.3,4398.3,73.31,73.31,4.918,6/10/2024
-111.7091291,33.0820036,Azule 1,TaskName 6/10/2024,Wheat (Durum),5095,6/10/2024,0.999,On,1293.4,16.05,1.505,2.451,3.654,15.14,89.3,6.75,6.537,6.641,2,392.21,4849.8,4849.8,80.83,80.83,4.852,6/10/2024
-111.7091172,33.08200351,Azule 1,TaskName 6/10/2024,Wheat (Durum),5096,6/10/2024,0.996,On,1293.5,16.05,1.505,2.464,3.631,11.93,89.5,7.73,6.864,6.74,2,411.84,5109.3,5109.3,85.15,85.15,4.836,6/10/2024
-111.7091052,33.08200336,Azule 1,TaskName 6/10/2024,Wheat (Durum),5097,6/10/2024,1.004,On,1293.5,16.56,1.254,2.466,3.66,10.63,89.84,8.224,7.782,6.84,2,466.89,5616.1,5616.1,93.6,93.6,4.988,6/10/2024
-111.7090934,33.08200315,Azule 1,TaskName 6/10/2024,Wheat (Durum),5098,6/10/2024,1,On,1293.6,16.56,1.254,2.467,3.631,10.64,90.2,8.133,8.246,6.94,2,494.79,5976.2,5976.2,99.6,99.6,4.968,6/10/2024
-111.7090814,33.08200312,Azule 1,TaskName 6/10/2024,Wheat (Durum),5099,6/10/2024,1.001,On,1293.5,16.56,1.254,2.487,3.67,10.4,90.09,7.567,8.046,7,2,482.75,5774,5774,96.23,96.23,5.016,6/10/2024
-111.7090696,33.08200306,Azule 1,TaskName 6/10/2024,Wheat (Durum),5100,6/10/2024,0.999,On,1293.5,16.56,1.254,2.49,3.624,14.23,90.13,7.286,7.593,7,2,455.6,5507.2,5507.2,91.79,91.79,4.964,6/10/2024
-111.7090576,33.0820031,Azule 1,TaskName 6/10/2024,Wheat (Durum),5101,6/10/2024,1.001,On,1293.5,16.56,1.254,2.565,3.654,11.41,90.09,6.047,7.155,7,2,429.3,5157.7,5157.7,85.96,85.96,4.994,6/10/2024
-111.7090456,33.08200298,Azule 1,TaskName 6/10/2024,Wheat (Durum),5102,6/10/2024,1,On,1293.5,16.56,1.254,2.45,3.67,13.39,90.24,5.891,6.021,6.959,2,361.25,4316.5,4316.5,71.94,71.94,5.021,6/10/2024
-111.7090337,33.08200301,Azule 1,TaskName 6/10/2024,Wheat (Durum),5103,6/10/2024,1,On,1293.5,16.56,1.254,2.472,3.641,11.1,90,6.66,5.899,6.82,2,353.96,4263.7,4263.7,71.06,71.06,4.981,6/10/2024
-111.7090219,33.08200328,Azule 1,TaskName 6/10/2024,Wheat (Durum),5104,6/10/2024,0.999,On,1293.6,16.56,1.254,2.484,3.618,15.74,89.73,8.454,6.854,6.7,2,411.25,4980.2,4980.2,83,83,4.955,6/10/2024
-111.7090099,33.08200344,Azule 1,TaskName 6/10/2024,Wheat (Durum),5105,6/10/2024,0.996,On,1293.5,16.55,1.755,2.53,3.687,12.39,89.55,8.61,8.519,6.7,2,511.16,6057.4,6057.4,100.96,100.96,5.063,6/10/2024
-111.7089979,33.0820035,Azule 1,TaskName 6/10/2024,Wheat (Durum),5106,6/10/2024,1.005,On,1293.5,16.55,1.755,2.514,3.651,12.24,89.62,7.457,8.521,6.7,2,511.24,6173.5,6173.5,102.89,102.89,4.969,6/10/2024
-111.708986,33.08200354,Azule 1,TaskName 6/10/2024,Wheat (Durum),5107,6/10/2024,0.999,On,1293.5,16.55,1.755,2.467,3.66,11.66,89.73,6.503,7.311,6.74,2,438.63,5252,5252,87.53,87.53,5.011,6/10/2024
-111.7089741,33.08200352,Azule 1,TaskName 6/10/2024,Wheat (Durum),5108,6/10/2024,1,On,1293.5,16.05,1.505,2.501,3.637,10.76,89.77,7.085,6.527,6.8,2,391.63,4869.7,4869.7,81.16,81.16,4.825,6/10/2024
-111.7089621,33.08200364,Azule 1,TaskName 6/10/2024,Wheat (Durum),5109,6/10/2024,1,On,1293.5,16.55,1.755,2.468,3.657,11.31,89.74,7.746,7.205,6.8,2,432.31,5185.5,5185.5,86.43,86.43,5.002,6/10/2024
-111.7089503,33.08200365,Azule 1,TaskName 6/10/2024,Wheat (Durum),5110,6/10/2024,1,On,1293.5,16.55,1.755,2.5,3.631,10.22,89.94,7.272,7.692,6.8,2,461.53,5576,5576,92.93,92.93,4.966,6/10/2024
-111.7089383,33.08200345,Azule 1,TaskName 6/10/2024,Wheat (Durum),5111,6/10/2024,1,On,1293.4,16.56,1.254,2.513,3.66,12.4,90.23,6.936,7.258,6.8,2,435.51,5218.1,5218.1,86.97,86.97,5.008,6/10/2024
-111.7089263,33.08200333,Azule 1,TaskName 6/10/2024,Wheat (Durum),5112,6/10/2024,1,On,1293.4,16.56,1.254,2.472,3.673,13.07,90.39,6.293,6.848,6.8,2,410.87,4905.4,4905.4,81.76,81.76,5.026,6/10/2024
-111.7089145,33.08200328,Azule 1,TaskName 6/10/2024,Wheat (Durum),5113,6/10/2024,1,On,1293.4,16.56,1.254,2.471,3.611,13.12,90.42,6.192,6.269,6.8,2,376.15,4568.3,4568.3,76.14,76.14,4.94,6/10/2024
-111.7089025,33.08200307,Azule 1,TaskName 6/10/2024,Wheat (Durum),5114,6/10/2024,1.001,On,1293.4,16.56,1.254,2.497,3.67,10.83,90.58,6.962,6.223,6.8,2,373.38,4466.2,4466.2,74.44,74.44,5.016,6/10/2024
-111.7088906,33.0820031,Azule 1,TaskName 6/10/2024,Wheat (Durum),5115,6/10/2024,0.999,On,1293.4,16.56,1.254,2.461,3.644,10.63,90.4,7.855,7.135,6.8,2,428.08,5147.1,5147.1,85.78,85.78,4.99,6/10/2024
-111.7088787,33.08200296,Azule 1,TaskName 6/10/2024,Wheat (Durum),5116,6/10/2024,1,On,1293.4,16.56,1.254,2.481,3.621,12.42,90.46,8.026,7.76,6.8,2,465.63,5639.7,5639.7,94,94,4.954,6/10/2024
-111.7088669,33.082003,Azule 1,TaskName 6/10/2024,Wheat (Durum),5117,6/10/2024,1,On,1293.4,16.56,1.254,2.467,3.627,12.63,90.21,9.654,8.266,6.8,2,495.97,5996.3,5996.3,99.94,99.94,4.963,6/10/2024
-111.7088548,33.08200301,Azule 1,TaskName 6/10/2024,Wheat (Durum),5118,6/10/2024,1,On,1293.5,16.56,1.254,2.491,3.68,11.52,90.16,9.002,9.56,6.8,2,573.59,6835.8,6835.8,113.93,113.93,5.035,6/10/2024
-111.708843,33.08200305,Azule 1,TaskName 6/10/2024,Wheat (Durum),5119,6/10/2024,1,On,1293.5,16.56,1.254,2.486,3.621,10.98,89.91,8.737,9.004,6.8,2,540.22,6543.2,6543.2,109.05,109.05,4.954,6/10/2024
-111.7088311,33.082003,Azule 1,TaskName 6/10/2024,Wheat (Durum),5120,6/10/2024,1,On,1293.4,16.56,1.254,2.482,3.631,11.67,90.13,8.35,8.657,6.8,2,519.44,6274.4,6274.4,104.57,104.57,4.967,6/10/2024
-111.7088192,33.08200305,Azule 1,TaskName 6/10/2024,Wheat (Durum),5121,6/10/2024,1.001,On,1293.4,16.56,1.254,2.505,3.634,11.92,90.15,9.307,8.464,6.76,2,507.86,6135.1,6135.1,102.25,102.25,4.967,6/10/2024
-111.7088072,33.08200312,Azule 1,TaskName 6/10/2024,Wheat (Durum),5122,6/10/2024,0.994,On,1293.4,16.56,1.254,2.5,3.68,11.81,89.83,9.646,9.356,6.7,2,561.37,6650,6650,110.83,110.83,5.065,6/10/2024
-111.7087952,33.08200335,Azule 1,TaskName 6/10/2024,Wheat (Durum),5123,6/10/2024,1.005,On,1293.5,16.56,1.254,2.5,3.667,11.57,89.53,8.393,9.571,6.66,2,574.25,6902.6,6902.6,115.04,115.04,4.992,6/10/2024
-111.7087834,33.08200346,Azule 1,TaskName 6/10/2024,Wheat (Durum),5124,6/10/2024,1,On,1293.5,16.56,1.254,2.48,3.617,13.82,89.63,6.756,8.198,6.56,2,491.88,5963.1,5963.1,99.39,99.39,4.949,6/10/2024
-111.7087715,33.08200328,Azule 1,TaskName 6/10/2024,Wheat (Durum),5125,6/10/2024,0.995,On,1293.5,16.56,1.254,2.499,3.64,12.31,89.95,6.903,6.761,6.5,2,405.69,4862.7,4862.7,81.05,81.05,5.006,6/10/2024
-111.7087594,33.08200314,Azule 1,TaskName 6/10/2024,Wheat (Durum),5126,6/10/2024,1.005,On,1293.5,16.56,1.254,2.488,3.696,11.19,89.98,7.712,6.956,6.5,2,417.36,4976.6,4976.6,82.94,82.94,5.032,6/10/2024
-111.7087476,33.08200324,Azule 1,TaskName 6/10/2024,Wheat (Durum),5127,6/10/2024,0.996,On,1293.4,16.56,1.254,2.493,3.621,13.88,89.88,8.224,7.84,6.5,2,470.4,5674.7,5674.7,94.58,94.58,4.974,6/10/2024
-111.7087354,33.08200327,Azule 1,TaskName 6/10/2024,Wheat (Durum),5128,6/10/2024,1.004,On,1293.4,16.56,1.254,2.532,3.713,9.814,89.98,8.381,8.169,6.5,2,490.13,5812.8,5812.8,96.88,96.88,5.059,6/10/2024
-111.7087236,33.08200328,Azule 1,TaskName 6/10/2024,Wheat (Durum),5129,6/10/2024,0.995,On,1293.4,16.05,1.505,2.493,3.617,14.85,90.08,9.717,8.55,6.46,2,513.01,6381.6,6381.6,106.36,106.36,4.823,6/10/2024
-111.7087116,33.08200332,Azule 1,TaskName 6/10/2024,Wheat (Durum),5130,6/10/2024,0.996,On,1293.4,16.56,1.254,2.449,3.667,12,90,9.547,9.705,6.4,2,582.29,6936.5,6936.5,115.61,115.61,5.037,6/10/2024
-111.7086998,33.08200332,Azule 1,TaskName 6/10/2024,Wheat (Durum),5131,6/10/2024,1.004,On,1293.5,16.56,1.254,2.452,3.604,11.24,89.9,8.876,9.505,6.439,2,570.28,6966.4,6966.4,116.11,116.11,4.912,6/10/2024
-111.7086879,33.08200331,Azule 1,TaskName 6/10/2024,Wheat (Durum),5132,6/10/2024,1,On,1293.5,16.05,1.505,2.456,3.64,10.89,89.9,8.189,8.815,6.54,2,528.92,6570.9,6570.9,109.51,109.51,4.83,6/10/2024
-111.708676,33.08200347,Azule 1,TaskName 6/10/2024,Wheat (Durum),5133,6/10/2024,1.001,On,1293.5,16.05,1.505,2.543,3.644,12.26,89.84,7.623,8.372,6.6,2,502.32,6241,6241,104.02,104.02,4.829,6/10/2024
-111.7086639,33.08200337,Azule 1,TaskName 6/10/2024,Wheat (Durum),5134,6/10/2024,1,On,1293.5,16.56,1.254,2.54,3.69,11.86,89.98,8.144,7.678,6.6,2,460.66,5475.4,5475.4,91.26,91.26,5.048,6/10/2024
-111.708652,33.0820033,Azule 1,TaskName 6/10/2024,Wheat (Durum),5135,6/10/2024,0.999,On,1293.5,16.56,1.254,2.497,3.644,10.8,90.29,8.047,8.166,6.6,2,489.97,5891.2,5891.2,98.19,98.19,4.99,6/10/2024
-111.7086401,33.08200319,Azule 1,TaskName 6/10/2024,Wheat (Durum),5136,6/10/2024,1,On,1293.6,16.56,1.254,2.449,3.637,12.15,90.43,7.529,8.047,6.6,2,482.81,5821.5,5821.5,97.02,97.02,4.976,6/10/2024
-111.7086281,33.08200321,Azule 1,TaskName 6/10/2024,Wheat (Durum),5137,6/10/2024,1.001,On,1293.6,16.56,1.254,2.484,3.665,11.56,90.33,6.7,7.374,6.6,2,442.44,5299,5299,88.32,88.32,5.01,6/10/2024
-111.7086162,33.08200336,Azule 1,TaskName 6/10/2024,Wheat (Durum),5138,6/10/2024,1,On,1293.5,16.56,1.254,2.521,3.657,11.29,90.11,7.5,6.798,6.6,2,407.86,4891.5,4891.5,81.53,81.53,5.003,6/10/2024
-111.7086044,33.08200341,Azule 1,TaskName 6/10/2024,Wheat (Durum),5139,6/10/2024,0.999,On,1293.5,16.05,1.505,2.48,3.637,13.03,90.02,7.954,7.518,6.64,2,451.09,5603.7,5603.7,93.4,93.4,4.83,6/10/2024
-111.7085923,33.08200326,Azule 1,TaskName 6/10/2024,Wheat (Durum),5140,6/10/2024,1.001,On,1293.5,16.56,1.254,2.502,3.689,10.94,90.33,8.433,8.062,6.7,2,483.72,5755.5,5755.5,95.92,95.92,5.043,6/10/2024
-111.7085804,33.08200309,Azule 1,TaskName 6/10/2024,Wheat (Durum),5141,6/10/2024,1,On,1293.5,16.56,1.254,2.481,3.67,10.79,90.37,7.592,8.323,6.7,2,499.41,5968,5968,99.47,99.47,5.021,6/10/2024
-111.7085686,33.08200296,Azule 1,TaskName 6/10/2024,Wheat (Durum),5142,6/10/2024,1,On,1293.5,16.56,1.254,2.471,3.614,12.23,90.47,7.495,7.588,6.7,2,455.29,5524.8,5524.8,92.08,92.08,4.945,6/10/2024
-111.7085567,33.08200301,Azule 1,TaskName 6/10/2024,Wheat (Durum),5143,6/10/2024,1,On,1293.4,16.56,1.254,2.546,3.66,12.27,90.27,7.187,7.474,6.7,2,448.45,5373.5,5373.5,89.56,89.56,5.007,6/10/2024
-111.7085446,33.08200291,Azule 1,TaskName 6/10/2024,Wheat (Durum),5144,6/10/2024,0.994,On,1293.4,16.56,1.254,2.49,3.686,10.25,90.26,6.78,7.136,6.7,2,428.15,5063.2,5063.2,84.39,84.39,5.074,6/10/2024
-111.7085328,33.082003,Azule 1,TaskName 6/10/2024,Wheat (Durum),5145,6/10/2024,1.005,On,1293.5,16.56,1.254,2.449,3.614,11.74,90.09,7.315,6.754,6.7,2,405.25,4942.1,4942.1,82.37,82.37,4.92,6/10/2024
-111.7085208,33.08200312,Azule 1,TaskName 6/10/2024,Wheat (Durum),5146,6/10/2024,1,On,1293.5,16.56,1.254,2.483,3.676,10.38,89.84,8.703,7.52,6.7,2,451.18,5382.1,5382.1,89.7,89.7,5.03,6/10/2024
-111.7085091,33.08200319,Azule 1,TaskName 6/10/2024,Wheat (Durum),5147,6/10/2024,1,On,1293.5,16.56,1.254,2.467,3.588,15.86,89.74,8.608,8.644,6.74,2,518.66,6339.8,6339.8,105.66,105.66,4.909,6/10/2024
-111.7084972,33.08200353,Azule 1,TaskName 6/10/2024,Wheat (Durum),5148,6/10/2024,1,On,1293.4,16.55,1.755,2.507,3.673,10.62,89.5,9.039,8.688,6.8,2,521.3,6225.3,6225.3,103.76,103.76,5.024,6/10/2024
-111.7084852,33.08200341,Azule 1,TaskName 6/10/2024,Wheat (Durum),5149,6/10/2024,0.996,On,1293.5,16.56,1.254,2.507,3.663,10.97,89.83,8.015,8.966,6.8,2,537.93,6414.2,6414.2,106.9,106.9,5.032,6/10/2024
-111.7084732,33.08200333,Azule 1,TaskName 6/10/2024,Wheat (Durum),5150,6/10/2024,1.004,On,1293.5,16.56,1.254,2.457,3.683,12.09,89.98,6.747,7.866,6.841,2,471.99,5642.8,5642.8,94.05,94.05,5.019,6/10/2024
-111.7084613,33.08200346,Azule 1,TaskName 6/10/2024,Wheat (Durum),5151,6/10/2024,0.995,On,1293.4,16.05,1.505,2.532,3.63,12.35,89.87,6.531,6.679,6.939,2,400.71,4966.9,4966.9,82.78,82.78,4.841,6/10/2024
-111.7084492,33.08200352,Azule 1,TaskName 6/10/2024,Wheat (Durum),5152,6/10/2024,1.005,On,1293.4,16.56,1.254,2.53,3.709,10.67,89.89,8.084,6.633,7,2,397.99,4729.1,4729.1,78.82,78.82,5.049,6/10/2024
-111.7084375,33.08200348,Azule 1,TaskName 6/10/2024,Wheat (Durum),5153,6/10/2024,1,On,1293.3,16.56,1.254,2.458,3.62,12.83,90.05,10.37,8.393,7,2,503.6,6100,6100,101.67,101.67,4.953,6/10/2024
-111.7084255,33.08200328,Azule 1,TaskName 6/10/2024,Wheat (Durum),5154,6/10/2024,1.001,On,1293.4,16.56,1.254,2.49,3.66,11.14,90.28,11.42,10.43,6.961,2,625.9,7507.3,7507.3,125.12,125.12,5.002,6/10/2024
-111.7084136,33.08200316,Azule 1,TaskName 6/10/2024,Wheat (Durum),5155,6/10/2024,0.999,On,1293.4,16.56,1.254,2.436,3.653,12.09,90.31,11.37,11.49,6.9,2,689.21,8264.9,8264.9,137.75,137.75,5.003,6/10/2024
-111.7084018,33.08200334,Azule 1,TaskName 6/10/2024,Wheat (Durum),5156,6/10/2024,1,On,1293.5,16.56,1.254,2.446,3.624,11.97,90.06,10.28,11.2,6.9,2,671.85,8130.6,8130.6,135.51,135.51,4.958,6/10/2024
-111.7083898,33.08200325,Azule 1,TaskName 6/10/2024,Wheat (Durum),5157,6/10/2024,1,On,1293.4,16.56,1.254,2.528,3.66,10.98,90.19,10.06,10.36,6.86,2,621.75,7450.1,7450.1,124.17,124.17,5.007,6/10/2024
-111.708378,33.08200315,Azule 1,TaskName 6/10/2024,Wheat (Durum),5158,6/10/2024,1,On,1293.5,16.56,1.254,2.464,3.624,12.05,90.23,8.557,9.76,6.8,2,585.59,7086.6,7086.6,118.11,118.11,4.958,6/10/2024
-111.7083662,33.08200303,Azule 1,TaskName 6/10/2024,Wheat (Durum),5159,6/10/2024,1,On,1293.5,16.56,1.254,2.498,3.64,10.67,90.33,9.539,8.713,6.8,2,522.79,6298.1,6298.1,104.97,104.97,4.98,6/10/2024
-111.7083543,33.08200322,Azule 1,TaskName 6/10/2024,Wheat (Durum),5160,6/10/2024,1,On,1293.5,16.56,1.254,2.481,3.634,12.41,89.86,9.781,9.537,6.8,2,572.24,6906.3,6906.3,115.11,115.11,4.971,6/10/2024
-111.7083424,33.08200336,Azule 1,TaskName 6/10/2024,Wheat (Durum),5161,6/10/2024,1,On,1293.5,16.05,1.505,2.444,3.653,15.94,89.84,9.608,9.809,6.76,2,588.56,7285.9,7285.9,121.43,121.43,4.847,6/10/2024
-111.7083305,33.08200325,Azule 1,TaskName 6/10/2024,Wheat (Durum),5162,6/10/2024,1,On,1293.5,16.56,1.254,2.496,3.663,13.63,90.07,7.854,9.426,6.7,2,565.53,6770.3,6770.3,112.84,112.84,5.012,6/10/2024
-111.7083185,33.08200297,Azule 1,TaskName 6/10/2024,Wheat (Durum),5163,6/10/2024,0.995,On,1293.5,16.56,1.254,2.53,3.666,11.98,90.54,6.411,7.755,6.7,2,465.31,5537.7,5537.7,92.29,92.29,5.042,6/10/2024
-111.7083066,33.0820027,Azule 1,TaskName 6/10/2024,Wheat (Durum),5164,6/10/2024,1,On,1293.5,16.56,1.254,2.508,3.663,11.79,90.76,5.211,6.234,6.7,2,374.05,4478,4478,74.63,74.63,5.012,6/10/2024
-111.7082946,33.08200282,Azule 1,TaskName 6/10/2024,Wheat (Durum),5165,6/10/2024,1,On,1293.5,16.56,1.254,2.484,3.673,11.24,90.36,5.996,5.262,6.7,2,315.71,3769.4,3769.4,62.82,62.82,5.025,6/10/2024
-111.7082827,33.08200295,Azule 1,TaskName 6/10/2024,Wheat (Durum),5166,6/10/2024,1,On,1293.5,16.56,1.254,2.488,3.647,12.02,90,7.738,6.105,6.7,2,366.33,4405.3,4405.3,73.42,73.42,4.989,6/10/2024
-111.7082708,33.08200321,Azule 1,TaskName 6/10/2024,Wheat (Durum),5167,6/10/2024,1.001,On,1293.5,16.56,1.254,2.507,3.639,14.43,89.7,10.76,8.063,6.7,2,483.8,5836,5836,97.27,97.27,4.974,6/10/2024
-111.7082588,33.08200312,Azule 1,TaskName 6/10/2024,Wheat (Durum),5168,6/10/2024,1.004,On,1293.4,16.56,1.254,2.539,3.667,11.21,89.94,12.82,10.93,6.661,2,656.02,7875.8,7875.8,131.26,131.26,4.998,6/10/2024
-111.7082469,33.08200311,Azule 1,TaskName 6/10/2024,Wheat (Durum),5169,6/10/2024,0.996,On,1293.4,16.56,1.254,2.462,3.671,12.15,89.84,12.53,12.88,6.6,2,772.55,9192.6,9192.6,153.21,153.21,5.042,6/10/2024
-111.708235,33.08200324,Azule 1,TaskName 6/10/2024,Wheat (Durum),5170,6/10/2024,0.999,On,1293.4,16.56,1.254,2.458,3.635,10.72,89.71,10.33,12.41,6.6,2,744.36,8972.1,8972.1,149.53,149.53,4.978,6/10/2024
-111.7082231,33.08200346,Azule 1,TaskName 6/10/2024,Wheat (Durum),5171,6/10/2024,1,On,1293.4,16.56,1.254,2.496,3.641,10.48,89.5,8.182,10.06,6.6,2,603.79,7271.9,7271.9,121.2,121.2,4.982,6/10/2024
-111.7082112,33.08200342,Azule 1,TaskName 6/10/2024,Wheat (Durum),5172,6/10/2024,1.001,On,1293.4,16.56,1.254,2.481,3.635,11.79,89.63,7.533,8.064,6.6,2,483.87,5843.9,5843.9,97.4,97.4,4.968,6/10/2024
-111.7081993,33.08200338,Azule 1,TaskName 6/10/2024,Wheat (Durum),5173,6/10/2024,0.999,On,1293.4,16.56,1.254,2.506,3.654,10.83,89.81,8.594,7.624,6.6,2,457.42,5483.8,5483.8,91.4,91.4,5.005,6/10/2024
-111.7081873,33.08200367,Azule 1,TaskName 6/10/2024,Wheat (Durum),5174,6/10/2024,1.001,On,1293.4,16.05,1.505,2.472,3.654,12.62,89.61,9.933,8.804,6.64,2,528.22,6543.6,6543.6,109.06,109.06,4.843,6/10/2024
-111.7081755,33.08200373,Azule 1,TaskName 6/10/2024,Wheat (Durum),5175,6/10/2024,0.995,On,1293.4,16.05,1.505,2.437,3.605,14.34,89.67,9.437,9.867,6.7,2,591.99,7389.2,7389.2,123.15,123.15,4.807,6/10/2024
-111.7081636,33.08200345,Azule 1,TaskName 6/10/2024,Wheat (Durum),5176,6/10/2024,1.004,On,1293.4,16.56,1.254,2.486,3.667,12.83,90.22,8.774,9.369,6.7,2,562.11,6748.4,6748.4,112.47,112.47,4.998,6/10/2024
-111.7081517,33.08200312,Azule 1,TaskName 6/10/2024,Wheat (Durum),5177,6/10/2024,0.996,On,1293.4,16.56,1.254,2.51,3.628,13.11,90.53,8.106,8.693,6.7,2,521.56,6279,6279,104.65,104.65,4.984,6/10/2024
-111.7081397,33.08200317,Azule 1,TaskName 6/10/2024,Wheat (Durum),5178,6/10/2024,0.999,On,1293.4,16.56,1.254,2.515,3.674,10.94,90.47,8.299,8.176,6.74,2,490.53,5849.2,5849.2,97.49,97.49,5.032,6/10/2024
-111.7081278,33.08200328,Azule 1,TaskName 6/10/2024,Wheat (Durum),5179,6/10/2024,1.001,On,1293.3,16.56,1.254,2.514,3.658,10.96,90.12,7.975,8.189,6.84,2,491.31,5896.6,5896.6,98.28,98.28,4.999,6/10/2024
-111.7081158,33.08200331,Azule 1,TaskName 6/10/2024,Wheat (Durum),5180,6/10/2024,1.004,On,1293.3,16.56,1.254,2.495,3.674,10.85,90.03,8.662,8.127,6.9,2,487.59,5843.3,5843.3,97.39,97.39,5.007,6/10/2024
-111.7081039,33.08200341,Azule 1,TaskName 6/10/2024,Wheat (Durum),5181,6/10/2024,0.996,On,1293.2,16.56,1.254,2.532,3.622,12.65,89.98,8.334,8.557,6.9,2,513.43,6192.3,6192.3,103.21,103.21,4.975,6/10/2024
-111.708092,33.08200318,Azule 1,TaskName 6/10/2024,Wheat (Durum),5182,6/10/2024,1.004,On,1293.2,16.56,1.254,2.504,3.658,11.25,90.29,9.25,8.477,6.9,2,508.64,6122.8,6122.8,102.05,102.05,4.984,6/10/2024
-111.70808,33.08200306,Azule 1,TaskName 6/10/2024,Wheat (Durum),5183,6/10/2024,1,On,1293.2,16.56,1.254,2.457,3.674,12.71,90.38,8.828,9.202,6.9,2,552.1,6589.9,6589.9,109.83,109.83,5.027,6/10/2024
-111.7080681,33.0820031,Azule 1,TaskName 6/10/2024,Wheat (Durum),5184,6/10/2024,1,On,1293.3,16.05,1.505,2.449,3.651,11.13,90.2,8.263,8.795,6.86,2,527.7,6536.6,6536.6,108.94,108.94,4.844,6/10/2024
-111.7080562,33.08200311,Azule 1,TaskName 6/10/2024,Wheat (Durum),5185,6/10/2024,1.001,On,1293.3,16.56,1.254,2.469,3.635,10.54,90.02,7.599,8.178,6.8,2,490.68,5926.2,5926.2,98.77,98.77,4.968,6/10/2024
-111.7080444,33.08200317,Azule 1,TaskName 6/10/2024,Wheat (Durum),5186,6/10/2024,0.995,On,1293.3,16.56,1.254,2.492,3.618,11.16,90.09,8.091,7.615,6.8,2,456.88,5509.8,5509.8,91.83,91.83,4.975,6/10/2024
-111.7080325,33.08200301,Azule 1,TaskName 6/10/2024,Wheat (Durum),5187,6/10/2024,1.004,On,1293.3,16.56,1.254,2.504,3.622,14.92,90.17,8.926,8.184,6.8,2,491.03,5969.7,5969.7,99.5,99.5,4.935,6/10/2024
-111.7080204,33.08200315,Azule 1,TaskName 6/10/2024,Wheat (Durum),5188,6/10/2024,1,On,1293.2,16.56,1.254,2.514,3.72,10.59,89.92,8.732,8.963,6.8,2,537.78,6339.8,6339.8,105.66,105.66,5.09,6/10/2024
-111.7080085,33.08200327,Azule 1,TaskName 6/10/2024,Wheat (Durum),5189,6/10/2024,0.995,On,1293.3,16.05,1.505,2.467,3.638,11.27,89.78,7.663,8.605,6.84,2,516.3,6386.3,6386.3,106.44,106.44,4.851,6/10/2024
-111.7079967,33.08200354,Azule 1,TaskName 6/10/2024,Wheat (Durum),5190,6/10/2024,1.005,On,1293.3,16.05,1.505,2.5,3.625,12.92,89.46,7.339,7.621,6.94,2,457.23,5733.2,5733.2,95.55,95.55,4.785,6/10/2024
-111.7079846,33.08200351,Azule 1,TaskName 6/10/2024,Wheat (Durum),5191,6/10/2024,1.001,On,1293.3,16.55,1.755,2.493,3.704,11.38,89.77,8.286,7.377,7,2,442.63,5247.5,5247.5,87.46,87.46,5.061,6/10/2024
-111.7079728,33.08200331,Azule 1,TaskName 6/10/2024,Wheat (Durum),5192,6/10/2024,0.999,On,1293.3,16.56,1.254,2.475,3.612,11.31,90.04,10.61,8.53,6.959,2,511.8,6208.2,6208.2,103.47,103.47,4.946,6/10/2024
-111.7079607,33.08200331,Azule 1,TaskName 6/10/2024,Wheat (Durum),5193,6/10/2024,1,On,1293.3,16.56,1.254,2.503,3.681,10.39,89.98,11.31,10.74,6.86,2,644.58,7680.1,7680.1,128,128,5.036,6/10/2024
-111.7079488,33.0820034,Azule 1,TaskName 6/10/2024,Wheat (Durum),5194,6/10/2024,1,On,1293.3,17.05,1.504,2.495,3.648,12.22,89.8,9.723,11.19,6.8,2,671.2,7833.3,7833.3,130.55,130.55,5.141,6/10/2024
-111.7079369,33.08200342,Azule 1,TaskName 6/10/2024,Wheat (Durum),5195,6/10/2024,1,On,1293.3,17.05,1.504,2.485,3.644,12.46,89.91,7.25,9.528,6.8,2,571.67,6677.7,6677.7,111.3,111.3,5.137,6/10/2024
-111.707925,33.08200327,Azule 1,TaskName 6/10/2024,Wheat (Durum),5196,6/10/2024,1,On,1293.3,16.56,1.254,2.52,3.667,10.91,90.11,4.963,6.961,6.8,2,417.69,4994.5,4994.5,83.24,83.24,5.018,6/10/2024
-111.707913,33.08200331,Azule 1,TaskName 6/10/2024,Wheat (Durum),5197,6/10/2024,0.996,On,1293.3,16.56,1.254,2.472,3.665,11.51,89.99,5.458,4.936,6.8,2,296.15,3529.2,3529.2,58.82,58.82,5.035,6/10/2024
-111.7079011,33.08200336,Azule 1,TaskName 6/10/2024,Wheat (Durum),5198,6/10/2024,1.004,On,1293.3,16.56,1.254,2.487,3.637,10.75,89.88,8.806,5.67,6.8,2,340.19,4118.6,4118.6,68.64,68.64,4.956,6/10/2024
-111.7078893,33.08200333,Azule 1,TaskName 6/10/2024,Wheat (Durum),5199,6/10/2024,0.995,On,1293.4,16.56,1.254,2.485,3.637,11.67,89.89,12.41,9.351,6.8,2,561.07,6731.8,6731.8,112.2,112.2,5.001,6/10/2024
-111.7078774,33.08200334,Azule 1,TaskName 6/10/2024,Wheat (Durum),5200,6/10/2024,1.001,On,1293.4,16.56,1.254,2.501,3.624,12.89,89.99,11.75,12.36,6.761,2,741.67,8984.8,8984.8,149.75,149.75,4.953,6/10/2024
-111.7078655,33.08200321,Azule 1,TaskName 6/10/2024,Wheat (Durum),5201,6/10/2024,1.004,On,1293.4,16.56,1.254,2.455,3.666,12.95,90.2,9.972,11.62,6.7,2,697.18,8372.7,8372.7,139.54,139.54,4.996,6/10/2024
-111.7078535,33.08200315,Azule 1,TaskName 6/10/2024,Wheat (Durum),5202,6/10/2024,1,On,1293.3,16.56,1.254,2.548,3.676,11.1,90.27,7.453,9.674,6.7,2,580.42,6924,6924,115.4,115.4,5.03,6/10/2024
-111.7078415,33.08200319,Azule 1,TaskName 6/10/2024,Wheat (Durum),5203,6/10/2024,0.995,On,1293.3,16.56,1.254,2.485,3.676,10.53,90.12,6.727,7.384,6.74,2,443.04,5258.8,5258.8,87.65,87.65,5.055,6/10/2024
-111.7078297,33.08200317,Azule 1,TaskName 6/10/2024,Wheat (Durum),5204,6/10/2024,1,On,1293.3,16.56,1.254,2.425,3.633,10.63,90.09,7.269,6.735,6.841,2,404.09,4877.2,4877.2,81.29,81.29,4.971,6/10/2024
-111.7078178,33.08200314,Azule 1,TaskName 6/10/2024,Wheat (Durum),5205,6/10/2024,1.001,On,1293.4,17.05,1.504,2.481,3.624,10.3,90.05,8.052,7.404,6.9,2,444.22,5224.1,5224.1,87.07,87.07,5.102,6/10/2024
-111.7078065,33.08200322,Azule 1,TaskName 6/10/2024,Wheat (Durum),5206,6/10/2024,1.005,On,1293.4,17.05,1.504,2.421,3.469,15.27,90.01,6.977,7.927,6.9,2,475.61,5865.1,5865.1,97.75,97.75,4.865,6/10/2024
-111.7077966,33.08200324,Azule 1,TaskName 6/10/2024,Wheat (Durum),5207,6/10/2024,0.994,On,1293.3,17.55,1.755,2.168,3.036,15.02,89.96,5.649,6.94,6.9,2,416.43,5638.6,5638.6,93.98,93.98,4.431,6/10/2024
-111.7077873,33.08200324,Azule 1,TaskName 6/10/2024,Wheat (Durum),5208,6/10/2024,1.001,On,1293.3,17.55,1.755,2.022,2.846,11.34,89.87,3.66,5.452,6.9,2,327.15,4759.2,4759.2,79.32,79.32,4.124,6/10/2024
-111.7078298,33.08165358,Azule 1,TaskName 6/10/2024,Wheat (Durum),8847,6/10/2024,1,On,1292.4,4.987,12.52,1.888,2.736,8.456,271.97,1.337,1.169,0,1,70.16,3733,3733,62.22,62.22,1.128,6/10/2024
-111.7078393,33.08165422,Azule 1,TaskName 6/10/2024,Wheat (Durum),8848,6/10/2024,1.001,On,1292.5,4.488,12.27,1.99,2.913,8.662,272.18,1.37,1.336,0,1,80.15,4454.7,4454.7,74.25,74.25,1.08,6/10/2024
-111.7078488,33.08165459,Azule 1,TaskName 6/10/2024,Wheat (Durum),8849,6/10/2024,1,On,1292.4,3.491,11.77,1.967,2.923,9.172,272.36,0.787,1.371,0,1,82.28,5854.1,5854.1,97.57,97.57,0.843,6/10/2024
-111.7078585,33.08165476,Azule 1,TaskName 6/10/2024,Wheat (Durum),8850,6/10/2024,0.999,On,1292.5,2.992,11.52,1.982,2.963,9.025,272.3,0,0.786,0,1,47.18,3860.2,3860.2,64.34,64.34,0.733,6/10/2024
-111.7078876,33.08165526,Azule 1,TaskName 6/10/2024,Wheat (Durum),8852,6/10/2024,0.996,On,1292.7,2.992,11.02,2.026,3.007,9.08,271.55,1.964,1.482,0,1,88.9,7144.3,7144.3,119.07,119.07,0.747,6/10/2024
-111.7078975,33.08165534,Azule 1,TaskName 6/10/2024,Wheat (Durum),8853,6/10/2024,1.004,On,1292.7,3.491,11.27,2.118,3.027,8.739,271.27,2.524,1.952,0,1,117.13,8080.4,8080.4,134.67,134.67,0.87,6/10/2024
-111.707907,33.08165538,Azule 1,TaskName 6/10/2024,Wheat (Durum),8854,6/10/2024,1,On,1292.6,3.99,11.52,2.028,2.928,9.343,271.07,3.348,2.519,0,1,151.13,9391.4,9391.4,156.52,156.52,0.966,6/10/2024
-111.7079175,33.08165548,Azule 1,TaskName 6/10/2024,Wheat (Durum),8855,6/10/2024,1,On,1292.6,4.488,11.77,2.135,3.204,9.469,271.06,3.354,3.347,0,1,200.84,10139,10139,168.99,168.99,1.188,6/10/2024
-111.7079489,33.08165643,Azule 1,TaskName 6/10/2024,Wheat (Durum),8858,6/10/2024,0.996,On,1292.5,4.488,11.27,2.159,3.211,9.068,271.42,3.183,3.202,0,1,192.12,9640.5,9640.5,160.68,160.68,1.196,6/10/2024
-111.7079592,33.08165655,Azule 1,TaskName 6/10/2024,Wheat (Durum),8859,6/10/2024,1.005,On,1292.6,4.488,11.27,2.124,3.155,8.709,271.27,3.05,3.178,0,1,190.7,9826.6,9826.6,163.78,163.78,1.164,6/10/2024
-111.7079798,33.08165554,Azule 1,TaskName 6/10/2024,Wheat (Durum),8861,6/10/2024,0.999,On,1292.5,3.99,11.52,2.11,3.089,8.97,269.37,3.449,2.823,0,1,169.36,9966.4,9966.4,166.11,166.11,1.02,6/10/2024
-111.7080039,33.08165526,Azule 1,TaskName 6/10/2024,Wheat (Durum),8863,6/10/2024,0.999,On,1292.5,3.99,11.52,2.643,3.883,9.219,269.19,2.964,3.55,0,1,213.02,9973,9973,166.22,166.22,1.282,6/10/2024
-111.7080162,33.08165496,Azule 1,TaskName 6/10/2024,Wheat (Durum),8864,6/10/2024,1.001,On,1292.6,3.99,11.52,2.548,3.772,9.305,269.17,2.835,2.982,0,1,178.91,8640.8,8640.8,144.01,144.01,1.242,6/10/2024
-111.7080285,33.08165508,Azule 1,TaskName 6/10/2024,Wheat (Durum),8865,6/10/2024,0.999,On,1292.6,3.99,11.52,2.581,3.778,9.591,269.39,3.369,2.817,0,1,169.02,8132.8,8132.8,135.55,135.55,1.247,6/10/2024
-111.7080406,33.08165522,Azule 1,TaskName 6/10/2024,Wheat (Durum),8866,6/10/2024,1.001,On,1292.6,3.99,11.52,2.538,3.713,9.398,269.67,3.557,3.383,0,1,202.99,9959.9,9959.9,166,166,1.223,6/10/2024
-111.7080528,33.08165536,Azule 1,TaskName 6/10/2024,Wheat (Durum),8867,6/10/2024,0.999,On,1292.6,4.488,11.77,2.521,3.729,9.494,269.87,3.382,3.541,0,1,212.44,9206,9206,153.43,153.43,1.385,6/10/2024
-111.7080649,33.08165564,Azule 1,TaskName 6/10/2024,Wheat (Durum),8868,6/10/2024,1.001,On,1292.6,4.488,11.77,2.549,3.713,9.455,270.25,3.238,3.383,0,1,202.95,8851.6,8851.6,147.53,147.53,1.376,6/10/2024
-111.708077,33.08165584,Azule 1,TaskName 6/10/2024,Wheat (Durum),8869,6/10/2024,0.995,On,1292.6,4.488,11.77,2.515,3.729,9.561,270.33,3.685,3.254,0,1,195.24,8426.9,8426.9,140.45,140.45,1.39,6/10/2024
-111.7080892,33.08165614,Azule 1,TaskName 6/10/2024,Wheat (Durum),8870,6/10/2024,1.004,On,1292.6,4.488,11.77,2.596,3.742,9.29,270.83,4.326,3.661,0,1,219.67,9533.5,9533.5,158.89,158.89,1.383,6/10/2024
-111.7081013,33.08165637,Azule 1,TaskName 6/10/2024,Wheat (Durum),8871,6/10/2024,1.001,On,1292.6,4.987,11.52,2.513,3.729,9.368,270.86,4.121,4.33,0,1,259.8,10153,10153,169.22,169.22,1.535,6/10/2024
-111.7081139,33.08165644,Azule 1,TaskName 6/10/2024,Wheat (Durum),8872,6/10/2024,0.999,On,1292.5,4.987,11.52,2.588,3.837,9.563,270.78,4.104,4.115,0,1,246.88,9357,9357,155.95,155.95,1.583,6/10/2024
-111.7081272,33.08165631,Azule 1,TaskName 6/10/2024,Wheat (Durum),8873,6/10/2024,1,On,1292.5,4.488,11.27,2.74,4.087,9.276,270.38,4.15,4.055,0,1,243.28,9629.8,9629.8,160.5,160.5,1.516,6/10/2024
-111.7081403,33.08165629,Azule 1,TaskName 6/10/2024,Wheat (Durum),8874,6/10/2024,1,On,1292.5,4.488,11.27,2.752,4.028,9.236,270.37,3.864,4.197,0,1,251.83,10114,10114,168.57,168.57,1.494,6/10/2024
-111.7081532,33.08165645,Azule 1,TaskName 6/10/2024,Wheat (Durum),8875,6/10/2024,1,On,1292.6,4.488,11.27,2.685,3.972,9.379,270.53,4.037,3.867,0,1,232.01,9449.2,9449.2,157.49,157.49,1.473,6/10/2024
-111.7081663,33.08165645,Azule 1,TaskName 6/10/2024,Wheat (Durum),8876,6/10/2024,1,On,1292.6,4.488,11.27,2.722,4.001,9.434,270.36,3.882,4.036,0,1,242.13,9788.6,9788.6,163.14,163.14,1.484,6/10/2024
-111.7081792,33.08165658,Azule 1,TaskName 6/10/2024,Wheat (Durum),8877,6/10/2024,1,On,1292.5,4.488,11.27,2.735,3.965,8.874,270.28,3.624,3.89,0,1,233.37,9520.4,9520.4,158.67,158.67,1.471,6/10/2024
-111.7081921,33.08165678,Azule 1,TaskName 6/10/2024,Wheat (Durum),8878,6/10/2024,0.996,On,1292.5,3.99,11.02,2.69,3.949,9.467,270.4,3.803,3.619,0,1,217.15,9967.1,9967.1,166.12,166.12,1.307,6/10/2024
-111.7082181,33.0816575,Azule 1,TaskName 6/10/2024,Wheat (Durum),8880,6/10/2024,1.001,On,1292.6,4.488,10.77,2.648,3.995,9.648,270.89,3.887,3.761,0,1,225.68,9147.5,9147.5,152.46,152.46,1.48,6/10/2024
-111.7082441,33.08165686,Azule 1,TaskName 6/10/2024,Wheat (Durum),8882,6/10/2024,1,On,1292.6,4.488,11.27,2.716,3.953,9.391,269.6,3.734,4.105,1.999,1,246.3,10078,10078,167.97,167.97,1.466,6/10/2024
-111.708257,33.08165688,Azule 1,TaskName 6/10/2024,Wheat (Durum),8883,6/10/2024,0.996,On,1292.5,4.488,11.27,2.747,3.97,9.57,269.74,3.541,3.768,5,1,226.07,9175.2,9175.2,152.92,152.92,1.478,6/10/2024
-111.7082698,33.08165711,Azule 1,TaskName 6/10/2024,Wheat (Durum),8884,6/10/2024,1,On,1292.5,4.488,11.27,2.622,3.92,9.77,270.08,4.103,3.514,5,1,210.83,8698.8,8698.8,144.98,144.98,1.454,6/10/2024
-111.7082828,33.08165722,Azule 1,TaskName 6/10/2024,Wheat (Durum),8885,6/10/2024,1.004,On,1292.6,4.488,11.27,2.72,3.953,9.638,269.98,3.949,4.115,5,1,246.88,10142,10142,169.04,169.04,1.461,6/10/2024
-111.708296,33.08165701,Azule 1,TaskName 6/10/2024,Wheat (Durum),8886,6/10/2024,1,On,1292.5,4.488,11.27,2.693,4.039,9.79,269.49,4.024,3.949,5,1,236.93,9489.9,9489.9,158.17,158.17,1.498,6/10/2024
-111.7083088,33.08165648,Azule 1,TaskName 6/10/2024,Wheat (Durum),8887,6/10/2024,1,On,1292.5,4.488,11.27,2.759,3.947,9.258,268.81,4.065,4.026,5,1,241.55,9900.3,9900.3,165,165,1.464,6/10/2024
-111.7083217,33.08165633,Azule 1,TaskName 6/10/2024,Wheat (Durum),8888,6/10/2024,1,On,1292.5,4.488,11.27,2.678,3.927,9.872,268.76,4.085,4.062,5,1,243.73,10039,10039,167.32,167.32,1.457,6/10/2024
-111.7083346,33.0816561,Azule 1,TaskName 6/10/2024,Wheat (Durum),8889,6/10/2024,1,On,1292.5,4.488,11.27,2.721,3.957,9.507,268.7,3.673,4.112,5,1,246.73,10087,10087,168.12,168.12,1.468,6/10/2024
-111.7083477,33.08165529,Azule 1,TaskName 6/10/2024,Wheat (Durum),8890,6/10/2024,1,On,1292.5,4.488,11.77,2.688,4.019,9.765,267.97,3.065,3.652,5,1,219.13,8820,8820,147,147,1.491,6/10/2024
-111.7083606,33.08165468,Azule 1,TaskName 6/10/2024,Wheat (Durum),8891,6/10/2024,1,On,1292.6,3.99,12.02,2.708,3.963,9.284,267.74,3.117,3.088,5,1,185.26,8506.9,8506.9,141.78,141.78,1.307,6/10/2024
-111.7083737,33.08165387,Azule 1,TaskName 6/10/2024,Wheat (Durum),8892,6/10/2024,1.001,On,1292.5,4.488,12.27,2.738,4.012,9.537,267.15,3.694,3.109,5,1,186.55,7528.3,7528.3,125.47,125.47,1.487,6/10/2024
-111.708399,33.08165296,Azule 1,TaskName 6/10/2024,Wheat (Durum),8894,6/10/2024,0.999,On,1292.6,4.488,12.77,2.638,3.868,9.672,267.4,3.495,3.707,5.04,1,222.44,9293,9293,154.88,154.88,1.436,6/10/2024
-111.7084115,33.08165277,Azule 1,TaskName 6/10/2024,Wheat (Durum),8895,6/10/2024,1.001,On,1292.6,4.488,12.77,2.61,3.842,9.483,267.85,3.561,3.496,5.179,1,209.75,8840.3,8840.3,147.34,147.34,1.424,6/10/2024
-111.7084242,33.08165253,Azule 1,TaskName 6/10/2024,Wheat (Durum),8896,6/10/2024,0.999,On,1292.6,4.488,12.77,2.684,3.888,9.594,267.96,3.632,3.563,5.379,1,213.8,8887,8887,148.12,148.12,1.443,6/10/2024
-111.7084368,33.08165275,Azule 1,TaskName 6/10/2024,Wheat (Durum),8897,6/10/2024,1.001,On,1292.6,4.488,12.77,2.617,3.852,9.654,268.9,3.778,3.626,5.622,1,217.58,9146.9,9146.9,152.45,152.45,1.427,6/10/2024
-111.7084494,33.08165327,Azule 1,TaskName 6/10/2024,Wheat (Durum),8898,6/10/2024,1,On,1292.6,4.488,12.27,2.667,3.861,9.512,269.98,3.662,3.784,5.879,1,227.02,9510.2,9510.2,158.5,158.5,1.432,6/10/2024
-111.708462,33.08165391,Azule 1,TaskName 6/10/2024,Wheat (Durum),8899,6/10/2024,1,On,1292.6,4.488,12.27,2.603,3.858,9.678,270.72,3.508,3.659,6.081,1,219.54,9204.5,9204.5,153.41,153.41,1.431,6/10/2024
-111.7084746,33.08165443,Azule 1,TaskName 6/10/2024,Wheat (Durum),8900,6/10/2024,0.995,On,1292.6,3.99,12.02,2.661,3.868,9.644,271.11,3.731,3.514,6.28,1,210.87,9871.2,9871.2,164.52,164.52,1.282,6/10/2024
-111.7084873,33.08165519,Azule 1,TaskName 6/10/2024,Wheat (Durum),8901,6/10/2024,1.005,On,1292.6,4.488,11.77,2.59,3.881,9.968,271.8,3.796,3.753,6.483,1,225.2,9432.8,9432.8,157.21,157.21,1.432,6/10/2024
-111.7085132,33.08165621,Azule 1,TaskName 6/10/2024,Wheat (Durum),8903,6/10/2024,0.999,On,1292.6,4.488,11.27,2.687,4.052,10.12,272.08,4.155,3.668,6.742,1,220.06,8776.9,8776.9,146.28,146.28,1.504,6/10/2024
-111.7085266,33.08165685,Azule 1,TaskName 6/10/2024,Wheat (Durum),8904,6/10/2024,1.001,On,1292.7,4.488,11.27,2.856,4.101,9.587,272.37,3.93,4.172,6.839,1,250.34,9884.6,9884.6,164.74,164.74,1.52,6/10/2024
-111.7085399,33.08165722,Azule 1,TaskName 6/10/2024,Wheat (Durum),8905,6/10/2024,1,On,1292.6,4.488,11.27,2.755,4.094,10.03,272.16,4.287,3.93,6.941,1,235.81,9316.5,9316.5,155.27,155.27,1.519,6/10/2024
-111.7085539,33.08165759,Azule 1,TaskName 6/10/2024,Wheat (Durum),8906,6/10/2024,0.995,On,1292.7,4.488,10.77,2.849,4.278,10.17,272.08,4.353,4.283,7,1,256.96,9667.2,9667.2,161.12,161.12,1.595,6/10/2024
-111.7085675,33.08165789,Azule 1,TaskName 6/10/2024,Wheat (Durum),8907,6/10/2024,1.004,On,1292.7,4.488,10.77,2.94,4.183,9.309,271.84,4.183,4.355,7,1,261.29,10145,10145,169.08,169.08,1.545,6/10/2024
-111.7085812,33.08165824,Azule 1,TaskName 6/10/2024,Wheat (Durum),8908,6/10/2024,1,On,1292.6,4.488,10.77,2.842,4.203,10,271.73,3.92,4.203,7.041,1,252.19,9706.6,9706.6,161.78,161.78,1.559,6/10/2024
-111.7085949,33.08165816,Azule 1,TaskName 6/10/2024,Wheat (Durum),8909,6/10/2024,1,On,1292.6,4.488,10.77,2.843,4.193,9.406,271.11,4.094,3.92,7.1,1,235.2,9074.2,9074.2,151.24,151.24,1.555,6/10/2024
-111.7086085,33.08165755,Azule 1,TaskName 6/10/2024,Wheat (Durum),8910,6/10/2024,1,On,1292.6,4.488,10.77,2.794,4.15,9.726,270.06,4.116,4.071,7.1,1,244.27,9520.8,9520.8,158.68,158.68,1.539,6/10/2024
-111.7086222,33.08165797,Azule 1,TaskName 6/10/2024,Wheat (Durum),8911,6/10/2024,1.001,On,1292.6,4.488,10.77,2.884,4.193,9.605,270.51,3.829,4.142,7.1,1,248.51,9596.2,9596.2,159.94,159.94,1.554,6/10/2024
-111.7086363,33.08165817,Azule 1,TaskName 6/10/2024,Wheat (Durum),8912,6/10/2024,0.999,On,1292.6,4.488,10.77,2.932,4.321,9.732,270.73,3.813,3.82,7.1,1,229.19,8571.2,8571.2,142.85,142.85,1.604,6/10/2024
-111.7086502,33.0816583,Azule 1,TaskName 6/10/2024,Wheat (Durum),8913,6/10/2024,1.001,On,1292.6,3.99,10.53,2.912,4.269,9.526,270.72,4.151,3.804,7.14,1,228.24,9740.1,9740.1,162.34,162.34,1.406,6/10/2024
-111.7086647,33.0816578,Azule 1,TaskName 6/10/2024,Wheat (Durum),8914,6/10/2024,1,On,1292.6,4.488,10.77,2.965,4.439,10.05,269.9,4.144,4.167,7.119,1,250.05,9111.3,9111.3,151.86,151.86,1.647,6/10/2024
-111.7086789,33.08165736,Azule 1,TaskName 6/10/2024,Wheat (Durum),8915,6/10/2024,1,On,1292.6,4.987,11.02,2.969,4.364,9.625,269.23,3.946,4.125,6.959,1,247.51,8257.3,8257.3,137.62,137.62,1.798,6/10/2024
-111.7086933,33.08165723,Azule 1,TaskName 6/10/2024,Wheat (Durum),8916,6/10/2024,1,On,1292.6,4.488,11.27,3.022,4.416,9.972,269.36,3.736,3.951,6.86,1,237.04,8682.4,8682.4,144.71,144.71,1.638,6/10/2024
-111.7087076,33.08165745,Azule 1,TaskName 6/10/2024,Wheat (Durum),8917,6/10/2024,0.995,On,1292.5,3.99,11.02,3.027,4.393,9.546,269.77,3.549,3.739,6.8,1,224.32,9245.4,9245.4,154.09,154.09,1.456,6/10/2024
-111.7087217,33.08165797,Azule 1,TaskName 6/10/2024,Wheat (Durum),8918,6/10/2024,1.004,On,1292.6,4.488,10.77,2.955,4.324,9.828,270.31,3.531,3.549,6.8,1,212.95,7997.5,7997.5,133.29,133.29,1.598,6/10/2024
-111.7087361,33.08165808,Azule 1,TaskName 6/10/2024,Wheat (Durum),8919,6/10/2024,1,On,1292.6,4.488,10.77,2.966,4.426,9.941,270.33,3.602,3.55,6.8,1,213,7784.3,7784.3,129.74,129.74,1.642,6/10/2024
-111.7087504,33.0816573,Azule 1,TaskName 6/10/2024,Wheat (Durum),8920,6/10/2024,1,On,1292.6,4.488,11.27,3.008,4.39,9.592,269.28,3.686,3.576,6.8,1,214.57,7906.3,7906.3,131.77,131.77,1.628,6/10/2024
-111.7087649,33.08165629,Azule 1,TaskName 6/10/2024,Wheat (Durum),8921,6/10/2024,0.996,On,1292.5,4.488,11.27,3.047,4.449,10.19,268.16,3.443,3.692,6.8,1,221.51,8021.6,8021.6,133.69,133.69,1.657,6/10/2024
-111.7087792,33.08165586,Azule 1,TaskName 6/10/2024,Wheat (Durum),8922,6/10/2024,1.004,On,1292.6,3.99,11.52,2.962,4.39,9.503,268.16,3.428,3.44,6.759,1,206.43,8591.2,8591.2,143.19,143.19,1.442,6/10/2024
-111.7087934,33.0816554,Azule 1,TaskName 6/10/2024,Wheat (Durum),8923,6/10/2024,1,On,1292.6,4.488,11.77,3.003,4.374,9.922,267.96,3.536,3.43,6.66,1,205.82,7612.2,7612.2,126.87,126.87,1.622,6/10/2024
-111.7088077,33.08165498,Azule 1,TaskName 6/10/2024,Wheat (Durum),8924,6/10/2024,0.995,On,1292.6,4.488,11.77,2.968,4.387,9.851,267.81,3.646,3.53,6.56,1,211.78,7770.1,7770.1,129.5,129.5,1.635,6/10/2024
-111.708822,33.0816544,Azule 1,TaskName 6/10/2024,Wheat (Durum),8925,6/10/2024,1.005,On,1292.6,3.99,12.02,2.992,4.393,9.799,267.81,3.534,3.661,6.461,1,219.65,9144,9144,152.4,152.4,1.441,6/10/2024
-111.7088366,33.0816537,Azule 1,TaskName 6/10/2024,Wheat (Durum),8926,6/10/2024,1,On,1292.5,4.488,12.27,3.023,4.465,10.16,267.5,3.832,3.525,6.4,1,211.51,7661.8,7661.8,127.7,127.7,1.656,6/10/2024
-111.7088508,33.08165315,Azule 1,TaskName 6/10/2024,Wheat (Durum),8927,6/10/2024,0.996,On,1292.6,3.99,12.52,2.985,4.374,9.89,267.61,3.56,3.838,6.4,1,230.31,9544.5,9544.5,159.07,159.07,1.448,6/10/2024
-111.708865,33.08165263,Azule 1,TaskName 6/10/2024,Wheat (Durum),8928,6/10/2024,1.005,On,1292.6,4.488,12.77,2.968,4.36,10.29,267.79,3.332,3.57,6.361,1,214.22,7986.6,7986.6,133.11,133.11,1.609,6/10/2024
-111.7088792,33.08165251,Azule 1,TaskName 6/10/2024,Wheat (Durum),8929,6/10/2024,0.995,On,1292.6,4.488,12.77,2.948,4.344,10.14,268.17,3.28,3.346,6.3,1,200.78,7438.9,7438.9,123.98,123.98,1.619,6/10/2024
-111.7088934,33.08165221,Azule 1,TaskName 6/10/2024,Wheat (Durum),8930,6/10/2024,1,On,1292.7,3.99,13.02,2.927,4.364,10.33,268.19,3.887,3.267,6.26,1,196.01,8174.2,8174.2,136.24,136.24,1.439,6/10/2024
-111.7089077,33.08165169,Azule 1,TaskName 6/10/2024,Wheat (Durum),8931,6/10/2024,0.999,On,1292.6,3.99,13.02,3.03,4.403,10.04,268.27,3.766,3.89,6.161,1,233.43,9637.8,9637.8,160.63,160.63,1.453,6/10/2024
-111.7089219,33.08165219,Azule 1,TaskName 6/10/2024,Wheat (Durum),8932,6/10/2024,1,On,1292.6,4.488,12.77,2.996,4.338,10.26,269.6,3.616,3.77,6.14,1,226.19,8435.5,8435.5,140.59,140.59,1.609,6/10/2024
-111.7089362,33.08165306,Azule 1,TaskName 6/10/2024,Wheat (Durum),8933,6/10/2024,1,On,1292.5,4.488,12.77,3.011,4.406,10.35,270.83,3.73,3.621,6.24,1,217.26,7975.6,7975.6,132.93,132.93,1.634,6/10/2024
-111.7089507,33.08165314,Azule 1,TaskName 6/10/2024,Wheat (Durum),8934,6/10/2024,1,On,1292.6,4.488,12.77,3.011,4.446,9.9,270.66,3.967,3.718,6.34,1,223.05,8115.7,8115.7,135.26,135.26,1.649,6/10/2024
-111.7089651,33.08165341,Azule 1,TaskName 6/10/2024,Wheat (Durum),8935,6/10/2024,1.001,On,1292.6,4.488,12.27,2.975,4.406,10.36,270.93,3.489,3.967,6.441,1,238.01,8746,8746,145.77,145.77,1.633,6/10/2024
-111.7089795,33.08165402,Azule 1,TaskName 6/10/2024,Wheat (Durum),8936,6/10/2024,0.999,On,1292.6,4.488,12.27,3.03,4.416,10.12,271.48,3.379,3.492,6.5,1,209.54,7667.3,7667.3,127.79,127.79,1.64,6/10/2024
-111.7089937,33.08165451,Azule 1,TaskName 6/10/2024,Wheat (Durum),8937,6/10/2024,1.001,On,1292.6,3.99,12.02,2.936,4.357,10.4,271.73,3.383,3.379,6.5,1,202.74,8475.9,8475.9,141.27,141.27,1.435,6/10/2024
-111.7090082,33.08165506,Azule 1,TaskName 6/10/2024,Wheat (Durum),8938,6/10/2024,0.995,On,1292.6,4.488,11.77,3.013,4.449,10.42,272.08,3.431,3.386,6.5,1,203.14,7349,7349,122.48,122.48,1.659,6/10/2024
-111.7090226,33.08165573,Azule 1,TaskName 6/10/2024,Wheat (Durum),8939,6/10/2024,1.005,On,1292.6,4.488,11.77,3.029,4.439,10.27,272.3,3.68,3.425,6.54,1,205.53,7526.5,7526.5,125.44,125.44,1.638,6/10/2024
-111.7090369,33.08165636,Azule 1,TaskName 6/10/2024,Wheat (Durum),8940,6/10/2024,1,On,1292.6,4.488,11.27,3.008,4.383,10.22,272.44,3.484,3.678,6.6,1,220.66,8142.7,8142.7,135.71,135.71,1.626,6/10/2024
-111.7090514,33.0816572,Azule 1,TaskName 6/10/2024,Wheat (Durum),8941,6/10/2024,0.995,On,1292.5,3.99,11.02,3.015,4.441,9.947,272.69,3.496,3.506,6.64,1,210.37,8576.9,8576.9,142.95,142.95,1.472,6/10/2024
-111.7090655,33.08165771,Azule 1,TaskName 6/10/2024,Wheat (Durum),8942,6/10/2024,1.004,On,1292.6,4.488,10.77,2.985,4.343,9.894,272.74,3.825,3.472,6.7,1,208.33,7790.9,7790.9,129.85,129.85,1.604,6/10/2024
-111.7090799,33.081658,Azule 1,TaskName 6/10/2024,Wheat (Durum),8943,6/10/2024,1.001,On,1292.6,4.488,10.77,2.997,4.421,10.13,272.26,3.558,3.825,6.659,1,229.48,8403.8,8403.8,140.06,140.06,1.638,6/10/2024
-111.7090942,33.08165781,Azule 1,TaskName 6/10/2024,Wheat (Durum),8944,6/10/2024,0.999,On,1292.6,4.488,10.77,2.964,4.366,9.388,271.38,3.329,3.578,6.561,1,214.7,7947.2,7947.2,132.45,132.45,1.621,6/10/2024
-111.7091087,33.08165703,Azule 1,TaskName 6/10/2024,Wheat (Durum),8945,6/10/2024,1,On,1292.5,4.488,11.27,3.033,4.435,9.771,269.98,3.465,3.322,6.5,1,199.34,7271.2,7271.2,121.19,121.19,1.645,6/10/2024
-111.7091228,33.08165706,Azule 1,TaskName 6/10/2024,Wheat (Durum),8946,6/10/2024,1,On,1292.6,4.488,11.27,2.979,4.33,9.335,269.97,2.914,3.478,6.46,1,208.71,7797.5,7797.5,129.96,129.96,1.606,6/10/2024
-111.709137,33.08165702,Azule 1,TaskName 6/10/2024,Wheat (Durum),8947,6/10/2024,0.995,On,1292.5,4.488,11.27,2.98,4.336,9.761,269.97,2.987,2.915,6.361,1,174.89,6491.4,6491.4,108.19,108.19,1.616,6/10/2024
-111.7091511,33.08165674,Azule 1,TaskName 6/10/2024,Wheat (Durum),8948,6/10/2024,1.001,On,1292.6,4.488,11.27,2.941,4.33,9.556,269.46,3.375,2.983,6.3,1,179,6694.1,6694.1,111.57,111.57,1.604,6/10/2024
-111.7091654,33.08165642,Azule 1,TaskName 6/10/2024,Wheat (Durum),8949,6/10/2024,1.004,On,1292.6,3.99,11.52,2.973,4.372,9.879,269.21,3.416,3.368,6.3,1,202.07,8443.9,8443.9,140.73,140.73,1.436,6/10/2024
-111.7091796,33.08165651,Azule 1,TaskName 6/10/2024,Wheat (Durum),8950,6/10/2024,1.001,On,1292.5,4.488,11.27,2.961,4.376,9.835,269.49,3.157,3.432,6.3,1,205.94,7620.9,7620.9,127.01,127.01,1.621,6/10/2024
-111.7091937,33.08165615,Azule 1,TaskName 6/10/2024,Wheat (Durum),8951,6/10/2024,0.999,On,1292.6,3.99,11.52,2.953,4.32,10.02,269.21,3.246,3.139,6.3,1,188.37,7927.5,7927.5,132.12,132.12,1.426,6/10/2024
-111.7092079,33.08165567,Azule 1,TaskName 6/10/2024,Wheat (Durum),8952,6/10/2024,1.001,On,1292.6,3.99,11.52,2.967,4.349,10.01,268.91,3.248,3.246,6.3,1,194.75,8156.7,8156.7,135.94,135.94,1.433,6/10/2024
-111.7092227,33.08165568,Azule 1,TaskName 6/10/2024,Wheat (Durum),8953,6/10/2024,1,On,1292.6,3.99,11.52,3.07,4.523,10.08,269.2,3.231,3.246,6.3,1,194.74,7834.9,7834.9,130.58,130.58,1.491,6/10/2024
-111.7092373,33.08165545,Azule 1,TaskName 6/10/2024,Wheat (Durum),8954,6/10/2024,1,On,1292.5,4.488,11.77,3.087,4.49,9.722,268.99,3.108,3.254,6.3,1,195.23,7032.7,7032.7,117.21,117.21,1.666,6/10/2024
-111.709252,33.08165521,Azule 1,TaskName 6/10/2024,Wheat (Durum),8955,6/10/2024,0.994,On,1292.5,4.488,11.77,3.072,4.484,9.925,269.1,3.758,3.087,6.34,1,185.22,6641.8,6641.8,110.7,110.7,1.673,6/10/2024
-111.7092662,33.08165584,Azule 1,TaskName 6/10/2024,Wheat (Durum),8956,6/10/2024,1.005,On,1292.6,4.488,11.27,2.976,4.369,10.19,270.19,4.334,3.747,6.4,1,224.84,8366.4,8366.4,139.44,139.44,1.612,6/10/2024
-111.7092809,33.08165628,Azule 1,TaskName 6/10/2024,Wheat (Durum),8957,6/10/2024,1.001,On,1292.6,4.488,11.27,3.031,4.484,10.16,270.67,4.047,4.334,6.4,1,260.06,9391.2,9391.2,156.52,156.52,1.661,6/10/2024
-111.7092955,33.08165632,Azule 1,TaskName 6/10/2024,Wheat (Durum),8958,6/10/2024,1,On,1292.6,4.488,11.27,2.976,4.494,10.05,270.36,3.672,4.054,6.4,1,243.21,8754.9,8754.9,145.91,145.91,1.667,6/10/2024
-111.7093102,33.08165668,Azule 1,TaskName 6/10/2024,Wheat (Durum),8959,6/10/2024,0.999,On,1292.6,4.488,11.27,3.127,4.507,10.04,270.69,3.851,3.686,6.44,1,221.16,7930,7930,132.17,132.17,1.673,6/10/2024
-111.7093249,33.08165694,Azule 1,TaskName 6/10/2024,Wheat (Durum),8960,6/10/2024,1,On,1292.5,4.488,11.27,3.12,4.503,9.683,270.93,4.083,3.831,6.5,1,229.89,8257.2,8257.2,137.62,137.62,1.67,6/10/2024
-111.7093395,33.08165746,Azule 1,TaskName 6/10/2024,Wheat (Durum),8961,6/10/2024,1,On,1292.6,4.488,10.77,3.058,4.464,9.795,271.41,4.558,4.079,6.46,1,244.72,8867.5,8867.5,147.79,147.79,1.656,6/10/2024
-111.7093541,33.08165813,Azule 1,TaskName 6/10/2024,Wheat (Durum),8962,6/10/2024,1,On,1292.6,4.488,10.77,3.016,4.484,9.879,271.77,4.903,4.549,6.4,1,272.95,9847.2,9847.2,164.12,164.12,1.663,6/10/2024
-111.7093979,33.08165863,Azule 1,TaskName 6/10/2024,Wheat (Durum),8965,6/10/2024,1,On,1292.6,4.488,10.77,3.04,4.458,9.605,270.84,4.47,4.65,6.4,1,279,10125,10125,168.74,168.74,1.653,6/10/2024
-111.7094123,33.08165868,Azule 1,TaskName 6/10/2024,Wheat (Durum),8966,6/10/2024,1,On,1292.7,4.488,10.77,3.002,4.428,9.806,270.64,4.678,4.457,6.4,1,267.44,9769.6,9769.6,162.83,162.83,1.642,6/10/2024
-111.709427,33.08165803,Azule 1,TaskName 6/10/2024,Wheat (Durum),8967,6/10/2024,1,On,1292.6,4.488,10.77,3.088,4.5,10.01,269.53,4.321,4.703,6.4,1,282.18,10143,10143,169.05,169.05,1.669,6/10/2024
-111.7094414,33.08165655,Azule 1,TaskName 6/10/2024,Wheat (Durum),8968,6/10/2024,1,On,1292.6,4.488,11.27,3.032,4.441,9.362,267.81,4.486,4.321,6.4,1,259.26,9443.1,9443.1,157.38,157.38,1.647,6/10/2024
-111.7094558,33.08165539,Azule 1,TaskName 6/10/2024,Wheat (Durum),8969,6/10/2024,1,On,1292.7,4.488,11.77,3.019,4.402,9.623,266.98,4.619,4.461,6.4,1,267.69,9837.1,9837.1,163.95,163.95,1.633,6/10/2024
-111.7094701,33.08165546,Azule 1,TaskName 6/10/2024,Wheat (Durum),8970,6/10/2024,1,On,1292.6,4.488,11.77,2.985,4.399,9.715,267.97,4.225,4.62,6.4,1,277.21,10195,10195,169.91,169.91,1.632,6/10/2024
-111.7094844,33.0816554,Azule 1,TaskName 6/10/2024,Wheat (Durum),8971,6/10/2024,1,On,1292.6,4.488,11.77,2.973,4.367,9.529,268.41,4.014,4.236,6.4,1,254.17,9414.7,9414.7,156.91,156.91,1.62,6/10/2024
-111.7094987,33.08165514,Azule 1,TaskName 6/10/2024,Wheat (Durum),8972,6/10/2024,1,On,1292.6,4.488,11.77,3.032,4.403,9.913,268.44,4.146,4.026,6.4,1,241.57,8874.6,8874.6,147.91,147.91,1.633,6/10/2024
-111.7095131,33.08165526,Azule 1,TaskName 6/10/2024,Wheat (Durum),8973,6/10/2024,1,On,1292.6,4.488,11.77,2.949,4.387,9.683,268.96,3.649,4.152,6.4,1,249.12,9186.5,9186.5,153.11,153.11,1.627,6/10/2024
-111.7095275,33.08165498,Azule 1,TaskName 6/10/2024,Wheat (Durum),8974,6/10/2024,1,On,1292.6,4.488,11.77,3.014,4.41,10.01,268.97,3.474,3.657,6.4,1,219.39,8047.9,8047.9,134.13,134.13,1.636,6/10/2024
-111.7095418,33.08165505,Azule 1,TaskName 6/10/2024,Wheat (Durum),8975,6/10/2024,1,On,1292.6,4.488,11.77,2.992,4.403,10.18,269.42,3.597,3.474,6.4,1,208.47,7658.5,7658.5,127.64,127.64,1.633,6/10/2024
-111.7095561,33.08165507,Azule 1,TaskName 6/10/2024,Wheat (Durum),8976,6/10/2024,1,On,1292.6,4.488,11.77,2.944,4.357,10.32,269.64,4.24,3.595,6.4,1,215.71,8008.3,8008.3,133.47,133.47,1.616,6/10/2024
-111.7095704,33.08165532,Azule 1,TaskName 6/10/2024,Wheat (Durum),8977,6/10/2024,1,On,1292.6,4.488,11.77,3.035,4.387,10.14,270.08,4.373,4.216,6.4,1,252.96,9327.9,9327.9,155.46,155.46,1.627,6/10/2024
-111.7095848,33.08165576,Azule 1,TaskName 6/10/2024,Wheat (Durum),8978,6/10/2024,1.001,On,1292.6,4.488,11.77,2.983,4.413,10.26,270.51,3.685,4.392,6.4,1,263.51,9668.7,9668.7,161.14,161.14,1.635,6/10/2024
-111.7095991,33.08165584,Azule 1,TaskName 6/10/2024,Wheat (Durum),8979,6/10/2024,0.995,On,1292.6,4.488,11.77,3.016,4.383,9.977,270.58,4.044,3.682,6.4,1,220.9,8111.2,8111.2,135.19,135.19,1.634,6/10/2024
-111.7096134,33.08165599,Azule 1,TaskName 6/10/2024,Wheat (Durum),8980,6/10/2024,1.004,On,1292.6,3.99,11.52,2.948,4.397,10.25,270.49,4.301,4.038,6.4,1,242.3,10069,10069,167.82,167.82,1.444,6/10/2024
-111.7096424,33.08165586,Azule 1,TaskName 6/10/2024,Wheat (Durum),8982,6/10/2024,1,On,1292.6,3.99,11.52,3.07,4.472,9.686,270.16,3.759,3.907,6.4,1,234.4,9538.6,9538.6,158.98,158.98,1.474,6/10/2024
-111.7096567,33.08165583,Azule 1,TaskName 6/10/2024,Wheat (Durum),8983,6/10/2024,1,On,1292.6,3.99,11.52,2.968,4.397,9.827,270.07,3.696,3.748,6.4,1,224.86,9307.3,9307.3,155.12,155.12,1.45,6/10/2024
-111.7096712,33.08165611,Azule 1,TaskName 6/10/2024,Wheat (Durum),8984,6/10/2024,1.001,On,1292.6,4.488,11.27,3.024,4.423,9.558,270.53,4.173,3.69,6.36,1,221.41,8106,8106,135.1,135.1,1.639,6/10/2024
-111.7096855,33.0816566,Azule 1,TaskName 6/10/2024,Wheat (Durum),8985,6/10/2024,0.999,On,1292.6,4.488,11.27,2.979,4.383,9.569,270.94,4.088,4.166,6.26,1,249.99,9215.9,9215.9,153.6,153.6,1.628,6/10/2024
-111.7097004,33.08165683,Azule 1,TaskName 6/10/2024,Wheat (Durum),8986,6/10/2024,1,On,1292.6,4.488,11.27,3.09,4.57,10.24,271.09,4.059,4.096,6.2,1,245.78,8698.7,8698.7,144.98,144.98,1.695,6/10/2024
-111.7097153,33.08165722,Azule 1,TaskName 6/10/2024,Wheat (Durum),8987,6/10/2024,1.001,On,1292.7,3.99,11.02,3.141,4.557,9.455,271.28,4.87,4.038,6.2,1,242.27,9684,9684,161.4,161.4,1.501,6/10/2024
-111.7097448,33.08165801,Azule 1,TaskName 6/10/2024,Wheat (Durum),8989,6/10/2024,1.001,On,1292.7,4.488,10.77,3.087,4.465,9.545,271.31,4.212,4.484,6.3,1,269.04,9755.8,9755.8,162.6,162.6,1.655,6/10/2024
-111.70976,33.08165812,Azule 1,TaskName 6/10/2024,Wheat (Durum),8990,6/10/2024,0.999,On,1292.6,4.488,10.77,3.145,4.669,10.47,270.97,4.508,4.211,6.3,1,252.67,8745.3,8745.3,145.75,145.75,1.734,6/10/2024
-111.7097753,33.08165779,Azule 1,TaskName 6/10/2024,Wheat (Durum),8991,6/10/2024,1.001,On,1292.7,4.488,10.77,3.176,4.682,9.595,270.25,4.534,4.495,6.3,1,269.73,9328.4,9328.4,155.47,155.47,1.735,6/10/2024
-111.7098661,33.08165554,Azule 1,TaskName 6/10/2024,Wheat (Durum),8997,6/10/2024,1.004,On,1292.7,4.488,11.77,3.121,4.6,10.1,268.48,4.562,4.675,6.6,1,280.53,9904.3,9904.3,165.07,165.07,1.699,6/10/2024
-111.7098965,33.08165591,Azule 1,TaskName 6/10/2024,Wheat (Durum),8999,6/10/2024,0.996,On,1292.6,4.488,11.27,3.172,4.643,9.882,269.6,5.102,4.691,6.32,1,281.49,9768.5,9768.5,162.81,162.81,1.729,6/10/2024
-111.7099419,33.08165578,Azule 1,TaskName 6/10/2024,Wheat (Durum),9002,6/10/2024,1,On,1292.7,4.488,11.77,3.137,4.613,10.1,269.77,4.186,4.651,6,1,279.07,9786.6,9786.6,163.11,163.11,1.711,6/10/2024
-111.7099569,33.0816556,Azule 1,TaskName 6/10/2024,Wheat (Durum),9003,6/10/2024,1,On,1292.7,4.488,11.77,3.172,4.629,10.43,269.62,4.027,4.205,6,1,252.33,8817.6,8817.6,146.96,146.96,1.717,6/10/2024
-111.7099722,33.08165541,Azule 1,TaskName 6/10/2024,Wheat (Durum),9004,6/10/2024,1.004,On,1292.6,4.488,11.77,3.173,4.688,9.822,269.6,3.964,4.008,6,1,240.48,8330.8,8330.8,138.85,138.85,1.732,6/10/2024
-111.7099874,33.08165483,Azule 1,TaskName 6/10/2024,Wheat (Durum),9005,6/10/2024,1,On,1292.6,4.488,11.77,3.204,4.665,9.642,269.07,3.749,3.968,6.039,1,238.1,8255.9,8255.9,137.6,137.6,1.73,6/10/2024
-111.7100026,33.0816543,Azule 1,TaskName 6/10/2024,Wheat (Durum),9006,6/10/2024,1,On,1292.5,4.488,12.27,3.206,4.659,10.1,268.79,3.287,3.758,6.1,1,225.47,7829,7829,130.48,130.48,1.728,6/10/2024
-111.7100174,33.08165452,Azule 1,TaskName 6/10/2024,Wheat (Durum),9007,6/10/2024,1,On,1292.5,3.99,12.02,3.112,4.56,9.762,269.38,3.663,3.291,6.1,1,197.45,7879.8,7879.8,131.33,131.33,1.504,6/10/2024
-111.7100323,33.08165477,Azule 1,TaskName 6/10/2024,Wheat (Durum),9008,6/10/2024,0.996,On,1292.5,3.99,12.02,3.101,4.55,10.28,270,4.053,3.642,6.1,1,218.52,8704.2,8704.2,145.07,145.07,1.506,6/10/2024
-111.7100471,33.08165512,Azule 1,TaskName 6/10/2024,Wheat (Durum),9009,6/10/2024,1.004,On,1292.6,4.488,11.77,3.048,4.55,10.14,270.46,3.533,4.068,6.1,1,244.1,8712.2,8712.2,145.2,145.2,1.681,6/10/2024
-111.7100619,33.08165534,Azule 1,TaskName 6/10/2024,Wheat (Durum),9010,6/10/2024,1.001,On,1292.7,4.488,11.77,3.047,4.547,10.63,270.55,3.603,3.533,6.1,1,211.99,7549.1,7549.1,125.82,125.82,1.685,6/10/2024
-111.7100769,33.08165566,Azule 1,TaskName 6/10/2024,Wheat (Durum),9011,6/10/2024,1,On,1292.6,3.99,11.52,3.115,4.59,10.07,270.68,3.809,3.607,6.14,1,216.39,8579.9,8579.9,143,143,1.513,6/10/2024
-111.7100916,33.08165594,Azule 1,TaskName 6/10/2024,Wheat (Durum),9012,6/10/2024,0.999,On,1292.7,3.99,11.52,3.082,4.527,10.41,270.68,4.043,3.804,6.241,1,228.22,9164.3,9164.3,152.74,152.74,1.494,6/10/2024
-111.7101072,33.08165577,Azule 1,TaskName 6/10/2024,Wheat (Durum),9013,6/10/2024,1,On,1292.6,4.488,11.77,3.269,4.78,10.32,270.26,3.953,4.049,6.3,1,242.92,8220.7,8220.7,137.01,137.01,1.773,6/10/2024
-111.7101229,33.08165541,Azule 1,TaskName 6/10/2024,Wheat (Durum),9014,6/10/2024,0.995,On,1292.6,4.488,11.77,3.288,4.813,9.964,269.81,4.252,3.968,6.3,1,238.1,7962.7,7962.7,132.71,132.71,1.794,6/10/2024
-111.7101386,33.08165532,Azule 1,TaskName 6/10/2024,Wheat (Durum),9015,6/10/2024,1.005,On,1292.6,4.488,11.77,3.299,4.819,10.53,269.77,4.251,4.255,6.3,1,255.32,8612.5,8612.5,143.54,143.54,1.779,6/10/2024
-111.7101543,33.08165528,Azule 1,TaskName 6/10/2024,Wheat (Durum),9016,6/10/2024,0.996,On,1292.6,4.488,11.77,3.246,4.826,10.37,269.76,4.105,4.223,6.3,1,253.37,8458.7,8458.7,140.98,140.98,1.797,6/10/2024
-111.71017,33.08165488,Azule 1,TaskName 6/10/2024,Wheat (Durum),9017,6/10/2024,1.004,On,1292.6,4.488,11.77,3.239,4.813,10.23,269.35,3.963,4.142,6.3,1,248.51,8386.1,8386.1,139.77,139.77,1.778,6/10/2024
-111.7101858,33.08165465,Azule 1,TaskName 6/10/2024,Wheat (Durum),9018,6/10/2024,0.995,On,1292.6,3.99,12.02,3.299,4.846,10.27,269.36,4.499,3.957,6.3,1,237.41,8871.5,8871.5,147.86,147.86,1.606,6/10/2024
-111.7102014,33.08165483,Azule 1,TaskName 6/10/2024,Wheat (Durum),9019,6/10/2024,1.001,On,1292.6,4.488,11.77,3.323,4.79,9.859,269.82,4.424,4.475,6.3,1,268.53,9077.7,9077.7,151.3,151.3,1.775,6/10/2024
-111.7102174,33.08165482,Azule 1,TaskName 6/10/2024,Wheat (Durum),9020,6/10/2024,1,On,1292.6,3.99,12.02,3.292,4.918,10.57,269.98,4.553,4.442,6.3,1,266.5,9861.8,9861.8,164.36,164.36,1.621,6/10/2024
-111.7102342,33.08165484,Azule 1,TaskName 6/10/2024,Wheat (Durum),9021,6/10/2024,1,On,1292.6,3.99,12.02,3.499,5.157,10.27,270.16,4.767,4.541,6.261,1,272.48,9614.7,9614.7,160.25,160.25,1.7,6/10/2024
-111.710267,33.08165459,Azule 1,TaskName 6/10/2024,Wheat (Durum),9023,6/10/2024,1,On,1292.7,3.99,12.02,3.374,5.003,10.13,269.64,4.712,4.59,6.2,1,275.42,10018,10018,166.97,166.97,1.65,6/10/2024
-111.7102836,33.08165439,Azule 1,TaskName 6/10/2024,Wheat (Durum),9024,6/10/2024,0.999,On,1292.6,4.488,12.27,3.468,5.082,10.15,269.57,4.819,4.71,6.2,1,282.59,8986.1,8986.1,149.77,149.77,1.887,6/10/2024
-111.7102999,33.08165428,Azule 1,TaskName 6/10/2024,Wheat (Durum),9025,6/10/2024,1,On,1292.6,4.488,12.27,3.432,5.003,10.12,269.6,4.607,4.819,6.159,1,289.15,9348.8,9348.8,155.81,155.81,1.856,6/10/2024
-111.7103162,33.08165403,Azule 1,TaskName 6/10/2024,Wheat (Durum),9026,6/10/2024,1,On,1292.7,4.488,12.27,3.413,5.019,10.43,269.42,4.619,4.611,6.06,1,276.67,8916,8916,148.6,148.6,1.862,6/10/2024
-111.7103326,33.08165384,Azule 1,TaskName 6/10/2024,Wheat (Durum),9027,6/10/2024,1,On,1292.6,4.488,12.27,3.423,5.01,10.41,269.4,4.655,4.611,6,1,276.64,8932.8,8932.8,148.88,148.88,1.858,6/10/2024
-111.7103489,33.08165407,Azule 1,TaskName 6/10/2024,Wheat (Durum),9028,6/10/2024,1,On,1292.6,4.488,12.27,3.445,4.996,10.14,269.82,4.28,4.668,6,1,280.1,9068.2,9068.2,151.14,151.14,1.853,6/10/2024
-111.7103653,33.08165411,Azule 1,TaskName 6/10/2024,Wheat (Durum),9029,6/10/2024,1.001,On,1292.6,4.488,12.27,3.412,5.046,10.54,269.91,4.074,4.273,6,1,256.39,8227.7,8227.7,137.13,137.13,1.87,6/10/2024
-111.7103818,33.08165413,Azule 1,TaskName 6/10/2024,Wheat (Durum),9030,6/10/2024,1,On,1292.6,4.488,12.27,3.386,5.055,10.56,270.03,3.857,4.089,6,1,245.33,7849.9,7849.9,130.83,130.83,1.875,6/10/2024
-111.7103981,33.08165423,Azule 1,TaskName 6/10/2024,Wheat (Durum),9031,6/10/2024,0.999,On,1292.6,4.488,12.27,3.43,5.004,10.29,270.15,4.28,3.834,6,1,230.06,7429.7,7429.7,123.83,123.83,1.858,6/10/2024
-111.7104143,33.08165435,Azule 1,TaskName 6/10/2024,Wheat (Durum),9032,6/10/2024,1.001,On,1292.6,3.99,12.02,3.371,4.981,10.68,270.14,4.494,4.284,6,1,257.06,9401.1,9401.1,156.68,156.68,1.641,6/10/2024
-111.7104307,33.08165448,Azule 1,TaskName 6/10/2024,Wheat (Durum),9033,6/10/2024,0.999,On,1292.7,4.488,11.77,3.387,5.014,10.45,270.4,4.981,4.478,6,1,268.66,8659.2,8659.2,144.32,144.32,1.862,6/10/2024
-111.7104471,33.08165494,Azule 1,TaskName 6/10/2024,Wheat (Durum),9034,6/10/2024,1.001,On,1292.7,4.488,11.77,3.469,5.027,10.61,270.82,4.925,4.991,6,1,299.48,9646.8,9646.8,160.78,160.78,1.863,6/10/2024
-111.7104646,33.0816554,Azule 1,TaskName 6/10/2024,Wheat (Durum),9035,6/10/2024,0.999,On,1292.6,4.488,11.77,3.618,5.384,11.19,271.06,5.102,4.92,6,1,295.21,8859.9,8859.9,147.66,147.66,1.999,6/10/2024
-111.7104823,33.08165583,Azule 1,TaskName 6/10/2024,Wheat (Durum),9036,6/10/2024,1.001,On,1292.7,4.488,11.77,3.691,5.411,10.16,271.25,4.552,5.137,6,1,308.21,9223.6,9223.6,153.73,153.73,2.005,6/10/2024
-111.7105,33.08165616,Azule 1,TaskName 6/10/2024,Wheat (Durum),9037,6/10/2024,0.995,On,1292.6,3.99,11.52,3.714,5.443,10.75,271.28,4.211,4.538,6,1,272.25,9056.1,9056.1,150.93,150.93,1.804,6/10/2024
-111.7105175,33.08165636,Azule 1,TaskName 6/10/2024,Wheat (Durum),9038,6/10/2024,1.005,On,1292.6,4.488,11.27,3.624,5.371,10.32,271.05,4.485,4.211,6.04,1,252.65,7646.7,7646.7,127.45,127.45,1.982,6/10/2024
-111.7105353,33.08165627,Azule 1,TaskName 6/10/2024,Wheat (Durum),9039,6/10/2024,1,On,1292.6,4.488,11.27,3.707,5.437,10.44,270.54,4.749,4.474,6.14,1,268.45,7986.8,7986.8,133.11,133.11,2.017,6/10/2024
-111.7105527,33.0816556,Azule 1,TaskName 6/10/2024,Wheat (Durum),9040,6/10/2024,1,On,1292.7,4.488,11.77,3.67,5.361,10.46,269.53,4.279,4.748,6.24,1,284.87,8594.7,8594.7,143.25,143.25,1.989,6/10/2024
-111.7105702,33.08165512,Azule 1,TaskName 6/10/2024,Wheat (Durum),9041,6/10/2024,1,On,1292.6,4.488,11.77,3.647,5.348,10.88,269.23,4.092,4.29,6.3,1,257.37,7784.2,7784.2,129.74,129.74,1.984,6/10/2024
-111.7105877,33.08165514,Azule 1,TaskName 6/10/2024,Wheat (Durum),9042,6/10/2024,0.995,On,1292.6,4.488,11.77,3.627,5.375,10.54,269.54,4.518,4.082,6.3,1,244.91,7334.3,7334.3,122.24,122.24,2.004,6/10/2024
-111.7106052,33.08165489,Azule 1,TaskName 6/10/2024,Wheat (Durum),9043,6/10/2024,1.004,On,1292.7,3.99,12.02,3.629,5.361,10.24,269.3,4.535,4.519,6.3,1,271.16,9240.5,9240.5,154.01,154.01,1.761,6/10/2024
-111.7106227,33.08165439,Azule 1,TaskName 6/10/2024,Wheat (Durum),9044,6/10/2024,1,On,1292.7,4.488,12.27,3.699,5.365,10.5,269.13,4.314,4.541,6.3,1,272.48,8216,8216,136.93,136.93,1.99,6/10/2024
-111.7106401,33.08165408,Azule 1,TaskName 6/10/2024,Wheat (Durum),9045,6/10/2024,1.001,On,1292.6,4.488,12.27,3.596,5.338,10.63,269.27,4.649,4.313,6.3,1,258.77,7848.7,7848.7,130.81,130.81,1.978,6/10/2024
-111.7106576,33.08165393,Azule 1,TaskName 6/10/2024,Wheat (Durum),9046,6/10/2024,0.995,On,1292.7,4.488,12.27,3.675,5.371,9.971,269.3,4.948,4.635,6.261,1,278.11,8333.4,8333.4,138.89,138.89,2.002,6/10/2024
-111.710675,33.08165385,Azule 1,TaskName 6/10/2024,Wheat (Durum),9047,6/10/2024,1.004,On,1292.7,4.488,12.27,3.669,5.322,10.71,269.58,4.916,4.951,6.2,1,297.03,9064.2,9064.2,151.07,151.07,1.966,6/10/2024
-111.7106923,33.08165437,Azule 1,TaskName 6/10/2024,Wheat (Durum),9048,6/10/2024,1,On,1292.7,4.488,12.27,3.587,5.322,10.37,270.45,4.622,4.911,6.2,1,294.68,8956.6,8956.6,149.28,149.28,1.974,6/10/2024
-111.7107097,33.08165435,Azule 1,TaskName 6/10/2024,Wheat (Durum),9049,6/10/2024,1,On,1292.7,4.488,12.27,3.636,5.352,10.63,270.26,4.332,4.645,6.2,1,278.7,8424.1,8424.1,140.4,140.4,1.985,6/10/2024
-111.7107273,33.08165436,Azule 1,TaskName 6/10/2024,Wheat (Durum),9050,6/10/2024,1,On,1292.7,4.488,12.27,3.676,5.381,10.61,270.19,4.805,4.34,6.2,1,260.41,7828.1,7828.1,130.47,130.47,1.996,6/10/2024
-111.7107448,33.08165493,Azule 1,TaskName 6/10/2024,Wheat (Durum),9051,6/10/2024,1,On,1292.7,3.99,12.02,3.672,5.378,10.67,270.89,4.796,4.783,6.2,1,287,9711.7,9711.7,161.86,161.86,1.773,6/10/2024
-111.7107622,33.08165539,Azule 1,TaskName 6/10/2024,Wheat (Durum),9052,6/10/2024,1.001,On,1292.7,4.488,11.77,3.636,5.322,10.67,271.17,4.922,4.812,6.2,1,288.74,8784.9,8784.9,146.41,146.41,1.972,6/10/2024
-111.7107798,33.08165551,Azule 1,TaskName 6/10/2024,Wheat (Durum),9053,6/10/2024,0.999,On,1292.7,4.488,11.77,3.613,5.398,10.62,270.78,4.862,4.907,6.2,1,294.42,8814.6,8814.6,146.91,146.91,2.004,6/10/2024
-111.7107972,33.08165523,Azule 1,TaskName 6/10/2024,Wheat (Durum),9054,6/10/2024,1.001,On,1292.7,4.488,11.77,3.682,5.345,10.4,270.37,4.675,4.878,6.2,1,292.67,8866.2,8866.2,147.77,147.77,1.981,6/10/2024
-111.7108148,33.08165489,Azule 1,TaskName 6/10/2024,Wheat (Durum),9055,6/10/2024,1,On,1292.6,4.488,11.77,3.711,5.388,10.69,269.77,4.412,4.681,6.24,1,280.88,8433.1,8433.1,140.55,140.55,1.998,6/10/2024
-111.7108322,33.08165468,Azule 1,TaskName 6/10/2024,Wheat (Durum),9056,6/10/2024,0.995,On,1292.6,4.488,11.77,3.614,5.345,10.17,269.63,4.754,4.395,6.3,1,263.71,7940.8,7940.8,132.35,132.35,1.993,6/10/2024
-111.7108497,33.08165482,Azule 1,TaskName 6/10/2024,Wheat (Durum),9057,6/10/2024,1.005,On,1292.8,4.488,11.77,3.584,5.355,10.75,269.89,4.727,4.765,6.3,1,285.91,8679.9,8679.9,144.67,144.67,1.976,6/10/2024
-111.7108673,33.08165467,Azule 1,TaskName 6/10/2024,Wheat (Durum),9058,6/10/2024,0.995,On,1292.8,3.99,12.02,3.723,5.407,10.01,269.83,4.953,4.71,6.3,1,282.62,9463.7,9463.7,157.73,157.73,1.792,6/10/2024
-111.7108846,33.08165444,Azule 1,TaskName 6/10/2024,Wheat (Durum),9059,6/10/2024,1,On,1292.7,3.99,12.02,3.66,5.312,10.72,269.58,4.603,4.955,6.341,1,297.31,10185,10185,169.75,169.75,1.751,6/10/2024
-111.710902,33.08165404,Azule 1,TaskName 6/10/2024,Wheat (Durum),9060,6/10/2024,1,On,1292.7,4.488,12.27,3.601,5.342,10.25,269.34,5.084,4.593,6.439,1,275.57,8344.9,8344.9,139.08,139.08,1.981,6/10/2024
-111.7109196,33.08165411,Azule 1,TaskName 6/10/2024,Wheat (Durum),9061,6/10/2024,1,On,1292.8,4.488,12.27,3.647,5.363,10.69,269.59,5.12,5.074,6.54,1,304.47,9182.7,9182.7,153.04,153.04,1.989,6/10/2024
-111.7109371,33.08165429,Azule 1,TaskName 6/10/2024,Wheat (Durum),9062,6/10/2024,1,On,1292.7,4.488,12.27,3.671,5.363,10.31,270.02,4.425,5.136,6.64,1,308.17,9294.5,9294.5,154.91,154.91,1.989,6/10/2024
-111.7109544,33.08165439,Azule 1,TaskName 6/10/2024,Wheat (Durum),9063,6/10/2024,0.999,On,1292.7,4.488,12.27,3.617,5.317,10.41,270.1,4.38,4.422,6.7,1,265.34,8063.7,8063.7,134.4,134.4,1.974,6/10/2024
-111.7109718,33.08165475,Azule 1,TaskName 6/10/2024,Wheat (Durum),9064,6/10/2024,1.001,On,1292.7,4.987,12.02,3.636,5.327,10.85,270.45,4.468,4.378,6.74,1,262.68,7185.8,7185.8,119.76,119.76,2.193,6/10/2024
-111.7109895,33.08165449,Azule 1,TaskName 6/10/2024,Wheat (Durum),9065,6/10/2024,1,On,1292.7,4.488,12.27,3.673,5.406,10.59,269.91,4.451,4.467,6.8,1,267.99,8018.9,8018.9,133.65,133.65,2.005,6/10/2024
-111.7110069,33.08165428,Azule 1,TaskName 6/10/2024,Wheat (Durum),9066,6/10/2024,1,On,1292.7,4.488,12.27,3.674,5.34,10.62,269.74,4.306,4.458,6.8,1,267.51,8102.7,8102.7,135.04,135.04,1.981,6/10/2024
-111.7110243,33.08165466,Azule 1,TaskName 6/10/2024,Wheat (Durum),9067,6/10/2024,0.999,On,1292.7,3.99,12.02,3.589,5.34,10.89,270.2,4.106,4.303,6.8,1,258.16,8788.1,8788.1,146.47,146.47,1.763,6/10/2024
-111.7110417,33.0816552,Azule 1,TaskName 6/10/2024,Wheat (Durum),9068,6/10/2024,1.001,On,1292.7,4.488,11.77,3.631,5.327,10.5,270.79,4.447,4.114,6.8,1,246.85,7503.1,7503.1,125.05,125.05,1.974,6/10/2024
-111.7110593,33.08165559,Azule 1,TaskName 6/10/2024,Wheat (Durum),9069,6/10/2024,0.999,On,1292.6,4.488,11.77,3.71,5.383,10.79,271,4.954,4.44,6.8,1,266.37,7996.4,7996.4,133.27,133.27,1.999,6/10/2024
-111.7110768,33.08165607,Azule 1,TaskName 6/10/2024,Wheat (Durum),9070,6/10/2024,1.001,On,1292.6,4.488,11.27,3.634,5.34,10.48,271.31,4.915,4.961,6.8,1,297.66,9025.1,9025.1,150.42,150.42,1.979,6/10/2024
-111.7110943,33.08165665,Azule 1,TaskName 6/10/2024,Wheat (Durum),9071,6/10/2024,1,On,1292.6,4.488,11.27,3.684,5.363,10.38,271.69,5.083,4.902,6.839,1,294.13,8871.1,8871.1,147.85,147.85,1.989,6/10/2024
-111.7111119,33.08165712,Azule 1,TaskName 6/10/2024,Wheat (Durum),9072,6/10/2024,0.999,On,1292.6,4.488,11.27,3.647,5.393,10.66,271.61,4.904,5.084,6.9,1,305.07,9141.3,9141.3,152.35,152.35,2.002,6/10/2024
-111.7111294,33.08165676,Azule 1,TaskName 6/10/2024,Wheat (Durum),9073,6/10/2024,1,On,1292.7,4.488,11.27,3.619,5.363,10.61,270.69,4.896,4.907,6.9,1,294.44,8880.3,8880.3,148,148,1.989,6/10/2024
-111.7111469,33.08165661,Azule 1,TaskName 6/10/2024,Wheat (Durum),9074,6/10/2024,1.001,On,1292.6,4.488,11.27,3.666,5.367,10.67,270.32,4.832,4.899,6.9,1,293.95,8868.8,8868.8,147.81,147.81,1.989,6/10/2024
-111.7111645,33.08165688,Azule 1,TaskName 6/10/2024,Wheat (Durum),9075,6/10/2024,0.999,On,1292.7,4.488,11.27,3.649,5.376,10.45,270.57,4.506,4.85,6.86,1,291.01,8746.6,8746.6,145.78,145.78,1.996,6/10/2024
-111.7111821,33.08165628,Azule 1,TaskName 6/10/2024,Wheat (Durum),9076,6/10/2024,1,On,1292.6,4.488,11.27,3.716,5.393,10.35,269.49,4.035,4.502,6.76,1,270.1,8101.7,8101.7,135.03,135.03,2,6/10/2024
-111.7111996,33.0816558,Azule 1,TaskName 6/10/2024,Wheat (Durum),9077,6/10/2024,1.001,On,1292.6,4.488,11.77,3.633,5.357,10.73,269.16,4.317,4.05,6.7,1,242.99,7345,7345,122.42,122.42,1.985,6/10/2024
-111.711217,33.08165568,Azule 1,TaskName 6/10/2024,Wheat (Durum),9078,6/10/2024,1,On,1292.7,4.488,11.77,3.592,5.35,10.15,269.18,4.434,4.317,6.7,1,258.99,7830.4,7830.4,130.51,130.51,1.985,6/10/2024
-111.7112345,33.08165447,Azule 1,TaskName 6/10/2024,Wheat (Durum),9079,6/10/2024,1,On,1292.8,4.488,12.27,3.658,5.35,10.67,267.91,4.013,4.413,6.66,1,264.8,8006,8006,133.43,133.43,1.985,6/10/2024
-111.711252,33.0816541,Azule 1,TaskName 6/10/2024,Wheat (Durum),9080,6/10/2024,0.999,On,1292.7,3.99,12.02,3.683,5.37,10.41,268.27,3.715,4.029,6.56,1,241.76,8184.8,8184.8,136.41,136.41,1.772,6/10/2024
-111.7112694,33.08165395,Azule 1,TaskName 6/10/2024,Wheat (Durum),9081,6/10/2024,1.001,On,1292.8,4.488,12.27,3.637,5.321,10.5,268.69,4.492,3.699,6.54,1,221.92,6753.6,6753.6,112.56,112.56,1.972,6/10/2024
-111.7112869,33.08165388,Azule 1,TaskName 6/10/2024,Wheat (Durum),9082,6/10/2024,0.999,On,1292.8,4.488,12.27,3.683,5.363,10.25,268.9,4.698,4.505,6.719,1,270.32,8144.7,8144.7,135.75,135.75,1.991,6/10/2024
-111.7113042,33.08165332,Azule 1,TaskName 6/10/2024,Wheat (Durum),9083,6/10/2024,0.996,On,1292.8,3.99,12.52,3.615,5.301,10.79,268.69,4.508,4.705,6.86,1,282.29,9652,9652,160.87,160.87,1.755,6/10/2024
-111.7113217,33.0816527,Azule 1,TaskName 6/10/2024,Wheat (Durum),9084,6/10/2024,1,On,1292.8,4.488,12.77,3.606,5.35,10.83,268.38,4.435,4.489,6.8,1,269.31,8142.4,8142.4,135.71,135.71,1.985,6/10/2024
-111.7113393,33.08165257,Azule 1,TaskName 6/10/2024,Wheat (Durum),9085,6/10/2024,1.004,On,1292.8,4.488,12.77,3.686,5.393,10.26,268.84,4.459,4.431,6.8,1,265.85,8005.9,8005.9,133.43,133.43,1.992,6/10/2024
-111.7113566,33.08165259,Azule 1,TaskName 6/10/2024,Wheat (Durum),9086,6/10/2024,1,On,1292.8,4.488,12.77,3.688,5.308,10.72,269.18,4.356,4.484,6.8,1,269.06,8200,8200,136.67,136.67,1.969,6/10/2024
-111.7113741,33.08165256,Azule 1,TaskName 6/10/2024,Wheat (Durum),9087,6/10/2024,1,On,1292.8,4.488,12.77,3.627,5.354,10.7,269.45,4.406,4.356,6.84,1,261.37,7897.5,7897.5,131.63,131.63,1.986,6/10/2024
-111.7113916,33.08165217,Azule 1,TaskName 6/10/2024,Wheat (Durum),9088,6/10/2024,1,On,1292.9,3.99,13.02,3.585,5.36,10.72,269.17,4.502,4.406,6.9,1,264.34,8974.6,8974.6,149.58,149.58,1.767,6/10/2024
-111.7114091,33.08165214,Azule 1,TaskName 6/10/2024,Wheat (Durum),9089,6/10/2024,1.001,On,1292.9,4.488,12.77,3.723,5.36,10.59,269.39,4.691,4.497,6.9,1,269.85,8151.7,8151.7,135.86,135.86,1.986,6/10/2024
-111.7114265,33.0816522,Azule 1,TaskName 6/10/2024,Wheat (Durum),9090,6/10/2024,0.999,On,1292.8,4.488,12.77,3.654,5.347,10.73,269.7,4.635,4.693,6.94,1,281.61,8510.8,8510.8,141.85,141.85,1.985,6/10/2024
-111.711444,33.0816524,Azule 1,TaskName 6/10/2024,Wheat (Durum),9091,6/10/2024,0.996,On,1292.9,4.488,12.77,3.582,5.333,10.44,270.02,4.308,4.644,7.079,1,278.66,8418.9,8418.9,140.31,140.31,1.986,6/10/2024
-111.7114617,33.08165229,Azule 1,TaskName 6/10/2024,Wheat (Durum),9092,6/10/2024,1.004,On,1292.8,4.488,12.77,3.716,5.425,10.55,269.9,4.699,4.308,7.04,1,258.48,7738.7,7738.7,128.98,128.98,2.004,6/10/2024
-111.7114792,33.08165205,Azule 1,TaskName 6/10/2024,Wheat (Durum),9093,6/10/2024,1,On,1292.8,4.488,12.77,3.697,5.346,10.24,269.63,4.728,4.691,6.72,1,281.47,8516.9,8516.9,141.95,141.95,1.983,6/10/2024
-111.7114968,33.08165207,Azule 1,TaskName 6/10/2024,Wheat (Durum),9094,6/10/2024,1,On,1292.8,4.488,12.77,3.639,5.382,10.64,269.72,4.498,4.752,6.559,1,285.11,8569.2,8569.2,142.82,142.82,1.996,6/10/2024
-111.7115138,33.08165167,Azule 1,TaskName 6/10/2024,Wheat (Durum),9095,6/10/2024,1,On,1292.9,3.99,13.02,3.538,5.215,10.46,269.3,4.67,4.484,6.5,1,269.06,9389.6,9389.6,156.49,156.49,1.719,6/10/2024
-111.7115311,33.08165088,Azule 1,TaskName 6/10/2024,Wheat (Durum),9096,6/10/2024,0.996,On,1292.9,3.99,13.52,3.58,5.3,10.63,268.58,4.76,4.666,6.5,1,279.94,9573.5,9573.5,159.56,159.56,1.754,6/10/2024
-111.7115479,33.08165057,Azule 1,TaskName 6/10/2024,Wheat (Durum),9097,6/10/2024,1,On,1292.9,3.99,13.52,3.615,5.126,9.931,268.55,4.408,4.781,6.5,1,286.86,10184,10184,169.73,169.73,1.69,6/10/2024
-111.7115634,33.08165096,Azule 1,TaskName 6/10/2024,Wheat (Durum),9098,6/10/2024,0.999,On,1292.8,4.488,13.27,3.292,4.732,10.35,269.45,3.806,4.393,6.5,1,263.6,9001.1,9001.1,150.02,150.02,1.757,6/10/2024
-111.7115781,33.08165157,Azule 1,TaskName 6/10/2024,Wheat (Durum),9099,6/10/2024,1.001,On,1292.9,4.488,13.27,3.069,4.516,9.969,270.23,2.386,3.868,6.5,1,232.1,8322.1,8322.1,138.7,138.7,1.673,6/10/2024
-111.7115931,33.08165204,Azule 1,TaskName 6/10/2024,Wheat (Durum),9100,6/10/2024,1.005,On,1292.8,4.488,12.77,3.152,4.581,10.66,270.75,2.829,2.376,6.5,1,142.58,5059.5,5059.5,84.32,84.32,1.691,6/10/2024
-111.7116068,33.08165257,Azule 1,TaskName 6/10/2024,Wheat (Durum),9101,6/10/2024,0.995,On,1292.9,4.488,12.77,2.927,4.191,9.356,271.12,3.663,2.807,6.5,1,168.41,6467.4,6467.4,107.79,107.79,1.562,6/10/2024
-111.7116198,33.0816534,Azule 1,TaskName 6/10/2024,Wheat (Durum),9102,6/10/2024,0.999,On,1292.8,4.987,12.02,2.807,3.991,9.864,271.85,3.497,3.657,6.5,1,219.39,7995.3,7995.3,133.25,133.25,1.646,6/10/2024
-111.7116322,33.08165381,Azule 1,TaskName 6/10/2024,Wheat (Durum),9103,6/10/2024,1.001,On,1292.8,5.486,11.77,2.639,3.794,9.457,271.94,3.022,3.549,6.5,1,212.96,7436.3,7436.3,123.94,123.94,1.718,6/10/2024
-111.7116436,33.08165405,Azule 1,TaskName 6/10/2024,Wheat (Durum),9104,6/10/2024,0.995,On,1292.8,4.987,12.02,2.382,3.489,9.371,271.78,2.739,3.034,6.5,1,182.03,7557.6,7557.6,125.96,125.96,1.445,6/10/2024
-111.7116543,33.08165402,Azule 1,TaskName 6/10/2024,Wheat (Durum),9105,6/10/2024,1.004,On,1292.9,4.987,12.02,2.275,3.272,8.927,271.29,1.696,2.738,6.5,1,164.28,7337.8,7337.8,122.3,122.3,1.343,6/10/2024
-111.7116649,33.08165391,Azule 1,TaskName 6/10/2024,Wheat (Durum),9106,6/10/2024,1,On,1292.9,4.488,12.27,2.237,3.223,9.502,270.89,0.568,1.723,6.5,1,103.39,5188.6,5188.6,86.48,86.48,1.196,6/10/2024
